CAS_RN,Frequency,STRESSOR_NAME,INCHIKEY_STANDARD
100-41-4,NA,Etylbenzen,YNQLUTRBYVCPMQ-UHFFFAOYSA-N
100-42-5,NA,Styren,PPBRXRYQALVLMV-UHFFFAOYSA-N
100-75-4,NA,N-nitrosopiperidin,UWSDONTXWQOZFN-UHFFFAOYSA-N
10081-67-1,NA,"4,4'-Bis(1,1-dimetylbenzyl)difenylamin",UJAWGGOCYUPCPS-UHFFFAOYSA-N
101043-37-2,NA,Mikrocystin-LR,ZYZCGGRZINLQBL-GWRQVWKTSA-N
101-37-1,NA,Triallylcyanurat,BJELTSYBAHKXRW-UHFFFAOYSA-N
101686-49-1,NA,"indeno(1,2,3-cd)perylen",YTUILTQRCVAYNB-UHFFFAOYSA-N
101-77-9,NA,"4,4'-Metmylendianilin",YBRVSVVVWCFQMG-UHFFFAOYSA-N
1024-57-3,NA,Heptaklorepoksid,ZXFXBSWRVIQKOD-UOFFAGTMSA-N
1025-15-6,NA,Triallyl isocyanurat,KOMNUTZXSVSERR-UHFFFAOYSA-N
103-90-2,NA,Paracetamol (legemiddel),RZVAJINKPMORJF-UHFFFAOYSA-N
10396-80-2,NA,"2,6-ditert-butyl-4-metyl-4-hydroksybenzen-1(4H)-on (BHT-quinol)",DQBHJILNHNRDTM-UHFFFAOYSA-N
104-35-8,NA,4-Nonylfenol monoetoksylat (NP1EO),KUXGUCNZFCVULO-UHFFFAOYSA-N
104-40-5,NA,4-n-Nonylfenol,IGFHQQFPSIBGKE-UHFFFAOYSA-N
104-43-8,NA,4-dodecylfenol,KJWMCPYEODZESQ-UHFFFAOYSA-N
104653-34-1,NA,Difetialone,VSVAQRUUFVBBFS-UHFFFAOYSA-N
10482-56-1,NA,alfa-Terpineol,WUOACPNHFRMFPN-SECBINFHSA-N
10540-29-1,NA,Tamoksifen (legemiddel),NKANXQFJJICGDU-QPLCGJKRSA-N
105-67-9,NA,"2,4-dimetylfenol",KUFFULVDNCHOFZ-UHFFFAOYSA-N
10595-95-6,NA,N-nitrosometyletylamin,RTDCJKARQCRONF-UHFFFAOYSA-N
106-42-3,NA,p-Xylen,URLKBWYHVLBVBO-UHFFFAOYSA-N
106-44-5,NA,p-Cresol,IWDCLRJOBJJRNH-UHFFFAOYSA-N
106-46-7,NA,"1,4-diklorbenzen",OCJBOOLMMGQPQU-UHFFFAOYSA-N
106-48-9,NA,4-klorfenol,WXNZTHHGJRFXKQ-UHFFFAOYSA-N
106-93-4,NA,"1,2-dibrometan",PAAZPARNPHGIKF-UHFFFAOYSA-N
107-06-2,NA,"1,2-dikloretan",WSLDOOZREJYCGB-UHFFFAOYSA-N
107-21-1,NA,Glykol,LYCAIKOWRPUZTN-UHFFFAOYSA-N
107-46-0,NA,Heksametyldisiloksan (MM),UQEAIHBTYFGYIE-UHFFFAOYSA-N
107-50-6,NA,Tetradekametylsykloheptasiloksan (D7),GSANOGQCVHBHIF-UHFFFAOYSA-N
107-51-7,NA,Oktametyltrisiloksan (L3),CXQXSVUQTKDNFP-UHFFFAOYSA-N
108-38-3,NA,m-Xylen,IVSZLXZYQVIEFR-UHFFFAOYSA-N
108-39-4,NA,m-Cresol,RLSSMJSEOOYNOY-UHFFFAOYSA-N
108-43-0,NA,3-klorfenol,HORNXRXVQWOLPJ-UHFFFAOYSA-N
108-67-8,NA,"1,3,5-trimetylbenzen",AUHZEENZYGFFBQ-UHFFFAOYSA-N
108-68-9,NA,"3,5-dimetylfenol",TUAMRELNJMMDMT-UHFFFAOYSA-N
108-70-3,NA,"1,3,5-triklorbenzen",XKEFYDZQGKAQCN-UHFFFAOYSA-N
108-88-3,NA,Toluen,YXFVVABEGXRONW-UHFFFAOYSA-N
108-90-7,NA,Klorbenzen,MVPPADPHJFYWMZ-UHFFFAOYSA-N
108-95-2,NA,Fenol,ISWSIDIOOBJBQZ-UHFFFAOYSA-N
110-85-0,NA,Piperazin,GLUUGHFHXGJENI-UHFFFAOYSA-N
1116-54-7,NA,N-nitrosodietanolamin,YFCDLVPYFMHRQZ-UHFFFAOYSA-N
112-18-5,NA,"N,N-Dimetyldodecylamin",YWFWDNVOPHGWMX-UHFFFAOYSA-N
112-69-6,NA,"N,N-Dimetylheksadecylamin",NHLUVTZJQOJKCC-UHFFFAOYSA-N
112-75-4,NA,"N,N-dimetyltetradecylamin",SFBHPFQSSDCYSL-UHFFFAOYSA-N
113507-82-7,NA,Perfluor(2-etoksyetan)sulfonsyre,RJGUAQKOHAABLK-UHFFFAOYSA-N
114977-28-5,NA,Docetaxel (legemiddel),ZDZOTLJHXYCWBA-VCVYQWHSSA-N
115-27-5,NA,Klorendik anhydrid,FLBJFXNAEMSXGL-UHFFFAOYSA-N
115-29-7,NA,Endosulfan,RDYMFSUJUZBWLH-UHFFFAOYSA-N
115-32-2,NA,Dicofol,UOAMTSKGCBMZTC-UHFFFAOYSA-N
115-86-6,NA,Trifenylfosfat (TPhP),XZZNDPSIHUTMOC-UHFFFAOYSA-N
115-96-8,NA,Tri(2-kloroetyl)fosfat (TCEP),HQUQLFOMPYWACS-UHFFFAOYSA-N
115-99-1,NA,Linalylformat,JZOCDHMHLGUPFI-UHFFFAOYSA-N
1160294-93-8,NA,N-(4-Bromfenyl)-4-difenylamin,RDSXVQDXXSPFHG-UHFFFAOYSA-N
1163-19-5,NA,PBDE209,WHHGLZMJPXIBIX-UHFFFAOYSA-N
117-81-7,NA,Bis(2-etylheksyl)ftalat,BJQHLKABXJIVAM-UHFFFAOYSA-N
117-82-8,NA,Bis(2-metoksyetyl)ftalat,HSUIVCLOAAJSRE-UHFFFAOYSA-N
117-83-9,NA,Bis(2-butoksyetyl)ftalat,CMCJNODIWQEOAI-UHFFFAOYSA-N
117-84-0,NA,Dioktylftalat,MQIUGAXCHLFZKX-UHFFFAOYSA-N
117948-63-7,NA,PBDE184,JHDCZVAQPRXHEL-UHFFFAOYSA-N
117964-21-3,NA,PBDE197,AAFUUKPTSPVXJH-UHFFFAOYSA-N
118-56-9,NA,Homosalat,WSSJONWNBBTCMG-UHFFFAOYSA-N
118-74-1,NA,Heksaklorbenzen,CKAPSXZOOQJIBF-UHFFFAOYSA-N
118-79-6,NA,Tribromfenol,BSWWXRFVMJHFBN-UHFFFAOYSA-N
118-82-1,NA,"4,4'-Metylen bis(2,6-ditertbutylfenol)",MDWVSAYEQPLWMX-UHFFFAOYSA-N
119-47-1,NA,Antioksidant 2246,KGRVJHAUYBGFFP-UHFFFAOYSA-N
119791-41-2,NA,Emamektin,CXEGAUYXQAKHKJ-APFPJSSDSA-N
12002-48-1,NA,Sum triklorbenzener (alle isomere),NA
120-12-7,NA,Antracen,MWPLVEDNUUSJAV-UHFFFAOYSA-N
120226-60-0,NA,"1H,1H,2H,2H-perfluordodekansulfonsyre (10:2 FTS)",AJMAYLFJZQYRHN-UHFFFAOYSA-N
120-36-5,NA,Diklorprop,MZHCENGPTKEIGP-UHFFFAOYSA-N
120442-40-2,NA,"1,3-DPMA",BUHVIAUBTBOHAG-DXOKPZAMSA-N
120-46-7,NA,Dibenzoylmetan,NZZIMKJIVMHWJC-UHFFFAOYSA-N
120-47-8,NA,Etylparaben,NUVBSKCKDOMJSU-UHFFFAOYSA-N
120-75-2,NA,2-Metylbenzotiazol,DXYYSGDWQCSKKO-UHFFFAOYSA-N
120-78-5,NA,"2,2'-Ditiobisbenzotiazol",AFZSMODLJJCVPP-UHFFFAOYSA-N
120-82-1,NA,"1,2,4-triklorbenzen",PBKONEOXTCPAFI-UHFFFAOYSA-N
120-83-2,NA,"2,4-diklorfenol",HFZWRUODUSTPEG-UHFFFAOYSA-N
120-95-6,NA,"2,4-di-tert-pentylfenol",WMVJWKURWRGJCI-UHFFFAOYSA-N
121-00-6,NA,3-tert-butyl-4-hydroksyanisol,MRBKEAMVRSLQPH-UHFFFAOYSA-N
122-34-9,NA,Simazin,ODCWYMIRDDJXKW-UHFFFAOYSA-N
123-07-9,NA,4-etylfenol,HXDOZKJGKXYMEW-UHFFFAOYSA-N
1239666-60-4,NA,2-metyl-2-(nitroamino)-1-propanol,WTIFXEKZEYZXMJ-UHFFFAOYSA-N
12408-10-5,NA,Sum tetraklorbenzen (alle isomere),NA
1241-94-7,NA,2-Etylhexyldifenylfosfat (EHDPP),CGSLYBDCEGBZCG-UHFFFAOYSA-N
124-28-7,NA,"N,N-dimethyloctadecan-1-amine",NAPSCFZYZVSQHF-UHFFFAOYSA-N
124495-18-7,NA,Quinoxyfen,WRPIRSINYZBGPK-UHFFFAOYSA-N
124-68-5,NA,2-Amino-2-metylpropanol,CBTVGIZVANVGBH-UHFFFAOYSA-N
126-71-6,NA,Triisobutylfosfat (TIBP),HRKAMJBPFPHCSD-UHFFFAOYSA-N
126-73-8,NA,Tributylfosfat (TBP),STCOOQWBFONSKY-UHFFFAOYSA-N
127-18-4,NA,"1,1,2,2-Tetrakloreten",CYTYCFOTNPOANT-UHFFFAOYSA-N
127-54-8,NA,Bisfenol G,IJWIRZQYWANBMP-UHFFFAOYSA-N
127-91-3,NA,beta-Pinen,WTARULDDTDQWMU-UHFFFAOYSA-N
128-37-0,NA,Butylert hydroksytoluen (BHT),NLZUEZXRPGMBCV-UHFFFAOYSA-N
128-39-2,NA,"2,6-ditert-butylfenol",DKCPKDPYUFEZCP-UHFFFAOYSA-N
128-63-2,NA,Tetrabrompyren,ZKBKRTZIYOKNRG-UHFFFAOYSA-N
129-00-0,NA,Pyren,BBEAQIROQSPTKN-UHFFFAOYSA-N
129188-99-4,NA,Bisfenol TMC,UMPGNGRIGSEMTC-UHFFFAOYSA-N
13014-24-9,NA,"3,4-DCBTC",ATYLRBXENHNROH-UHFFFAOYSA-N
131-11-3,NA,Dimetylftalat,NIQCNGHVCWTJSM-UHFFFAOYSA-N
131-16-8,NA,Dipropylftalat,MQHNKCZKNAJROC-UHFFFAOYSA-N
131-18-0,NA,Dipentylftalat,IPKKHRVROFYTEK-UHFFFAOYSA-N
1314-56-3,NA,Fosforpentoksid (P2O5),YWEUIGNSBFLMFL-UHFFFAOYSA-N
131-57-7,NA,Benzofenon-3,DXGLGDHPHMLXJC-UHFFFAOYSA-N
1321-64-8,NA,Pentaklornaftalen,JRZKNHITLINYHV-UHFFFAOYSA-N
1321-65-9,NA,Triklornaftalen,QEPTXDCPBXMWJC-UHFFFAOYSA-N
1321-94-4,NA,C1-Naftalener,NA
1322-98-1,NA,Decylbenzensulfonat (C10),RLJSXMVTLMHXJS-UHFFFAOYSA-M
13252-13-6,NA,Heksafluorpropylenoksid dimersyre (HFPO-DA),CSEBNABAWMZWIF-UHFFFAOYSA-N
13252-14-7,NA,"Perfluor-2,5-dimetyl-3,6-dioksanonansyre",OIVQVBDAMYDDEM-UHFFFAOYSA-N
132-64-9,NA,Dibenzofuran,TXCDCPKCNAJMEE-UHFFFAOYSA-N
132-65-0,NA,Dibenzotiofen,IYYZUPMFVPLQIF-UHFFFAOYSA-N
1330-20-7,NA,Xylen (sum alle isomerer),NA
1330-78-5,NA,Trikresylfosfat (TCrP),BOSMZFBHAYFUBJ-UHFFFAOYSA-N
13345-21-6,NA,3-Hydroksybenzo[a]pyren,SPUUWWRWIAEPDB-UHFFFAOYSA-N
1335-87-1,NA,Heksaklornaftalen,CTLMCQOGOWNFHA-UHFFFAOYSA-N
1335-88-2,NA,Tetraklornaftalen,NAQWICRLNQSPPW-UHFFFAOYSA-N
1336-36-3,NA,Sum PCB (må spesifiseres),NA
134237-50-6,NA,a-HBCDD,DEIGXXQKDWULML-PQTSNVLCSA-N
134237-51-7,NA,b-HBCDD,DEIGXXQKDWULML-UFVWWTPHSA-N
134237-52-8,NA,g-HBCDD,DEIGXXQKDWULML-MOCCIAMBSA-N
134523-00-5,NA,Atorvastatin (legemiddel),XUKUURHRXDUEBC-KAYWLYCHSA-N
13466-78-9,NA,3-Caren,BQOFWKZOCNGFEC-UHFFFAOYSA-N
13494-80-9,NA,Tellur,PORWMNRCUJJQNO-UHFFFAOYSA-N
135-57-9,NA,"N,N'-ditiodi-o-fenylenedibenzamid",ZHMIOPLMFZVSHY-UHFFFAOYSA-N
135590-91-9,NA,Mefenpyr-dietyl,OPGCOAPTHCZZIW-UHFFFAOYSA-N
13560-89-9,NA,Dekloran A,UGQQAJOWXNCOPY-UHFFFAOYSA-N
13560-90-2,NA,Dekloran 601,COOHPPAZRZIWHM-UHFFFAOYSA-N
13560-91-3,NA,Klorden Plus,FUVVGRBPINDFIQ-UHFFFAOYSA-N
13560-92-4,NA,Dekloran 603,WSEXCYJMFQVEIN-UHFFFAOYSA-N
135821-03-3,NA,Dekloran Plus syn,UGQQAJOWXNCOPY-MXYLTYEXSA-N
135821-04-4,NA,"1,5-DPMA",NA
135821-74-8,NA,Dekloran Plus anti,UGQQAJOWXNCOPY-VBCJEVMVSA-N
13595-25-0,NA,Bisfenol M,PVFQHGDIOXNKIC-UHFFFAOYSA-N
13654-09-6,NA,PBB209,AQPHBYQUCKHJLT-UHFFFAOYSA-N
136677-10-6,NA,Sum PCDF,NA
13674-84-5,NA,Tri(1-klor-2-propyl) fosfat,KVMPUXDNESXNOH-UHFFFAOYSA-N
13674-87-8,NA,"Tri(1,3-diklor-2-propyl) fosfat (TDCP)",ASLWPAWFJZFCKF-UHFFFAOYSA-N
136-95-8,NA,Bensotiasol-2-ylamin,UHGULLIUJBCTEF-UHFFFAOYSA-N
1379460-34-0,NA,Perfluorpentadekanesulfonsyre (PFPeS)(,XEMFUSUHNOPSDA-UHFFFAOYSA-N
1379460-39-5,NA,Perfluortetradekansulfonsyre (PFTS),APTHHQMMNKGQCK-UHFFFAOYSA-N
138724-53-5,NA,IN-70941,YKUAHBLGZCTWPS-UHFFFAOYSA-N
13966-00-2,NA,Kalium-40,ZLMJMSJWJFRBEC-OUBTZVSYSA-N
13966-29-5,NA,Uran-234,JFALSRSLKYAFGM-AHCXROLUSA-N
140-66-9,NA,4-tert-Oktylfenol,ISAVYTVYFVQUDY-UHFFFAOYSA-N
141074-63-7,NA,Perfluorpentadekansyre (PFPeDA),BJNCSIWIMCWIMS-UHFFFAOYSA-N
141-43-5,NA,Monoetanolamin,HZAXFHJVJLSVMW-UHFFFAOYSA-N
141-62-8,NA,Dekametyltetrasiloksan (L4),YFCGDEUVHLPRCZ-UHFFFAOYSA-N
141-63-9,NA,Dodekametylpentasiloksan (L5),FBZANXDWQAVSTQ-UHFFFAOYSA-N
141-83-3,NA,Guanylurea (legemiddel),SQSPRWMERUQXNE-UHFFFAOYSA-N
1421-49-4,NA,"3,5-ditert-butyl-4-hydroksybenzosyre",YEXOWHQZWLCHHD-UHFFFAOYSA-N
14255-04-0,NA,Bly-210,WABPQHHGFIMREM-AKLPVKDBSA-N
145413-90-7,NA,OH-PCB146,KVRQWFNZIYFJRU-UHFFFAOYSA-N
1461-25-2,NA,Tetrabutyltinn (TTBT),AFCAKJKUYFLYFK-UHFFFAOYSA-N
14698-29-4,NA,Oksolinsyre,KYGZCKSPAKDVKC-UHFFFAOYSA-N
147217-75-2,NA,PBDE17,VYBFILXLBMWOLI-UHFFFAOYSA-N
147217-80-9,NA,PBDE35,CDVYKQPKJYPWRO-UHFFFAOYSA-N
1478-61-1,NA,Bisfenol AF,ZFVMWEVVKGLCIJ-UHFFFAOYSA-N
14797-55-8,NA,Nitrat,NHNBFGGVMKEFGY-UHFFFAOYSA-N
14797-65-0,NA,Nitritt,IOVCWXUNBOPUCH-UHFFFAOYSA-M
14798-03-9,NA,Ammonium,QGZKDVFQNNGYKY-UHFFFAOYSA-O
149246-64-0,NA,"1H,2H-perfluortetradekansulfonsyre (12:2 FTS)",HROXNRPVGFCRKZ-UHFFFAOYSA-N
149-30-4,NA,2-Mercaptobenzotiazol,YXIWHUQXZSMYRE-UHFFFAOYSA-N
149589-59-3,NA,OH-PCB138,IFMBZIUKIZYLED-UHFFFAOYSA-N
15117-96-1,NA,Uran-235,JFALSRSLKYAFGM-OIOBTWANSA-N
151-21-3,NA,Natriumdodecylsulfat,DBMJMQXJHONAFJ-UHFFFAOYSA-M
151331-80-5,NA,IN-70942,AFOZBVKCZXHDER-UHFFFAOYSA-N
151772-58-6,NA,"Perfluor-3,6-dioksaheptansyre (36O2-PFHpA)",PPWRLPJIHGWGFH-UHFFFAOYSA-N
1522-92-5,NA,Tribromneopentylalkohol,QEJPOEGPNIVDMK-UHFFFAOYSA-N
15231-44-4,NA,Dioktyltinn kation (DOT),IFYGUNVJGWHEBO-UHFFFAOYSA-N
15231-57-9,NA,Monooktyltinn kation (MOT),ZMHZSHHZIKJFIR-UHFFFAOYSA-N
15262-20-1,NA,Radium-228,HCWPIIXVSYCSAN-NJFSPNSNSA-N
152969-11-4,NA,OH-PCB107,WGNCTWHUJUDFCH-UHFFFAOYSA-N
153212-75-0,NA,6-Hydroksypaclitaxel (legemiddelrest),NDCWHEDPSFRTDA-FJMWQILYSA-N
153-61-7,NA,Cefalotin (legemiddel),XIURVHNZVLADCM-IUODEOHRSA-N
15438-31-0,NA,Jern(II),CWYNVVGOOAEACU-UHFFFAOYSA-N
1546-95-8,NA,7H-dodekafluorheptansyre (HPFHpA),JZHDEEOTEUVLHR-UHFFFAOYSA-N
154702-15-5,NA,Iscotrizinol (UV-310),OSCJHTSDLYVCQC-UHFFFAOYSA-N
156-59-2,NA,"cis-1,2-dikloreten",KFUSEUYYWQURPO-UPHRSURJSA-N
156-60-5,NA,"trans-1,2-dikloreten",KFUSEUYYWQURPO-OWOJBTEDSA-N
1571-75-1,NA,Bisfenol AP,VOWWYDCFAISREI-UHFFFAOYSA-N
15721-78-5,NA,"4,4'-di-tert-oktyldifenylamin",GQBHYWDCHSZDQU-UHFFFAOYSA-N
1576-67-6,NA,"3,6-dimetylfenantren",OMIBPZBOAJFEJS-UHFFFAOYSA-N
158076-63-2,NA,OH-PCB159,PZAKBNHYWBSZAF-UHFFFAOYSA-N
158076-64-3,NA,OH-PCB172,NMAGXCAAKZMNOI-UHFFFAOYSA-N
158076-68-7,NA,OH-PCB187,RPXRFGDJHIVRSM-UHFFFAOYSA-N
158076-69-8,NA,OH-PCB180,JCUBQOKFGUXHFL-UHFFFAOYSA-N
1582-09-8,NA,Trifluralin,ZSDSQXJSNMTJDA-UHFFFAOYSA-N
15826-16-1,NA,Natriumlauretsulfat,ASEFUFIKYOCPIJ-UHFFFAOYSA-M
15950-66-0,NA,"2,3,4-triklorfenol",HSQFVBWFPBKHEB-UHFFFAOYSA-N
15972-60-8,NA,Alaklor,XCSGPAVHZFQHGE-UHFFFAOYSA-N
1620-98-0,NA,"3,5-ditert-butyl-4-hydroksybenzaldehyd",DOZRDZLFLOODMB-UHFFFAOYSA-N
1634-04-4,NA,Metyl tert-butyleter,BZLVMXJERCGZMT-UHFFFAOYSA-N
1643-20-5,NA,"N,N-Dimetyldodecylamin N-oksid",SYELZBGXAIXKHU-UHFFFAOYSA-N
16517-11-6,NA,Perfluoroktadekansyre (PFOcDA),ZTSDOGSKTICNPQ-UHFFFAOYSA-N
16606-02-3,NA,PCB31,VAHKBZSAUKPEOV-UHFFFAOYSA-N
1668-54-8,NA,"2-amino-4-metoksy-6-metyl-1,3,5-triazin (IN-A4098)",NXFQWRWXEYTOTK-UHFFFAOYSA-N
1691-99-2,NA,N-etyl perfluoroktansulfonamid etanol (N-EtFOSE),HUFHNYZNTFSKCT-UHFFFAOYSA-N
170946-11-9,NA,OH-PCB118,JROZAXVKMMXVBS-UHFFFAOYSA-N
17117-34-9,NA,3-Nitrobenzantron (3-NBA),QAJOWHGESRCVLY-UHFFFAOYSA-N
17202-41-4,NA,Perfluornonansulfonsyre (PFNS),CCLOSADEZDSARB-UHFFFAOYSA-N
172155-07-6,NA,"Perfluor-3,7-dimetyloktansyre (PF-3,7-DMOA)",KZUSAXRVIONPJU-UHFFFAOYSA-N
17301-53-0,NA,Behentrimonium chloride (ATAC-C22),YSJGOMATDFSEED-UHFFFAOYSA-M
1746-01-6,NA,TCDD (D48),HGUFODBRKLSHSI-UHFFFAOYSA-N
17540-75-9,NA,"2,6 ditert-butyl-4-sec-butylfenol (Vanox)",BFZOTKYPSZSDEV-UHFFFAOYSA-N
1763-23-1,NA,Perfluoroktansulfonsyre (PFOS),YFSUTJLHUFNCNZ-UHFFFAOYSA-N
177352-99-7,NA,(Z)-EHMC,YBGZDTIWKVFICR-RAXLEYEMSA-N
17928-28-8,NA,Metyltris(trimetylsiloksy)silan,RGMZNZABJYWAEC-UHFFFAOYSA-N
179324-69-7,NA,Bortezomib (legemiddel),GXJABQQUPOEUTA-RDJZCZTQSA-N
1806-26-4,NA,4-n-Oktylfenol,NTDQQZYCCIDJRK-UHFFFAOYSA-N
182346-21-0,NA,PBDE85,DMLQSUZPTTUUDP-UHFFFAOYSA-N
182677-30-1,NA,PBDE138,IZFQCEZFGCMHOM-UHFFFAOYSA-N
183658-27-7,NA,"2-Etylheksyl 2,3,4,5-tetrabrombenzoat",HVDXCGSGEQKWGB-UHFFFAOYSA-N
1844-01-5,NA,Bisfenol BP,BATCUENAARTUKW-UHFFFAOYSA-N
18540-29-9,NA,"Krom, seksverdig",JOPOVCBBYLSVDA-UHFFFAOYSA-N
189084-61-5,NA,PBDE66,DHUMTYRHKMCVAG-UHFFFAOYSA-N
189084-62-6,NA,PBDE71,COPAGYRSCJVION-UHFFFAOYSA-N
189084-63-7,NA,PBDE75,BWCNKMFFUGBFGB-UHFFFAOYSA-N
189084-64-8,NA,PBDE100,NSKIRYMHNFTRLR-UHFFFAOYSA-N
189084-66-0,NA,PBDE119,KXEOYBYEJCRPGB-UHFFFAOYSA-N
189084-67-1,NA,PBDE181,GVNRIAPLVGNZPL-UHFFFAOYSA-N
189084-68-2,NA,PBDE190,OUEYHQIMJGHOQN-UHFFFAOYSA-N
189-55-9,NA,"Dibenzo[a,i]pyren",TUGYIJVAYAHHHM-UHFFFAOYSA-N
189-64-0,NA,"Dibenzo[a,h]pyren",RXUSYFJGDZFVND-UHFFFAOYSA-N
191-24-2,NA,Benzo[ghi]perylen,GYFAGKUZYNFMBN-UHFFFAOYSA-N
192-65-4,NA,"Dibenzo[a,e]pyren",KGHMWBNEMFNJFZ-UHFFFAOYSA-N
192-97-2,NA,Benzo[e]pyren,TXVHTIQJNYSSKO-UHFFFAOYSA-N
193-39-5,NA,"Indeno[1,2,3-cd]pyren",SXQBHARYMNFBPS-UHFFFAOYSA-N
19408-74-3,NA,HxCDD (D70),LGIRBUBHIWTVCK-UHFFFAOYSA-N
1948-33-0,NA,2-tert-butylhydroquinon,BGNXCDMCOKJUMV-UHFFFAOYSA-N
198-55-0,NA,Perylen,CSHWQDPOILHKBI-UHFFFAOYSA-N
1987-50-4,NA,4-n-heptylfenol,KNDDEFBFJLKPFE-UHFFFAOYSA-N
20074-52-6,NA,Jern(III),VTLYFUHAOXGGBS-UHFFFAOYSA-N
20170-32-5,NA,"3-(3,5-ditert-butyl-4-hydroksyfenyl)propionsyre (Fenozansyre)",WPMYUUITDBHVQZ-UHFFFAOYSA-N
20268-51-3,NA,7-Nitrobenz[a]antracen (7-NBAA),KOPVBVBUIYTJBG-UHFFFAOYSA-N
203-12-3,NA,Benzo[ghi]fluoranten,YEIHPPOCKIHUQJ-UHFFFAOYSA-N
203-33-8,NA,Benzo[a]fluoranten,OQDXASJSCOTNQS-UHFFFAOYSA-N
20389-65-5,NA,Dibromaldrin,SUSUGGDVAULJNM-UHFFFAOYSA-N
20427-84-3,NA,4-Nonylfenol dietoksylat (NP2EO),BLXVTZPGEOGTGG-UHFFFAOYSA-N
2043-47-2,NA,"1H,1H,2H,2H-perfluorheksanol (4:2 FTOH)",JCMNMOBHVPONLD-UHFFFAOYSA-N
2051-24-3,NA,PCB209,ONXPZLFXDMAPRO-UHFFFAOYSA-N
205-82-3,NA,Benzo[j]fluoranten,KHNYNFUTFKJLDD-UHFFFAOYSA-N
2058-94-8,NA,Perfluorundekansyre (PFUnDA),SIDINRCMMRKXGQ-UHFFFAOYSA-N
205-99-2,NA,Benzo[b]fluoranten,FTOVXSOBNPWTSH-UHFFFAOYSA-N
206-44-0,NA,Fluoranten,GVEPBJHOBDJJJI-UHFFFAOYSA-N
207-08-9,NA,Benzo[k]fluoranten,HAXBIWFMXWRORI-UHFFFAOYSA-N
207122-15-4,NA,PBDE154,VHNPZYZQKWIWOD-UHFFFAOYSA-N
207122-16-5,NA,PBDE183,ILPSCQCLBHQUEM-UHFFFAOYSA-N
2081-08-5,NA,Bisfenol E,HCNHNBLSNVSJTJ-UHFFFAOYSA-N
2082-79-3,NA,"Oktadecyl 3-(3,5-ditert-butyl-4-hydroksyfenyl)propionat (Irganox)",SSDSCDGVMJFTEQ-UHFFFAOYSA-N
208-96-8,NA,Acenaftylen,HXGDTGSAIMULJN-UHFFFAOYSA-N
2116-84-9,NA,Polyfenylmetylsiloksan,LINXHFKHZLOLEI-UHFFFAOYSA-N
21245-02-3,NA,Oktyldimetyl-p-aminobenzoat,WYWZRNAHINYAEF-UHFFFAOYSA-N
21542-96-1,NA,"N,N-Dimetyldocosylamin",ICZKASVWFUJTEI-UHFFFAOYSA-N
2167-51-3,NA,Bisfenol P,GIXXQTYGFOHYPT-UHFFFAOYSA-N
217-59-4,NA,Trifenylen,SLGBZMMZGDRARJ-UHFFFAOYSA-N
218-01-9,NA,Crysen,WDECIBYCCFPHNR-UHFFFAOYSA-N
21850-44-2,NA,Tetrabromobisfenol A bis (dibrompropyl eter),LXIZRZRTWSDLKK-UHFFFAOYSA-N
22204-53-1,NA,Naproxen (legemiddel),CMWTZPSULFXXJA-VIFPVBQESA-N
2234-13-1,NA,Oktaklornaftalen,RTNLUFLDZOAXIC-UHFFFAOYSA-N
2245-38-7,NA,"2,3,5-trimetylnaftalen",JBXULKRNHAQMAS-UHFFFAOYSA-N
22967-92-6,NA,Metylkvikksølv,DBUXSCUEGJMZAE-UHFFFAOYSA-N
2315-61-9,NA,4-tert-Oktylfenol dietoksylat (OP2EO),LBCZOTMMGHGTPH-UHFFFAOYSA-N
2315-62-0,NA,4-tert-Oktylfenol trietoksylat (OP3EO),OLOHNJXENGJYTB-UHFFFAOYSA-N
2315-67-5,NA,4-tert-Oktylfenol monoetoksylat (OP1EO),JYCQQPHGFMYQCF-UHFFFAOYSA-N
23214-92-8,NA,Doksorubicin (legemiddel),AOJJSUZBOXZQNB-TZSSRYMLSA-N
2355-31-9,NA,N-metyl perfluoroktansulfonamido eddiksyre (Me-FOSAA),QNDHIRFIMVNHBN-UHFFFAOYSA-N
2385-85-5,NA,Dekloran (Mirex),GVYLCNUFSHDAAW-UHFFFAOYSA-N
238-84-6,NA,Benzo[a]fluoren,HKMTVMBEALTRRR-UHFFFAOYSA-N
23949-66-8,NA,2-Etoksy-2'-etyloksanilid (UV-312),YIMHRDBSVCPJOV-UHFFFAOYSA-N
2406-68-0,NA,Monofenyltinn kation (MPhT),JDWJZEXJARCHAT-UHFFFAOYSA-N
2425-77-6,NA,2-Heksyldekanol,XULHFMYCBKQGEE-UHFFFAOYSA-N
243-17-4,NA,Benzo[b]fluoren,HAPOJKSPCGLOOD-UHFFFAOYSA-N
2433-56-9,NA,1-Hydroksyfenantren,GTBXZWADMKOZQJ-UHFFFAOYSA-N
2437-79-8,NA,PCB47,QORAVNMWUNPXAO-UHFFFAOYSA-N
243982-82-3,NA,PBDE49,QWVDUBDYUPHNHY-UHFFFAOYSA-N
24448-09-7,NA,N-metyl perfluoroktansulfonamid etanol (N-MeFOSE),PLGACQRCZCVKGK-UHFFFAOYSA-N
2467-02-9,NA,"2,2'-Bisfenol F",MQCPOLNSJCWPGT-UHFFFAOYSA-N
2467-03-0,NA,"2,4'-Bisfenol F",LVLNPXCISNPHLE-UHFFFAOYSA-N
25013-16-5,NA,Butylert hydroksyanisol,MRBKEAMVRSLQPH-UHFFFAOYSA-N
25037-45-0,NA,Polykarbonat,PWULOAPIBVMKBN-UHFFFAOYSA-N
25038-54-4,NA,Polyamid 6 (Nylon 6),ALBYIUDWACNRRB-UHFFFAOYSA-N
25038-59-9,NA,Polyetylentereftalat,FYIBGDKNYYMMAG-UHFFFAOYSA-N
25154-52-3,NA,Nonylfenol,SNQQPOLDUKLAAF-UHFFFAOYSA-N
25155-23-1,NA,Trixylylfosfat,LLPMAOBOEQFPRE-UHFFFAOYSA-N
25155-30-0,NA,Dodecylbenzensulfonat (C12),HOXWFOVSCUWIEH-UHFFFAOYSA-M
25268-77-3,NA,2-[[(heptadekafluoroktyl)sulfonyl]metylamino]etyl akrylat) (N-MeFOSEA),GTPCZYUMOVUFSW-UHFFFAOYSA-N
2528-36-1,NA,Dibutylfenylfosfat (DBPhP),YICSVBJRVMLQNS-UHFFFAOYSA-N
2531-84-2,NA,2-metylfenantren,KANLOADZXMMCQA-UHFFFAOYSA-N
25321-22-6,NA,Sum diklorbenzen (alle isomere),RFFLAFLAYFXFSW-UHFFFAOYSA-N
25323-68-6,NA,Sum Triklorbifenyl,IUYHQGMDSZOPDZ-UHFFFAOYSA-N
25327-89-3,NA,"2,2',6,6'-Tetrabrombisfenol A diallyleter",PWXTUWQHMIFLKL-UHFFFAOYSA-N
25429-29-2,NA,Sum Pentaklorbifenyl,GGMPTLAAIUQMIE-UHFFFAOYSA-N
25637-99-4,NA,"1,3,5,7,9,11-HBCDD",LEOCKULGXOQRTQ-UHFFFAOYSA-N
25653-16-1,NA,"Tri(3,5-dimetylfenyl) fosfat",LLPMAOBOEQFPRE-UHFFFAOYSA-N
25973-55-1,NA,UV-328,ZMWRRFHBXARRRT-UHFFFAOYSA-N
26040-51-7,NA,Bis(2-etylheksyl)tetrabromftalat,UUEDINPOVKWVAZ-UHFFFAOYSA-N
2605-79-0,NA,"N,N-Dimetyldecylamin N-oksid",ZRKZFNZPJKEWPC-UHFFFAOYSA-N
26248-24-8,NA,Tridecylbenzensulfonat (C13),DUXXGJTXFHUORE-UHFFFAOYSA-M
26601-64-9,NA,Sum Heksaklorbifenyl,RUEIBQJFGMERJD-UHFFFAOYSA-N
26761-40-0,NA,Diisodecylftalat,ZVFDTKUVRCTHQE-UHFFFAOYSA-N
26787-78-0,NA,Amoksicillin (legemiddel),LSQZJLSUYDQPKJ-NJBDSQKTSA-N
26914-33-0,NA,Sum Tetraklorbifenyl,HLQDGCWIOSOMDP-UHFFFAOYSA-N
26967-76-0,NA,Tris(4-isopropylfenyl) fosfat,JFUPPPQAMSJQBF-UHFFFAOYSA-N
2706-90-3,NA,Perfluorpentansyre (PFPeA),CXZGQIAOTKWCDB-UHFFFAOYSA-N
2706-91-4,NA,Perfluorpentansulfonsyre (PFPS),ACEKLXZRZOWKRY-UHFFFAOYSA-N
2717-42-2,NA,"1,2,4-trimetylnaftalen",JCNGSJUYPCVGAM-UHFFFAOYSA-N
27176-93-8,NA,Nonylfenol dietoksylat,RRLGETDMEIMLQU-UHFFFAOYSA-N
27193-86-8,NA,Dodecylfenol,CYEJMVLDXAUOPN-UHFFFAOYSA-N
27304-13-8,NA,Oksyklordan,VWGNQYSIWFHEQU-KGEUUOKHSA-N
27344-41-8,NA,Tinopal (FB-351),PMPJQLCPEQFEJW-UHFFFAOYSA-L
2752-95-6,NA,Butyldifenylfosfat (DPhBP),DIBUFQMCUZYQKN-UHFFFAOYSA-N
27619-97-2,NA,"1H,1H,2H,2H-perfluoroktansulfonsyre (6:2 FTS)",VIONGDJUYAYOPU-UHFFFAOYSA-N
27636-75-5,NA,Undecylbenzensulfonat (C11),CZPODFALZXLJJI-UHFFFAOYSA-M
27776-01-8,NA,Benzyltoluen,PQTAUFTUHHRKSS-UHFFFAOYSA-N
27854-31-5,NA,"2H,2H-Perfluordekansyre (8:2 FTCA)",XTBXSCIWOVSSGB-UHFFFAOYSA-N
27986-36-3,NA,Nonylfenol monoetoksylat,IEORSVTYLWZQJQ-UHFFFAOYSA-N
28044-83-9,NA,trans-Heptaklorepoksid,ZXFXBSWRVIQKOD-WOBUKFROSA-N
2806-24-8,NA,Perfluoroktansulfonamid eddiksyre (FOSAA),AYLOUUCBACYHAB-UHFFFAOYSA-N
28159-98-0,NA,Irgarol,HDHLIWCXDDZUFH-UHFFFAOYSA-N
28299-41-4,NA,Ditolyleter,CYXMOAZSOPXQOD-UHFFFAOYSA-N
28553-12-0,NA,Diisononylftalat,HBGGXOJOCNVPFY-UHFFFAOYSA-N
28652-77-9,NA,C3-Naftalener,XYTKCJHHXQVFCK-UHFFFAOYSA-N
28655-71-2,NA,Sum Heptaklorbifenyl,PAYFWJAKKLILIT-UHFFFAOYSA-N
28772-56-7,NA,Bromadiolon,OWNRRUFOJXFKCU-UHFFFAOYSA-N
28804-88-8,NA,C2-Naftalener,QNLZIZAQLLYXTC-UHFFFAOYSA-N
29082-74-4,NA,Oktaklorstyren,RUYUCCQRWINUHE-UHFFFAOYSA-N
2921-88-2,NA,Klorpyrifos,SBPBAQFWLVIOKP-UHFFFAOYSA-N
29253-36-9,NA,Isopropylnaftalen,PMPBFICDXLLSRM-UHFFFAOYSA-N
2965-52-8,NA,SN-diPAP (FC 807),BZZAKKWGRKFWJJ-UHFFFAOYSA-N
29761-21-5,NA,Isodecyldifenylfosfat,RYUJRXVZSJCHDZ-UHFFFAOYSA-N
297730-93-9,NA,2-(Trifluormetyl)-3-etoksydodekafluorheksan,HHBBIOLEJRWIGU-UHFFFAOYSA-N
297-78-9,NA,Isobenzan,LRWHHSXTGZSMSN-UHFFFAOYSA-N
298-46-4,NA,Carbamazepin (legemiddel),FFGPTBGBLSHEPO-UHFFFAOYSA-N
2991-50-6,NA,N-etyl perfluoroktansulfonamid eddiksyre (Et-FOSAA),CKRXVVGETMYFIO-UHFFFAOYSA-N
30334-69-1,NA,Perfluorbutansulfonamid,FUVKFLJWBHVMHX-UHFFFAOYSA-N
307-24-4,NA,Perfluorheksansyre (PFHxA),PXUULQAPEKKVAH-UHFFFAOYSA-N
307-55-1,NA,Perfluordodekansyre (PFDoDA),CXGONMQFMIYUJR-UHFFFAOYSA-N
309-00-2,NA,Aldrin,QBYJBZPUGVGKQQ-SJJAEHHWSA-N
3091-25-6,NA,Monooktyltinntriklorid,INTLMJZQCBRQAT-UHFFFAOYSA-K
31107-44-5,NA,Dekloran 602,CDBKZZACXQLFMK-UHFFFAOYSA-N
3147-75-9,NA,UV-329,IYAZLDLPUNDVAG-UHFFFAOYSA-N
31506-32-8,NA,N-metyl oktansulfonamid (N-MeFOSA),SRMWNTGHXHOWBT-UHFFFAOYSA-N
31508-00-6,NA,PCB118,IUTPYMGCWINGEY-UHFFFAOYSA-N
3194-55-6,NA,"1,2,5,6,9,10-HBCDD",DEIGXXQKDWULML-UHFFFAOYSA-N
319-84-6,NA,a-HCH,JLYXXMFPNIAWKQ-UHFFFAOYSA-N
319-85-7,NA,b-HCH,JLYXXMFPNIAWKQ-UHFFFAOYSA-N
319-86-8,NA,d-HCH,JLYXXMFPNIAWKQ-UHFFFAOYSA-N
32228-99-2,NA,N-fenyl-4-difenylamin,YGNUPJXMDOFFDO-UHFFFAOYSA-N
32241-08-0,NA,Heptaklornaftalen,QYEGXUUXWMKHHS-UHFFFAOYSA-N
3236-71-3,NA,Bisfenol FL,YWFPGFJLYRKYJZ-UHFFFAOYSA-N
32388-55-9,NA,Acetylcedrene,YBUIAJZFOGJGLJ-SWRJLBSHSA-N
32534-81-9,NA,Sum PentaBDE,NA
32536-52-0,NA,Sum OktaBDE,ORYGKUIDIMIRNN-UHFFFAOYSA-N
32588-76-4,NA,Tetrabromtalimidetan,DYIZJUDNMOIZQO-UHFFFAOYSA-N
32598-10-0,NA,PCB66,RKLLTEAEZIJBAU-UHFFFAOYSA-N
32598-11-1,NA,PCB70,KENZYIHFBRWMOD-UHFFFAOYSA-N
32598-13-3,NA,PCB77,UQMGJOKDKOLIDP-UHFFFAOYSA-N
32598-14-4,NA,PCB105,WIDHRBRBACOVOY-UHFFFAOYSA-N
3268-87-9,NA,OCDD (D75),FOIBFBMSLDGNHL-UHFFFAOYSA-N
32690-93-0,NA,PCB74,TULCXSBAPHCWCF-UHFFFAOYSA-N
32774-16-6,NA,PCB169,ZHLICBPIXDOFFG-UHFFFAOYSA-N
3278-89-5,NA,TBP-AE (ATE),RZLLIOPGUFOWOD-UHFFFAOYSA-N
32886-97-8,NA,Pivmecillinam (legemiddel),NPGNOVNWUSPMDP-HLLBOEOZSA-N
330-54-1,NA,Diuron,XMTQQYYKAHVGBJ-UHFFFAOYSA-N
33069-62-4,NA,Paclitaxel (legemiddel),RCINICONZNJXQF-VAZQATRQSA-N
33213-65-9,NA,beta-Endosulfan,RDYMFSUJUZBWLH-LLXUDWAZSA-N
3322-93-8,NA,alfa-TBECH,PQRRSJBLKOPVJV-UHFFFAOYSA-N
3322-93-8,NA,beta-TBECH,PQRRSJBLKOPVJV-UHFFFAOYSA-N
3322-93-8,NA,gamma-TBECH,PQRRSJBLKOPVJV-UHFFFAOYSA-N
3332-27-2,NA,"N,N-dimetyltetradecylamin N-oksid",ONHFWHCMZAJCFB-UHFFFAOYSA-N
335-67-1,NA,Perfluoroktansyre (PFOA),SNGREZUHAYWORS-UHFFFAOYSA-N
335-76-2,NA,Perfluordekansyre (PFDA),PCIUEQPBYFRTEM-UHFFFAOYSA-N
335-77-3,NA,Perfluordekansulfonsyre (PFDS),HYWZIAVPBSTISZ-UHFFFAOYSA-N
337513-72-1,NA,PBDE203,RTUZOQFRIPIWPS-UHFFFAOYSA-N
3380-34-5,NA,Triclosan,XEFQLINVKFYRCS-UHFFFAOYSA-N
34123-59-6,NA,Isoproturon,PUIYMUZLKQOUOZ-UHFFFAOYSA-N
3424-82-6,NA,op'-DDE,ZDYJWDIWLRZXDB-UHFFFAOYSA-N
34432-92-3,NA,Solvent yellow 124,BATVZJPOLFSGTD-WCWDXBQESA-N
34571-16-9,NA,Dekloran 604,OFMIYVOTMGHOEI-UHFFFAOYSA-N
34598-33-9,NA,"2H,2H,3H,3H-perfluorundekansyre (H4PFUnA)",JZRCRCFPVAXHHQ-UHFFFAOYSA-N
35065-27-1,NA,PCB153,MVWHGTYKUMDIHL-UHFFFAOYSA-N
35065-28-2,NA,PCB138,RPUMZMSNLZHIGZ-UHFFFAOYSA-N
35065-29-3,NA,PCB180,WBHQEUPUMONIKF-UHFFFAOYSA-N
35065-30-6,NA,PCB170,RMPWIIKNWPVWNG-UHFFFAOYSA-N
35109-60-5,NA,TBP-DPBE (DPTE),QXWYPAKUEHGJSG-UHFFFAOYSA-N
35367-38-5,NA,Diflubenzuron,QQQYTWIFVNKMRW-UHFFFAOYSA-N
3542-36-7,NA,Dioktyltinndiklorid,SBOSGIJGEHWBKV-UHFFFAOYSA-L
355-46-4,NA,Perfluorheksansulfonsyre (PFHxS),QZHDEAJFRJCDMF-UHFFFAOYSA-N
355832-04-1,NA,Dimetyl-N-fenylfluorenamin,RFTRFDMRINNTSI-UHFFFAOYSA-N
35693-99-3,NA,PCB52,HCWZEPKLWVAEOV-UHFFFAOYSA-N
35694-08-7,NA,PCB194,DTMRKGRREZAYAP-UHFFFAOYSA-N
35822-46-9,NA,HpCDD (D73),WCLNVRQZUKYVAI-UHFFFAOYSA-N
35854-94-5,NA,PBDE156,HRSCBOSGEKXXSI-UHFFFAOYSA-N
36437-37-3,NA,UV-350,RTNVDKBRTXEWQE-UHFFFAOYSA-N
36483-60-0,NA,Sum HeksaBDE,YURCHLXPAGSJHU-UHFFFAOYSA-N
36643-28-4,NA,Tributyltinn kation (TBT),LSKGFBJLYWXIOF-UHFFFAOYSA-N
366791-32-4,NA,PBDE126,SJNIIWPIAVQNRK-UHFFFAOYSA-N
375-22-4,NA,Perfluorbutansyre (PFBA),YPJUNDFVDDCYIH-UHFFFAOYSA-N
375-73-5,NA,Perfluorbutansulfonsyre (PFBS),JGTNAGYHADQMCM-UHFFFAOYSA-N
375-85-9,NA,Perfluorheptansyre (PFHpA),ZWBAMYVPMDSJGQ-UHFFFAOYSA-N
375-92-8,NA,Perfluorheptansulfonsyre (PFHpS),OYGQVDSRYXATEL-UHFFFAOYSA-N
375-95-1,NA,Perfluornonansyre (PFNA),UZUFPBIDKMEQEQ-UHFFFAOYSA-N
376-06-7,NA,Perfluortetradekansyre (PFTeDA),RUDINRUXCKIXAJ-UHFFFAOYSA-N
376-72-7,NA,5H-Perfluorpentansyre (5H-PFPeA),VGFKXVSMDOKOJZ-UHFFFAOYSA-N
37680-65-2,NA,PCB18,DCMURXAZTZQAFB-UHFFFAOYSA-N
37680-73-2,NA,PCB101,LAHWLEDBADHJGA-UHFFFAOYSA-N
377-73-1,NA,Perfluor-3-metoksypropansyre (13-PFECA),AGIMOOYNBDLMJV-UHFFFAOYSA-N
37853-59-1,NA,"1,2-Bis(2,4,6-tribromfenoksy)etan",YATIGPZCMOYEGE-UHFFFAOYSA-N
38051-10-4,NA,V6,ZGHUDSLVQAGWEY-UHFFFAOYSA-N
38379-99-6,NA,PCB95,GXNNLIMMEXHBKV-UHFFFAOYSA-N
38380-01-7,NA,PCB99,LMQJBFRGXHMNOX-UHFFFAOYSA-N
38380-03-9,NA,PCB110,ARXHIJMGSIYYRZ-UHFFFAOYSA-N
38380-04-0,NA,PCB149,LKHLFUVHHXCNJH-UHFFFAOYSA-N
38380-07-3,NA,PCB128,BTAGRXWGMYTPBY-UHFFFAOYSA-N
38380-08-4,NA,PCB156,LCXMEXLGMKFLQO-UHFFFAOYSA-N
38411-25-5,NA,PCB174,ZDLMBNHYTPHDLF-UHFFFAOYSA-N
38444-81-4,NA,PCB26,ONNCPBRWFSKDMQ-UHFFFAOYSA-N
38444-86-9,NA,PCB33,RIMXLXBUOQMDHV-UHFFFAOYSA-N
38444-90-5,NA,PCB37,YZANRISAORXTHU-UHFFFAOYSA-N
3846-71-7,NA,UV-320,LHPPDQUVECZQSW-UHFFFAOYSA-N
3864-99-1,NA,UV-327,UWSMKYBKUPAEJQ-UHFFFAOYSA-N
3896-11-5,NA,UV-326,OCWYEMOEOGEQAN-UHFFFAOYSA-N
39001-02-0,NA,OCDF (F135),RHIROFAGUQOFLU-UHFFFAOYSA-N
39108-34-4,NA,"1H,1H,2H,2H-perfluordekansulfonsyre (8:2 FTS)",ALVYVCQIFHTIRD-UHFFFAOYSA-N
39227-28-6,NA,HxCDD (D66),WCYYQNSQJHPVMG-UHFFFAOYSA-N
39239-77-5,NA,"1H,1H,2H,2H-perfluortetradekan-1-ol (12:2 FTOH)",QBBJBWKVSJWYQK-UHFFFAOYSA-N
39635-31-9,NA,PCB189,XUAWBXBYHDRROL-UHFFFAOYSA-N
39635-32-0,NA,PCB111,QMUDLTGWHILKHH-UHFFFAOYSA-N
39765-80-5,NA,trans-Nonaklor,OCHOKXCPKDPNQU-FLVMBEMLSA-N
40088-47-9,NA,Sum TetraBDE,VIHUMJGEWQPWOT-UHFFFAOYSA-N
40186-72-9,NA,PCB206,JFIMDKGRGPNPRQ-UHFFFAOYSA-N
40321-76-4,NA,"1,2,3,7,8/1,2,3,4,8-PeCDF",NA
40321-76-4,NA,PeCDD (D54),FSPZPQQWDODWAU-UHFFFAOYSA-N
40630-67-9,NA,N-etyl perfluorbutansulfonamid (N-EtFBSA),SSTPSALUCQWOOV-UHFFFAOYSA-N
41318-75-6,NA,PBDE28,UPNBETHEXPIWQX-UHFFFAOYSA-N
41464-39-5,NA,PCB44,ALDJIKXAHSDLLB-UHFFFAOYSA-N
4151-50-2,NA,N-etyl perfluoroktansulfonamid (N-EtFOSA),CCEKAJIANROZEO-UHFFFAOYSA-N
4191-73-5,NA,Isopropylparaben,CMHMMKSPYOOVGI-UHFFFAOYSA-N
419566-33-9,NA,Bis(4-heksylfenyl)amin,ZRXIMHFLYXQJNI-UHFFFAOYSA-N
4196-89-8,NA,Neopentyl glycol dibenzoat,DYJIIMFHSZKBDY-UHFFFAOYSA-N
41997-13-1,NA,Perfluorheksansulfonamid (PFHxSA),WDZLGCSJJWEQJO-UHFFFAOYSA-N
42074-68-0,NA,2-klorotritylklorid,JFLSOKIMYBSASW-UHFFFAOYSA-N
422-64-0,NA,Perfluorpropansyre,LRMSQVBRUNSOJL-UHFFFAOYSA-N
42397-64-8,NA,"1,6-Dinitropyrene (1,6-dNPY)",GUXACCKTQWVTLG-UHFFFAOYSA-N
42499-41-2,NA,N-nitropiperazin,KNZVXSFTGQDAPP-UHFFFAOYSA-N
42576-02-3,NA,Bifenox,SUSRORUBZHMPCO-UHFFFAOYSA-N
42835-25-6,NA,Flumequin,DPSPPJIUMHPXMA-UHFFFAOYSA-N
4299-07-4,NA,"2-butyl-2,3-dihydrobenzisotiazol-3-on",LUYIHWDYPAZCNN-UHFFFAOYSA-N
43210-67-9,NA,Fenbendazol,HDDSHPAODJUKPD-UHFFFAOYSA-N
437701-79-6,NA,PBDE207,IEEVDIAVLGLVOW-UHFFFAOYSA-N
446254-80-4,NA,PBDE118,VTMFEPLDDHZBGI-UHFFFAOYSA-N
446255-30-7,NA,PBDE191,BNBFKFHSIPERIM-UHFFFAOYSA-N
446255-38-5,NA,PBDE195,GPQLSLKPHQEEOP-UHFFFAOYSA-N
446255-38-5,NA,PBDE196,IEWFKOVTVJNWFF-UHFFFAOYSA-N
446255-56-7,NA,PBDE205,CVMKCYDBEYHNBM-UHFFFAOYSA-N
4496-49-5,NA,4-tert-butyldifenylamin,UOMXLEWVJZEVGP-UHFFFAOYSA-N
461-58-5,NA,Dicyandiamid,QGBSISYHAICWAH-UHFFFAOYSA-N
4627-22-9,NA,"4,4'-di-tert-butyldifenylamin",OPEKHRGERHDLRK-UHFFFAOYSA-N
465-73-6,NA,Isodrin,QBYJBZPUGVGKQQ-SEIHLVFNSA-N
470-90-6,NA,Klorfenvinfos,KLXJPQNHFFMLIG-UHFFFAOYSA-N
4901-51-3,NA,"2,3,4,5-tetraklorfenol",RULKYXXCCZZKDZ-UHFFFAOYSA-N
49690-94-0,NA,Sum TriBDE,BUQBQEYUVAKJQK-UHFFFAOYSA-N
50-00-0,NA,Formaldehyd,WSFSSNUMVMOOMR-UHFFFAOYSA-N
500717-23-7,NA,"Bis-(9,9-dimetylfluoren-2-yl)amin",LCSMGMWMTSWXDD-UHFFFAOYSA-N
50-29-3,NA,pp'-DDT,YVGGHNCTFXOJCH-UHFFFAOYSA-N
50-32-8,NA,Benzo[a]pyren,FMMWHPNWAFZXNH-UHFFFAOYSA-N
50-48-6,NA,Amitriptylin (legemiddel),KRMDCWKBEZIMAB-UHFFFAOYSA-N
5103-71-9,NA,cis-Klordan,BIWJNBZANLAXMG-KMMBHOGFSA-N
5103-74-2,NA,trans-Klordan,BIWJNBZANLAXMG-MPPHZFHBSA-N
51207-31-9,NA,TCDF (F83),KSMVNVHUTQZITP-UHFFFAOYSA-N
513-08-6,NA,Tripropylfosfat (TPrP),RXPQRKFMDQNODS-UHFFFAOYSA-N
51437-95-7,NA,4-Nonylfenol trietoksylat (NP3EO),ZIJRVWRFZGXKMY-UHFFFAOYSA-N
51908-16-8,NA,PCB146,BQHCQAQLTCQFJZ-UHFFFAOYSA-N
52236-30-3,NA,Deaminodiketometribuzin,ZARIFGFXSIZTAK-UHFFFAOYSA-N
52315-07-8,NA,Cypermetrin,KAATUXNTWXVJKI-UHFFFAOYSA-N
525-66-6,NA,Propranolol (legemiddel),AQHHHDLHHXJYJD-UHFFFAOYSA-N
52645-53-1,NA,Permetrin,RLLPVAHGXHCWKJ-UHFFFAOYSA-N
52663-68-0,NA,PCB187,UDMZPLROONOSEF-UHFFFAOYSA-N
52663-69-1,NA,PCB183,KQBFUDNJKCZEDQ-UHFFFAOYSA-N
52663-72-6,NA,PCB167,AZXHAWRMEPZSSV-UHFFFAOYSA-N
526-73-8,NA,"1,2,3-trimetylbenzen",FYGHSUNMUKGBRK-UHFFFAOYSA-N
526-75-0,NA,"2,3-dimetylfenol",QWBBPBRQALCEIZ-UHFFFAOYSA-N
52712-04-6,NA,PCB141,UCLKLGIYGBLTSM-UHFFFAOYSA-N
527-60-6,NA,"2,4,6-trimetylfenol",BPRYUXCVCCNUFE-UHFFFAOYSA-N
52918-63-5,NA,Deltamethrin,OWZREIFADZCYQD-NSHGMRRFSA-N
5315-79-7,NA,1-Hydroksypyren,BIJNHUAPTJVVNQ-UHFFFAOYSA-N
53-19-0,NA,op'-DDD,JWBOIMRXGHLCPP-UHFFFAOYSA-N
5324-68-5,NA,"1,3,5-triklor-2,4,6-trimetylbenzen",VMNISWKTOHUZQN-UHFFFAOYSA-N
53675-52-8,NA,Difenyltinn kation (DPhT),KUCPUSUXIGWHFB-UHFFFAOYSA-N
53-70-3,NA,"Dibenzo[a,h]antracen",LHRCREOYAASXPZ-UHFFFAOYSA-N
5397-34-2,NA,"2,4'-Bisfenol S",LROZSPADHSXFJA-UHFFFAOYSA-N
540-97-6,NA,Dodekametylsykloheksasiloksan (D6),IUMSDRXLFWAGNT-UHFFFAOYSA-N
541-02-6,NA,Dekametylsyklopentasiloksan (D5),XMSXQFUHVRWGNA-UHFFFAOYSA-N
541-05-9,NA,Heksametylsyklotrisiloksan (D3),HTDJPCNNEPUOOQ-UHFFFAOYSA-N
541-73-1,NA,"1,3-diklorbenzen",ZPQOPVIELGIULI-UHFFFAOYSA-N
54193-28-1,NA,Doksorubicinol (legemiddelrest),HXLDWBVPJMGMOZ-UHFFFAOYSA-N
5436-43-1,NA,PBDE47,XYBSIYMGXVUVGY-UHFFFAOYSA-N
54464-57-2,NA,Isosyklemon E,FVUGZKDGWGKCFE-UHFFFAOYSA-N
5466-77-3,NA,Oktylmetoksycinnamat (EHMC),YBGZDTIWKVFICR-JLHYYAGUSA-N
55-18-5,NA,N-nitrosodietylamin,WBNQDOYYEUMPFS-UHFFFAOYSA-N
5522-43-0,NA,1-Nitropyren (1-NPY),ALRLPDGCPYIVHP-UHFFFAOYSA-N
55268-74-1,NA,Prazikvantel,FSVJFNAIGNNGKK-UHFFFAOYSA-N
55389-75-8,NA,"Bis(3,4-dimetylfenyl)amin",IMQQPEKHINRTCE-UHFFFAOYSA-N
55406-53-6,NA,3-iod-2-propynylbutylkarbamat,WYVVKGNFXHOCQV-UHFFFAOYSA-N
556-67-2,NA,Oktametylsyklotetrasiloksan (D4),HMMGMWAXVFQUOA-UHFFFAOYSA-N
556-68-3,NA,Heksadekametylsyklooktasiloksan (D8),XKJMJYZFAWYREL-UHFFFAOYSA-N
556-71-8,NA,Oktadekametylsyklononasiloksan (D9),ISXOGOLHEGHGQF-UHFFFAOYSA-N
55673-89-7,NA,HpCDF (F134),VEZCTZWLJYWARH-UHFFFAOYSA-N
55722-26-4,NA,Sum Oktaklorbifenyl,JAHJITLFJSDRCG-UHFFFAOYSA-N
55864-04-5,NA,4-isopropylfenyl difenylfosfat,JUHFQCKQQLMGAB-UHFFFAOYSA-N
55864-07-8,NA,Bis(4-isopropylfenyl) fenyl fosfat,GQJZORIDXGBCCT-UHFFFAOYSA-N
56038-13-2,NA,Sukralose,BAQAVOSOZGMPRM-QBMZZYIRSA-N
56073-07-5,NA,Difenacoum,FVQITOLOYMWVFU-UHFFFAOYSA-N
56073-10-0,NA,Brodifacoum,VEUZZDOCACZPRY-UHFFFAOYSA-N
56-23-5,NA,Karbontetraklorid,VZGDMQKNWNREIO-UHFFFAOYSA-N
5632-47-3,NA,N-nitrosopiperazin,CVTIZMOISGMZRJ-UHFFFAOYSA-N
56507-37-0,NA,Diketometribuzin,AHBXXEZLRFCZSF-UHFFFAOYSA-N
56-55-3,NA,Benzo[a]antracen,DXBHBZVCASKNBY-UHFFFAOYSA-N
57117-31-4,NA,PeCDF (F114),OGBQILNBLMPPDP-UHFFFAOYSA-N
57117-41-6,NA,PeCDF (F94),SBMIVUVRFPGOEB-UHFFFAOYSA-N
57117-44-9,NA,HxCDF (F121),JEYJJJXOFWNEHN-UHFFFAOYSA-N
57-12-5,NA,Cyanid,XFXPMWWXUTWYJX-UHFFFAOYSA-N
571-61-9,NA,"1,5-dimetylnaftalen",SDDBCEWUYXVGCQ-UHFFFAOYSA-N
57-27-2,NA,Morfin (legemiddel),BQJCRHHNABKAKU-KBQPJGBKSA-N
57465-28-8,NA,PCB126,REHONNLQRWTIFF-UHFFFAOYSA-N
575-43-9,NA,"1,6-dimetylnaftalen",CBMXCNPQDUJNHT-UHFFFAOYSA-N
57-55-6,NA,Propylenglykol,DNIAPMSPPWPWGF-UHFFFAOYSA-N
576-24-9,NA,"2,3-diklorfenol",UMPSXRYVXUPCOS-UHFFFAOYSA-N
576-26-1,NA,"2,6-dimetylfenol",NXXYKOUNUYWIHA-UHFFFAOYSA-N
57653-85-7,NA,HxCDD (D67),YCLUIPQDHHPDJJ-UHFFFAOYSA-N
57677-95-9,NA,"bis (1H,1H,2H,2H-perfluoroktylfosfat)",ZDYYWMSLMLTXDM-UHFFFAOYSA-N
57835-92-4,NA,4-Nitropyren (4-NPY),UISKIUIWPSPSAV-UHFFFAOYSA-N
57837-19-1,NA,Metalaksyl,ZQEIXNIJLIKNTD-UHFFFAOYSA-N
581-42-0,NA,"2,6-dimetylnaftalen",YGYNBBAUIYTWBF-UHFFFAOYSA-N
583-78-8,NA,"2,5-diklorfenol",RANCECPPZPIPNO-UHFFFAOYSA-N
585-34-2,NA,3-tert-butylfenol,CYEKUDPFXBLGHH-UHFFFAOYSA-N
58-89-9,NA,Lindan (g-HCH),JLYXXMFPNIAWKQ-GNIYUCBRSA-N
58-90-2,NA,"2,3,4,6-tetraklorfenol",VGVRPFIJEJYOFN-UHFFFAOYSA-N
59080-37-4,NA,PBB52,XEFMFJLRXHQLEM-UHFFFAOYSA-N
59080-40-9,NA,PBB153,HMBBJSKXDBUNNT-UHFFFAOYSA-N
591-35-5,NA,"3,5-diklorfenol",VPOMSPZBQMDLTM-UHFFFAOYSA-N
59-89-2,NA,N-nitrosomorfolin,ZKXDGKXYMTYWTB-UHFFFAOYSA-N
60-00-4,NA,Etylendiamintetraeddiksyre (EDTA),KCXVZYZYPLLWCC-UHFFFAOYSA-N
60044-24-8,NA,PBB49,LUASYBWZXWTYKK-UHFFFAOYSA-N
602-60-8,NA,9-Nitroantracen (9-NAA),LSIKFJXEYJIZNB-UHFFFAOYSA-N
60348-60-9,NA,PBDE99,WHPVYXDFIXRKLN-UHFFFAOYSA-N
604-83-1,NA,"9,10-dimetylfenantren",JUEORGSHIXFSSI-UHFFFAOYSA-N
605-54-9,NA,Bis(2-etoksyetyl)ftalat,RMKYMNRQXYPJHL-UHFFFAOYSA-N
6056-50-4,NA,Trisykloheksyltinn kation (TCHT),RNVJQUPAEIQUTC-UHFFFAOYSA-N
60-57-1,NA,Dieldrin,DFBKLUNHFCTMDC-PICURKEMSA-N
607-99-8,NA,"2,4,6-tribromanisol",YXTRCOAFNXQTKL-UHFFFAOYSA-N
60851-34-5,NA,HxCDF (F130),XTAHLACQOVXINQ-UHFFFAOYSA-N
608-73-1,NA,Sum HCH (må spesifiseres),NA
608-90-2,NA,Pentabrombenzen,LLVVSBBXENOOQY-UHFFFAOYSA-N
608-93-5,NA,Pentaklorbenzen,CEOCDNVZRAIOQZ-UHFFFAOYSA-N
609-19-8,NA,"3,4,5-triklorfenol",GBNHEBQXJVDXSW-UHFFFAOYSA-N
61-33-6,NA,Benzylpenicillin (legemiddel),JGSARLDLIJGVTE-MBNYWOFBSA-N
615-22-5,NA,2-(Metyltio)benzotiazol,UTBVIMLZIRIFFR-UHFFFAOYSA-N
61789-40-0,NA,Kokamidopropylbetain,MRUAUOIMASANKQ-UHFFFAOYSA-N
6197-30-4,NA,Oktokrylen,FMJSMJQBSVNSBF-UHFFFAOYSA-N
620-92-8,NA,Bisfenol F,PXKLMJQFEQBVLD-UHFFFAOYSA-N
621-64-7,NA,N-Nitrosodipropylamin,YLKFDHTUAUWZPQ-UHFFFAOYSA-N
62-73-7,NA,Diklorvos,OEBRKCOSUFCWJD-UHFFFAOYSA-N
62-75-9,NA,N-nitrosodimetylamin,UMFJAHHVKNCGLG-UHFFFAOYSA-N
62796-65-0,NA,PCB50,VLLVVZDKBSYMCG-UHFFFAOYSA-N
632-79-1,NA,Tetrabromftalsyreanhydrid,QHWKHLYUUZGSCW-UHFFFAOYSA-N
634-66-2,NA,"1,2,3,4-tetraklorbenzen",GBDZXPJXOMHESU-UHFFFAOYSA-N
634-90-2,NA,"1,2,3,5-tetraklorbenzen",QZYNWJQFTJXIRN-UHFFFAOYSA-N
63527-52-6,NA,Cefotaksim (legemiddel),GPRBEKHLDVQUJE-QSWIMTSFSA-N
63936-56-1,NA,PBDE206,CYRHBNRLQMLULE-UHFFFAOYSA-N
644-35-9,NA,2-n-propylfenol,LCHYEKKJCUJAKN-UHFFFAOYSA-N
64532-94-1,NA,2-Isopropylfenyl difenylfosfat,JJXNVYMIYBNZQX-UHFFFAOYSA-N
64532-95-2,NA,Tri(isopropylfenyl) fosfat,LIPMRGQQBZJCTM-UHFFFAOYSA-N
645-56-7,NA,4-n-propylfenol,KLSLBUSXWBJMEC-UHFFFAOYSA-N
646-83-3,NA,Perfluor-4-(perfluoretyl)sykloheksylsulfonsyre (PFECHS),ICKAEAFPESRWOT-UHFFFAOYSA-N
647-42-7,NA,"1H,1H,2H,2H-perfluoroktanol (6:2 FTOH)",GRJRKPMIRMSBNK-UHFFFAOYSA-N
65294-16-8,NA,"Perfluor-2,5,8-trimetyl-3,6,9-trioksadodekansyre (369O3-PFDoDA)",HPNULWLLEOKCID-UHFFFAOYSA-N
65510-44-3,NA,PCB123,YAHNWSSFXMVPOU-UHFFFAOYSA-N
657-24-9,NA,Metformin (legemiddel),XZWYZXLIPXDOLR-UHFFFAOYSA-N
66108-95-0,NA,Ioheksol (legemiddel),NTHXOOBQLCIOLC-UHFFFAOYSA-N
66455-15-0,NA,Alkoholpolyetoksilat (C10-C14),NA
66774-02-5,NA,O-klorfenylmetanol,KTVAHLGKTSPDOG-UHFFFAOYSA-N
668-34-8,NA,Trifenyltinn kation (TPhT),XBRCDWHXULVEFB-UHFFFAOYSA-N
67562-39-4,NA,HpCDF (F131),WDMKCPIVJOGHBF-UHFFFAOYSA-N
67-66-3,NA,Triklormetan,HEDRZPFGACZZDS-UHFFFAOYSA-N
67-72-1,NA,Heksakloretan,VHHHONWQHHHLTI-UHFFFAOYSA-N
67797-09-5,NA,PBDE202,AHNZLQAZTWRRDW-UHFFFAOYSA-N
678-39-7,NA,"1H,1H,2H,2H-perfluordekanol (8:2 FTOH)",JJUBFBTUBACDHW-UHFFFAOYSA-N
678-41-1,NA,"bis (1H,1H,2H,2H-perfluordecylfosfat)",AFWOYEYXUDHGHF-UHFFFAOYSA-N
67905-19-5,NA,Perfluorheksadekansyre (PFHxDA),OJMBMWRMTMHMSZ-UHFFFAOYSA-N
67906-42-7,NA,Perfluordekansulfonsyre ammoniumsalt (PFDcS),KVTQOQYMILOCBD-UHFFFAOYSA-N
68298-12-4,NA,N-metyl perfluorbutansulfonamid (N-MeFBSA),BEIWUHUHJDEMQO-UHFFFAOYSA-N
68631-49-2,NA,PBDE153,RZXIRSKYBISPGF-UHFFFAOYSA-N
68921-45-9,NA,4-tert-oktylfenylfenylamin,OSFOTMWFXQGWKZ-UHFFFAOYSA-N
68928-79-0,NA,Sum NonaBDE,NA
68928-80-3,NA,Sum HeptaBDE,NLBLNZDNOSSGPW-UHFFFAOYSA-N
6899-10-1,NA,Cetrimonium,RLGQACBPNDBWTB-UHFFFAOYSA-N
69009-90-1,NA,Diisopropylbifenyl,AMBHHSBRXZAGDZ-UHFFFAOYSA-N
697-82-5,NA,"2,3,5-trimetylfenol",OGRAOKJKVGDSFR-UHFFFAOYSA-N
69782-90-7,NA,PCB157,YTWXDQVNPCIEOX-UHFFFAOYSA-N
7012-37-5,NA,PCB28,BZTYNSQSZHARAZ-UHFFFAOYSA-N
70356-09-1,NA,Avobenzone,XNEFYCZVKIDDMS-UHFFFAOYSA-N
70362-50-4,NA,PCB81,BHWVLZJTVIYLIV-UHFFFAOYSA-N
70648-26-9,NA,HxCDF (F118),LVYBAQIVPKCOEE-UHFFFAOYSA-N
70887-84-2,NA,Umettet fluortelomer karboksylsyre (8:2 FTUCA),WHZXTVOEGZRRJM-UHFFFAOYSA-N
71-43-2,NA,Benzen,UHOVQNZJYSORNB-UHFFFAOYSA-N
71-47-6,NA,Formiat,BDAGIHXWWSANSR-UHFFFAOYSA-M
71-50-1,NA,Acetat,QTBSBXVTEAMEQO-UHFFFAOYSA-M
71-55-6,NA,"1,1,1-Trikloretan",UOCLXMDMGBRAIB-UHFFFAOYSA-N
719-22-2,NA,"2,6-Di-tert-butyl-P-benzoquinon (BHT-Q)",RDQSIADLBQFVMY-UHFFFAOYSA-N
72-20-8,NA,Endrin,DFBKLUNHFCTMDC-GKRDHZSOSA-N
72-54-8,NA,pp'-DDD,AHJKRLASYNVKDZ-UHFFFAOYSA-N
72-55-9,NA,pp'-DDE,UCNVFOCBFJOQAL-UHFFFAOYSA-N
72624-02-3,NA,4-heptylfenol,KNDDEFBFJLKPFE-UHFFFAOYSA-N
72629-94-8,NA,Perfluortridekansyre (PFTrDA),LVDGGZAZAYHXEY-UHFFFAOYSA-N
72918-21-9,NA,HxCDF (F124),PYUSJFJVDVSXIU-UHFFFAOYSA-N
732-26-3,NA,"2,4,6-tri-tert-butylfenol",PFEFOYRSMXVNEL-UHFFFAOYSA-N
73334-07-3,NA,Iopromide (legemiddel),DGAIEPBNLOQYER-UHFFFAOYSA-N
7342-61-2,NA,Eicosyltrimetylammoniumbromid (ATAC-C20),MIKQUZGJQABVKX-UHFFFAOYSA-M
73606-19-6,NA,6:2 Cl-PFAES (F-53B),OWQCHLFKOGVODW-UHFFFAOYSA-M
7378-99-6,NA,"N,N-Dimetyloktylamin",UQKAOOAFEFCDGT-UHFFFAOYSA-N
7429-90-5,NA,Aluminium,XAGFODPZIPBFFR-UHFFFAOYSA-N
7429-91-6,NA,Dysprosium,KBQHZAAAGSGFKK-UHFFFAOYSA-N
74386-82-6,NA,2-(nitroamino)etanol,LATUZCZOMGJGGZ-UHFFFAOYSA-N
7439-89-6,NA,Jern,XEEYBQQBJWHFJM-UHFFFAOYSA-N
7439-91-0,NA,Lantan,FZLIPJUXYLNCLC-UHFFFAOYSA-N
7439-92-1,NA,Bly,WABPQHHGFIMREM-UHFFFAOYSA-N
7439-93-2,NA,Litium,WHXSMMKQMYFTQS-UHFFFAOYSA-N
7439-94-3,NA,Lutetium,OHSVLFRHMCKCQY-UHFFFAOYSA-N
7439-95-4,NA,Magnesium,FYYHWMGAXLPEAU-UHFFFAOYSA-N
7439-96-5,NA,Mangan,PWHULOQIROXLJO-UHFFFAOYSA-N
7439-97-6,NA,Kvikksølv,QSHDDOUJBYECFT-UHFFFAOYSA-N
7439-98-7,NA,Molybden,ZOKXTWBITQBERF-UHFFFAOYSA-N
7440-00-8,NA,Neodym,QEFYFXOXNSNQGX-UHFFFAOYSA-N
7440-02-0,NA,Nikkel,PXHVJJICTQNCMI-UHFFFAOYSA-N
7440-03-1,NA,Niob,GUCVJGMIXFAOAE-UHFFFAOYSA-N
7440-05-3,NA,Palladium,KDLHZDBZIXYQEI-UHFFFAOYSA-N
7440-06-4,NA,Platina,BASFCYQUMIYNBI-UHFFFAOYSA-N
7440-09-7,NA,Kalium,ZLMJMSJWJFRBEC-UHFFFAOYSA-N
7440-10-0,NA,Praseodym,PUDIUYLPXJFUGB-UHFFFAOYSA-N
7440-14-4,NA,Radium-226,HCWPIIXVSYCSAN-IGMARMGPSA-N
7440-16-6,NA,Rhodium,MHOVAHRLVXNVSD-UHFFFAOYSA-N
7440-17-7,NA,Rubidium,IGLNJRXAVVLDKE-UHFFFAOYSA-N
7440-19-9,NA,Samarium,KZUNJOHGWZRPMI-UHFFFAOYSA-N
7440-20-2,NA,Scandium,SIXSYDAISGFNSX-UHFFFAOYSA-N
7440-21-3,NA,Silisium,XUIMIQQOPSSXEZ-UHFFFAOYSA-N
7440-22-4,NA,Sølv,BQCADISMDOOEFD-UHFFFAOYSA-N
7440-23-5,NA,Natrium,KEAYESYHFKHZAL-UHFFFAOYSA-N
7440-24-6,NA,Strontium,CIOAGBVUUVVLOB-UHFFFAOYSA-N
7440-25-7,NA,Tantal,GUVRBAGPIYLISA-UHFFFAOYSA-N
7440-27-9,NA,Terbium,GZCRRIHWUXGPOV-UHFFFAOYSA-N
7440-28-0,NA,Thallium,BKVIYDNLLOSFOA-UHFFFAOYSA-N
7440-29-1,NA,Thorium,ZSLUVFAKFWKJRC-UHFFFAOYSA-N
7440-29-1,NA,Thorium-232,ZSLUVFAKFWKJRC-UHFFFAOYSA-N
7440-30-4,NA,Thulium,FRNOGLGSGLTDKL-UHFFFAOYSA-N
7440-31-5,NA,Tinn,ATJFFYVFTNAWJD-UHFFFAOYSA-N
7440-32-6,NA,Titan,RTAQQCXQSZGOHL-UHFFFAOYSA-N
7440-33-7,NA,Wolfram,WFKWXMTUELFFGS-UHFFFAOYSA-N
7440-36-0,NA,Antimon,WATWJIUSRGPENY-UHFFFAOYSA-N
7440-38-2,NA,Arsen,RQNWIZPPADIBDY-UHFFFAOYSA-N
7440-39-3,NA,Barium,DSAJWYNOEDNPEQ-UHFFFAOYSA-N
7440-41-7,NA,Beryllium,ATBAMAFKBVZNFJ-UHFFFAOYSA-N
7440-42-8,NA,Bor,ZOXJGFHDIHLPTG-UHFFFAOYSA-N
7440-43-9,NA,Kadmium,BDOSMKKIYDKNTQ-UHFFFAOYSA-N
7440-45-1,NA,Cerium,GWXLDORMOJMVQZ-UHFFFAOYSA-N
7440-46-2,NA,Cesium,TVFDJXOCXUVLDH-UHFFFAOYSA-N
7440-47-3,NA,Krom,VYZAMTAEIAYCRO-UHFFFAOYSA-N
7440-48-4,NA,Kobolt,GUTLYIVDDKVIGB-UHFFFAOYSA-N
7440-50-8,NA,Kobber,RYGMFSIKBFXOCR-UHFFFAOYSA-N
7440-52-0,NA,Erbium,UYAHIZSMUZPPFV-UHFFFAOYSA-N
7440-53-1,NA,Europium,OGPBJKLSAFTDLK-UHFFFAOYSA-N
7440-54-2,NA,Gadolinium,UIWYJDYFSGRHKR-UHFFFAOYSA-N
7440-55-3,NA,Gallium,GYHNNYVSQQEPJS-UHFFFAOYSA-N
7440-56-4,NA,Germanium,GNPVGFCGXDBREM-UHFFFAOYSA-N
7440-58-6,NA,Hafnium,VBJZVLUMGGDVMO-UHFFFAOYSA-N
7440-60-0,NA,Holmium,KJZYNXUDTRRSPN-UHFFFAOYSA-N
7440-61-1,NA,Uran,JFALSRSLKYAFGM-UHFFFAOYSA-N
7440-61-1,NA,Uran-238,JFALSRSLKYAFGM-UHFFFAOYSA-N
7440-62-2,NA,Vanadium,LEONUFNNVUYDNQ-UHFFFAOYSA-N
7440-64-4,NA,Ytterbium,NAWDYIZEMPQZHO-UHFFFAOYSA-N
7440-65-5,NA,Yttrium,VWQVUPCCIRVNHF-UHFFFAOYSA-N
7440-66-6,NA,Sink,HCHKCACWOHOZIP-UHFFFAOYSA-N
7440-67-7,NA,Zirkonium,QCWXUUIWCKQGHC-UHFFFAOYSA-N
7440-69-9,NA,Vismut,JCXGWMGPZLAOME-UHFFFAOYSA-N
7440-70-2,NA,Kalsium,OYPRJOBELJOOCE-UHFFFAOYSA-N
7440-74-6,NA,Indium,APFVFJFRJDLVQX-UHFFFAOYSA-N
74472-37-0,NA,PCB114,SXZSFWHOSHAKMN-UHFFFAOYSA-N
74-82-8,NA,Metan,VNWKTOKETHGBQD-UHFFFAOYSA-N
749786-16-1,NA,Perfluorundekanesulfonsyre (PFUnS),UKHUPOMCGUFNAP-UHFFFAOYSA-N
75-01-4,NA,Kloretylen,BZHJMEDXRYGGRV-UHFFFAOYSA-N
75-09-2,NA,Diklormetan,YMWUJEATGCHHMB-UHFFFAOYSA-N
75321-20-9,NA,"1,3-Dinitropyren (1,3-dNPY)",KTNUVDBUEAQUON-UHFFFAOYSA-N
75-35-4,NA,Dikloretylen,LGXVIGDEPROXKC-UHFFFAOYSA-N
754-91-6,NA,Perfluoroktansulfonamid (PFOSA),RRRXPPIDPYTNJG-UHFFFAOYSA-N
754925-54-7,NA,F-53,VFIFNBRMFPEUOK-UHFFFAOYSA-N
756426-58-1,NA,F-53B Minor,GGOUUEMCWBTDMT-UHFFFAOYSA-N
757124-72-4,NA,"1H,1H,2H,2H-perfluorheksansulfonsyre (4:2 FTS)",TXGIGTRUEITPSC-UHFFFAOYSA-N
75-89-8,NA,Trifluoretanol,RHQDFWAXVIIEBN-UHFFFAOYSA-N
76-05-1,NA,Trifluoreddiksyre,DTQVDTLACAAQTR-UHFFFAOYSA-N
76-21-1,NA,9H-Perfluornonansyre (9H-PFNA),RARQGXBOCXOJPM-UHFFFAOYSA-N
76-44-8,NA,Heptaklor,FRCCEHPWNOQAEU-UHFFFAOYSA-N
76842-07-4,NA,PCB122,GWOWBISZHLPYEK-UHFFFAOYSA-N
7723-14-0,NA,Fosfat,NBIIXXVUZAFLBC-UHFFFAOYSA-K
7723-14-0,NA,Totalfosfor,OAICVXFJPJFONN-UHFFFAOYSA-N
77-40-7,NA,Bisfenol B,HTVITOHKHWFJKO-UHFFFAOYSA-N
777011-38-8,NA,8-Klorperfluoroktansulfonsyre (Cl-PFOS),TXNZTTQBKZRWQR-UHFFFAOYSA-N
7782-49-2,NA,Selen,BUGBHKTXTAQXES-UHFFFAOYSA-N
7785-70-8,NA,alfa-Pinen,GRWFGVWFFZKLTI-RKDXNWHRSA-N
77-90-7,NA,Tributyl o-acetylcitrat,QZCLKYGREBVARF-UHFFFAOYSA-N
782504-35-2,NA,4-tert-butyl-fenyl-4'-isopropyl-fenylamin,QSQSJBUBCKHJFG-UHFFFAOYSA-N
78-30-8,NA,Tri-o-kresylfosfat (ToCrP),YSMRWXYRXBRSND-UHFFFAOYSA-N
78-33-1,NA,Tris(4-tert-butylfenyl) fosfat,LORSVOJSXMHDHF-UHFFFAOYSA-N
78-40-0,NA,Trietylfosfat (TEP),DQWPFSLDHJDLRL-UHFFFAOYSA-N
78-42-2,NA,Tri(2-etylhexyl) fosfat (TEHP),GTVWRXDRKAHEAD-UHFFFAOYSA-N
78-51-3,NA,Tri(2-butoxyetyl)fosfat (TBEP),WTLBZVNBAKMVDP-UHFFFAOYSA-N
78733-54-9,NA,Monobutyltinn kation (MBT),NPAIMXWXWPJRES-UHFFFAOYSA-N
78-87-5,NA,"1,2-Diklorpropan",KNKRKFALVUDBJE-UHFFFAOYSA-N
789-02-6,NA,op'-DDT,CVUGPAFCQJIYDT-UHFFFAOYSA-N
79-00-5,NA,"1,1,2-Trikloretan",UBOXGVDOUJQMTN-UHFFFAOYSA-N
79-01-6,NA,"1,1,2-Trikloreten",XSTXAVWGXDQKEL-UHFFFAOYSA-N
791563-89-8,NA,Perfluortridekansulfonsyre (PFTrS),JMIXTHMPTMXARZ-UHFFFAOYSA-N
79-34-5,NA,"1,1,2,2-Tetrakloretan",QPFMBZIOSGYJDE-UHFFFAOYSA-N
79617-96-2,NA,Sertralin (legemiddel),VGKDLMBJGBXTGI-SJCJKPOMSA-N
79-74-3,NA,"2,5-ditert-pentylhydroquinon",CZNRFEXEPBITDS-UHFFFAOYSA-N
79755-43-4,NA,OH-PBDE47,SNCQITRZEBFIRW-UHFFFAOYSA-N
79780-39-5,NA,Perfluordodekansulfonsyre (PFDoS),CFCRODHVHXGTPC-UHFFFAOYSA-N
79-94-7,NA,Tetrabrombisfenol A,VEORPZCZECFIRK-UHFFFAOYSA-N
80-05-7,NA,Bisfenol A,IISBACLAFKSPIT-UHFFFAOYSA-N
80-09-1,NA,Bisfenol S,VPWNQTHUCYMVMZ-UHFFFAOYSA-N
8012-95-1,NA,Mineralolje,NA
8025-81-8,NA,Spiramycin (legemiddel),ACTOXUHEUCPTEW-JMRHEKERSA-N
80-46-6,NA,4-tert-Pentylfenol,NRZWYNLTFLDQQX-UHFFFAOYSA-N
80-54-6,NA,Lilial,SDQFDHOLCGWZPU-UHFFFAOYSA-N
812-70-4,NA,"2H,2H,3H,3H-Perfluordekansyre (7:3 FTCA)",HLBRGVKRZQSQHB-UHFFFAOYSA-N
81-81-2,NA,Warfarin,PJVWKTKQMONHTI-UHFFFAOYSA-N
82419-36-1,NA,Ofloksacin (legemiddel),GSDSWSVVBLHKDQ-UHFFFAOYSA-N
82765-76-2,NA,Perfluorpentansulfonamid (PFPeSA),KTCODRNGNIXYDE-UHFFFAOYSA-N
829-26-5,NA,"2,3,6-trimetylnaftalen",UNBZRJCHIWTUHB-UHFFFAOYSA-N
83121-18-0,NA,Teflubenzuron,CJDWRQLODFKPEL-UHFFFAOYSA-N
832-69-9,NA,1-metylfenantren,DOWJXOHBNXRUOD-UHFFFAOYSA-N
83-32-9,NA,Acenaften,CWRYPZZKDGJXCA-UHFFFAOYSA-N
83329-89-9,NA,8:2 Cl-PFAES,BDKYEEMJFNONPU-UHFFFAOYSA-M
837-08-1,NA,"2,4'-Bisfenol A",MLCQXUZZAXKTSG-UHFFFAOYSA-N
83834-59-7,NA,(E)-EHMC,XIOBZUDJYKXUEL-DTQAZKPQSA-N
843-55-0,NA,Bisfenol Z,SDDLEVPIDBLVHC-UHFFFAOYSA-N
84-61-7,NA,Disykloheksylftalat,VOWAEIGWURALJQ-UHFFFAOYSA-N
84-66-2,NA,Dietylftalat,FLKPEMZONWLCSK-UHFFFAOYSA-N
84-69-5,NA,Diisobutylftalat,MGWAVDBGNNKXQV-UHFFFAOYSA-N
84-74-2,NA,Dibutylftalat,DOIRQSBPFJWKBE-UHFFFAOYSA-N
84-75-3,NA,Diheksylftalat,KCXZNSGUUQJJTR-UHFFFAOYSA-N
84-76-4,NA,Dinonylftalat,DROMNWUQASBTFM-UHFFFAOYSA-N
84-77-5,NA,Didecylftalat,PGIBJVOPLXHHGS-UHFFFAOYSA-N
84852-15-3,NA,4-iso-Nonylfenol,JSFITYFUKSFPBZ-UHFFFAOYSA-N
84852-53-9,NA,Dekabromdifenyletan,BZQKBFHEWDPQHD-UHFFFAOYSA-N
85-01-8,NA,Fenantren,YNPNZTXNASCQKK-UHFFFAOYSA-N
85-22-3,NA,Pentabrometylbenzen,FIAXCDIQXHJNIX-UHFFFAOYSA-N
85535-84-8,NA,Kortkjedete klorparafiner (C10-13),QKUNKVYPGIOQNP-UHFFFAOYSA-N
85535-85-9,NA,Mellomkjedete klorparafiner (C14-17),UNUODZXWGYJEJA-UHFFFAOYSA-N
85535-86-0,NA,Langkjedete klorparafiner (C18-28),NA
85-68-7,NA,Butylbenzylftalat,IRIAEXORFWYRCZ-UHFFFAOYSA-N
863090-89-5,NA,Perfluor-4-metoksybutansyre (14-PFECA),CZTBTZZANBJSLY-UHFFFAOYSA-N
865-86-1,NA,"1H,1H,2H,2H-perfluordodekanol (10:2 FTOH)",FLXYIZWPNQYPIT-UHFFFAOYSA-N
86-73-7,NA,Fluoren,NIHNNTQXNPWCJQ-UHFFFAOYSA-N
869-59-0,NA,Trioktyltinn,XMHKTINRBAKEDS-UHFFFAOYSA-N
87-61-6,NA,"1,2,3-triklorbenzen",RELMFMZEBKVZJC-UHFFFAOYSA-N
87-65-0,NA,"2,6-diklorfenol",HOLHYSJJBXSLMV-UHFFFAOYSA-N
87-68-3,NA,Heksaklorbutadien,RWNKSTSCBHKHTB-UHFFFAOYSA-N
87-82-1,NA,Heksabrombenzen,CAYGQBVSOZLICD-UHFFFAOYSA-N
87-83-2,NA,Pentabromtoluen,OZHJEQVYCBTHJT-UHFFFAOYSA-N
87-86-5,NA,Pentaklorfenol,IZUPBVBPLAPZRR-UHFFFAOYSA-N
878794-24-2,NA,Dibutyltinn kation (DBT),PQWINHWBRIYBSP-UHFFFAOYSA-N
879-12-9,NA,"1,2,3-trimetylnaftalen",RQHPYGROUIBUSW-UHFFFAOYSA-N
88-06-2,NA,"2,4,6-triklorfenol",LINPIYWFGCPVIE-UHFFFAOYSA-N
88-24-4,NA,"2,2'-metylenbis(4-etyl-6-tert-butylfenol)",GPNYZBKIGXGYNU-UHFFFAOYSA-N
88-26-6,NA,"2,6-ditert-butyl-4-(hydroksymetyl)fenol",HNURKXXMYARGAY-UHFFFAOYSA-N
883-93-2,NA,2-fenylbenzotiazol,XBHOUXSGHYZCNH-UHFFFAOYSA-N
886365-92-0,NA,(4-cykloheksylfenyl)-(4-isopropylfenyl)amin,UXZMIAMPVHCAIH-UHFFFAOYSA-N
886-50-0,NA,Terbutryn,IROINLKCQGIITA-UHFFFAOYSA-N
88-69-7,NA,2-isopropylfenol,CRBJBYGJVIBWIY-UHFFFAOYSA-N
897671-69-1,NA,"N-(4-Bifenyl)-(9,9-dimetylfluoren-2-yl)amin",QRMLAMCEPKEKHS-UHFFFAOYSA-N
9002-86-2,NA,Polyvinylklorid (PVC),NA
9002-88-4,NA,Polyetylen,VGGSQFUCUMXWEO-UHFFFAOYSA-N
9003-07-0,NA,Polypropylen,NSYDMBURIUSUDH-RTWAWAEBSA-N
90035-08-8,NA,Flocoumafen,KKBGNYHHEIAGOH-UHFFFAOYSA-N
9003-53-6,NA,Polystyren,NA
9011-14-7,NA,Polymetylmetakrylat (PMMA),BHIWKHZACMWKOJ-UHFFFAOYSA-N
90-12-0,NA,1-metylnaftalen,QPUYECUOLPXSFR-UHFFFAOYSA-N
91-20-3,NA,Naftalen,UFWIBTONFRDIAS-UHFFFAOYSA-N
914637-49-3,NA,"2H,2H,3H,3H-Perfluoroktansyre (5:3 FTCA)",ABFCFCPCGMHSRX-UHFFFAOYSA-N
91-57-6,NA,2-metylnaftalen,QIMMUPPBPVKWKM-UHFFFAOYSA-N
92339-11-2,NA,Jodiksanol  (legemiddel),NBQNWMBBSKPBAY-UHFFFAOYSA-N
924-16-3,NA,N-nitrosodibutylamin,YGJHZCLPZAZIHH-UHFFFAOYSA-N
92-52-4,NA,Bifenyl,ZUOUZKKEUPVFJK-UHFFFAOYSA-N
92-86-4,NA,PBB15,HQJQYILBCQPYBI-UHFFFAOYSA-N
930-55-2,NA,N-nitrosopyrrolidin,WNYADZVDBIBLJJ-UHFFFAOYSA-N
933-75-5,NA,"2,3,6-triklorfenol",XGCHAIDDPMFRLJ-UHFFFAOYSA-N
933-78-8,NA,"2,3,5-triklorfenol",WWGQHTJIFOQAOC-UHFFFAOYSA-N
934-34-9,NA,Bensotiasolon,YEDUAINPPJYDJZ-UHFFFAOYSA-N
935-95-5,NA,"2,3,5,6-tetraklorfenol",KEWNKZNZRIAIAK-UHFFFAOYSA-N
93-65-2,NA,Mekoprop,WNTGYJSOUMFZEP-UHFFFAOYSA-N
93703-48-1,NA,PBDE77,RYGLOWMCGZHYRQ-UHFFFAOYSA-N
93-72-1,NA,Fenoprop,ZLSWBLPERHFHIS-UHFFFAOYSA-M
94-13-3,NA,Propylparaben,QELSKZZBTMNZEB-UHFFFAOYSA-N
941-57-1,NA,Benzotiazol-2-sulfonsyre,ZCXGMSGCBDSEOY-UHFFFAOYSA-N
94-26-8,NA,Butylparaben,QFOHBWFCKVYLES-UHFFFAOYSA-N
944418-46-6,NA,"N-(4-(tert-Butyl)fenyl)-9,9-dimetyl-9H-fluoren-2-amin",NVCQMRCDIJQSAP-UHFFFAOYSA-N
94-74-6,NA,MCPA,WHKUVVPPKQRRBV-UHFFFAOYSA-N
94-75-7,NA,"2,4-diklorfenoksyeddiksyre (2,4-D)",OVSKIKFHRZPJSS-UHFFFAOYSA-N
94-81-5,NA,MCPB,LLWADFLAOKUBDR-UHFFFAOYSA-N
94-82-6,NA,"2,4-diklorfenoksysmørsyre",YIVXMZJTEQBPQO-UHFFFAOYSA-N
95154-01-1,NA,"2-(1,3-benzotiazol-2-yltio)succinsyre",KRDSXENYLDIORL-UHFFFAOYSA-N
95-16-9,NA,Bensotiasol,IOJUPLGTWVMSFF-UHFFFAOYSA-N
95235-30-6,NA,4-(4-isopropoksyfenylsulfonyl)fenol,ZTILAOCGFRDHBH-UHFFFAOYSA-N
95-31-8,NA,N-tert-butylbenzotiazol-2-sulfenamid,IUJLOAKJZQBENM-UHFFFAOYSA-N
95-33-0,NA,N-Sykloheksyl-2-benzotiazosulfenamid,DEQZTKGFXNUBJL-UHFFFAOYSA-N
95-47-6,NA,o-Xylen,CTQNGGLPUBDAKN-UHFFFAOYSA-N
95-48-7,NA,o-Cresol,QWVGKYWNOKOFNN-UHFFFAOYSA-N
95-50-1,NA,"1,2-diklorbenzen",RFFLAFLAYFXFSW-UHFFFAOYSA-N
95-57-8,NA,2-klorfenol,ISPYQTSUDJAMAB-UHFFFAOYSA-N
95-63-6,NA,"1,2,4-trimetylbenzen",GWHJZXXIDMPWGX-UHFFFAOYSA-N
95-65-8,NA,"3,4-dimetylfenol",YCOXTKKNXUZSKD-UHFFFAOYSA-N
95-77-2,NA,"3,4-diklorfenol",WDNBURPWRNALGP-UHFFFAOYSA-N
95-80-7,NA,"2,4-Diaminotoluen",VOZKAJLKRJDJLL-UHFFFAOYSA-N
958445-44-8,NA,"Ammonium 4,8-dioksa-3H-perfluornonanoat",PLWXPXSPYCHPTF-UHFFFAOYSA-N
95-87-4,NA,"2,5-dimetylfenol",NKTOLZVEWDHZMU-UHFFFAOYSA-N
95-94-3,NA,"1,2,4,5-tetraklorbenzen",JHBKHLUZVFWLAG-UHFFFAOYSA-N
95-95-4,NA,"2,4,5-triklorfenol",LHJGJYXLEPZJPM-UHFFFAOYSA-N
959-98-8,NA,alfa-Endosulfan,VAGOADMLDBRNCD-UHFFFAOYSA-N
96036-03-2,NA,Meropenem (legemiddel),DMJNNHOOLUXYBV-PQTSNVLCSA-N
96-13-9,NA,"2,3-dibromopropan-1-ol",QWVCIORZLNBIIC-UHFFFAOYSA-N
96-69-5,NA,"4,4'-tiobis(6-tert-butyl-m-cresol)",HXIQYSLFEXIOAV-UHFFFAOYSA-N
96-76-4,NA,"2,4-di-tert-butylfenol",ICKWICRCANNIBI-UHFFFAOYSA-N
97-23-4,NA,Diklorofen,MDNWOSOZYLHTCG-UHFFFAOYSA-N
97682-44-5,NA,Irinotekan (legemiddel),UWKQSNNFCGGAFS-XIFFEERXSA-N
98-54-4,NA,4-tert-butylfenol,QHPQWRBYOIRBIT-UHFFFAOYSA-N
99717-56-3,NA,"2-Bromallyl-2,4,6-tribromfenyleter",RLPZXGWCSHFKJI-UHFFFAOYSA-N
99-76-3,NA,Metylparaben,LXCFILQKKLGQFO-UHFFFAOYSA-N
99-87-6,NA,p-Cymene,HFPZCAJZSCWRBC-UHFFFAOYSA-N
PB_BIO,NA,Biotilgjengelig bly,WABPQHHGFIMREM-UHFFFAOYSA-N
NA,NA,"1,2,3,4,7,8/1,2,3,4,7,9-HxCDF",NA
NA,NA,4:2 Cl-PFAES,NA
NA,NA,Antall EPT arter/taksa limnisk/lotisk bunnfauna,NA
NA,NA,Antall individer fisk (art) innen en gitt aldersgruppe,NA
NA,NA,Artsforekomst,NA
NA,NA,Average Score per Taxon (ASPT),NA
NA,NA,Begroing EQR eutrofiering,NA
NA,NA,Begroing nEQR eutrofiering,NA
NA,NA,Begroing nEQR forsuring,NA
NA,NA,BTEX,NA
NA,NA,C1-Acenaftener,NA
NA,NA,C1-Dibenzotiofener,NA
NA,NA,C1-Fenantrener/antracener,NA
NA,NA,C2-Dibenzotiofener,NA
NA,NA,C2-Fenantrener/antracener,NA
NA,NA,C3-Dibenzotiofener,NA
NA,NA,C3-Fenantrener/antracener,NA
NA,NA,Dekningsgrad makroskopisk begroing (%),NA
NA,NA,E. coli,NA
NA,NA,Estimert antall fisk (art) per arealenhet,NA
NA,NA,Fargetall,NA
NA,NA,Fluoresensmåling av klorofyll a,NA
NA,NA,Forsuringsindeks påvekstalger artssammensetning,NA
NA,NA,Gløderest,NA
NA,NA,Individantall dyreplankton (takson) per prøve,NA
NA,NA,Individantall limnisk/lotisk bunnfauna (takson) per innsatsenhet,NA
NA,NA,Konduktivitet,NA
NA,NA,Lengde enkeltindivid fisk (art),NA
NA,NA,Limnisk bunnfauna EQR eutrofiering,NA
NA,NA,Limnisk bunnfauna nEQR eutrofiering,NA
NA,NA,Limnisk bunnfauna nEQR organisk belastning,NA
NA,NA,Nitrat + nitritt,NA
NA,NA,Partikkelfraksjon < 2 µm,NA
NA,NA,Partikkelfraksjon > 63 µm,NA
NA,NA,Partikulært organisk karbon (POC),NA
NA,NA,Partikulært organisk nitrogen (PON),NA
NA,NA,PBDE175+183,NA
NA,NA,PBDE49+71,NA
NA,NA,PCB47/49,NA
NA,NA,PCB74/76,NA
NA,NA,pH,NA
NA,NA,Raddum forsuringsindeks 2,NA
NA,NA,Relativ forekomst mikroskopisk begroing (skala),NA
NA,NA,River Acidification Macroinvertebrate Index (RAMI),NA
NA,NA,Salinitet,NA
NA,NA,"Sum 2,4- og 2,5-diklorfenol",NA
NA,NA,Sum 2-NFA og 3-NFA,NA
NA,NA,Sum alifatiske hydrokarboner >C12-C35,NA
NA,NA,Sum alifatiske hydrokarboner >C5-C6,NA
NA,NA,Sum alifatiske hydrokarboner >C5-C8,NA
NA,NA,Sum alifatiske hydrokarboner >C6-C8,NA
NA,NA,Sum alifatiske og aromatiske hydrokarboner,NA
NA,NA,Sum alifatiske og aromatiske hydrokarboner >C10-C12,NA
NA,NA,Sum alifatiske og aromatiske hydrokarboner >C10-C16,NA
NA,NA,Sum alifatiske og aromatiske hydrokarboner >C10-C40,NA
NA,NA,Sum alifatiske og aromatiske hydrokarboner >C12-C16,NA
NA,NA,Sum alifatiske og aromatiske hydrokarboner >C12-C35,NA
NA,NA,Sum alifatiske og aromatiske hydrokarboner >C16-C21,NA
NA,NA,Sum alifatiske og aromatiske hydrokarboner >C16-C35,NA
NA,NA,Sum alifatiske og aromatiske hydrokarboner >C22-C35,NA
NA,NA,Sum alifatiske og aromatiske hydrokarboner >C35-C40,NA
NA,NA,Sum alifatiske og aromatiske hydrokarboner >C5-C10,NA
NA,NA,Sum alifatiske og aromatiske hydrokarboner >C5-C35,NA
NA,NA,Sum alifatiske og aromatiske hydrokarboner >C5-C40,NA
NA,NA,Sum alifatiske og aromatiske hydrokarboner >C8-C10,NA
NA,NA,"Sum Benzo[b,j,k]fluoranten",NA
NA,NA,"Sum Benzo[b,j]fluoranten",NA
NA,NA,"Sum Benzo[b,k]fluoranten",NA
NA,NA,"Sum Benzo[j,k]fluoranten",NA
NA,NA,Sum Crysen og Trifenylen,NA
NA,NA,Sum DDT,NA
NA,NA,"Sum Dibenzo[a,c/a,h]antracen",NA
NA,NA,Sum dioksiner (PCDD + PCDF),NA
NA,NA,Sum dioksiner-TEQ (PCDD + PCDF) NATO/CCMS,NA
NA,NA,Sum dioksiner-TEQ (PCDD + PCDF) og dioksinlignende stoffer-TEQ (PCB-DL),NA
NA,NA,Sum dioksiner-TEQ (PCDD + PCDF) WHO 2005,NA
NA,NA,Sum dioksinlignende stoffer-TEQ (PCB-DL),NA
NA,NA,Sum fenoler,NA
NA,NA,Sum Heksbromsyklododekan (HBCDD),NA
NA,NA,Sum HpCDD,NA
NA,NA,Sum HpCDF,NA
NA,NA,Sum HxCDD,NA
NA,NA,Sum HxCDF,NA
NA,NA,Sum karsinogene PAH,NA
NA,NA,Sum m- og p-Xylen,NA
NA,NA,Sum PAH (må spesifiseres),NA
NA,NA,Sum PAH16 (USEPA),NA
NA,NA,Sum PBDE (må spesifiseres),NA
NA,NA,Sum PCB7,NA
NA,NA,Sum PCDD,NA
NA,NA,Sum PeCDD,NA
NA,NA,Sum PeCDF,NA
NA,NA,Sum PFAS (må spesifiseres),NA
NA,NA,Sum TCDD,NA
NA,NA,Sum TCDD-TEQ,NA
NA,NA,Sum TCDF,NA
NA,NA,Sum tetraklorbenzen (TECB35 + TECB45),NA
NA,NA,Sum triklortrimetylbenzen,NA
NA,NA,Suspendert tørrstoff,NA
NA,NA,Temperatur,NA
NA,NA,Termotolerante koliforme bakterier,NA
NA,NA,Total alkalitet,NA
NA,NA,Total gløderest,NA
NA,NA,Totalnitrogen,NA
NA,NA,Totalt cyanid,NA
NA,NA,Totalt individantall limnisk/lotisk bunnfauna per innsatsenhet,NA
NA,NA,Totalt organisk karbon (TOC),NA
NA,NA,Totalt suspendert materiale,NA
NA,NA,Totalt tørrstoff,NA
NA,NA,Trofiindeks påvekstalger artssammensetning,NA
NA,NA,Turbiditet,NA
NA,NA,UV-absorbans ved 254 nm,NA
NA,NA,UV-absorbans ved 285 nm,NA
NA,NA,UV-absorbans ved 365 nm,NA
NA,NA,UV-absorbans ved 410 nm,NA
NA,NA,Vannføring,NA
NA,NA,Vanninnhold,NA
137862-53-4,NA,Valsartan (legemiddel),ACWBQPMHZXGDFX-QFIPXVFZSA-N
120014-06-4,NA,Donepezil (legemiddel),ADEBPBSSDYVVLD-HXUWFJFHSA-N
604-75-1,NA,Oxazepam (legemiddel),ADIMAYPTOBDMTL-UHFFFAOYSA-N
68298-13-5,NA,N-metyl perfluorpentansulfonamid (N-MeFPeSA),ADSKDYCFRLKFDJ-UHFFFAOYSA-N
830-09-1,NA,4-metoksycinnamat,AFDXODALSZRGIH-QPJJXVBHSA-N
81103-11-9,NA,Claritromycin (legemiddel),AGOYDEPGAOXOCK-KCBOHYOISA-N
479-45-8,NA,Tetryl,AGUIVNYEYSCPNI-UHFFFAOYSA-N
79277-27-3,NA,Thifensulfuron-metyl,AHTPATJNIAFOLR-UHFFFAOYSA-N
12122-67-7,NA,Zineb,AMHNZOICSMBGDH-UHFFFAOYSA-L
52481-85-3,NA,"Perfluor-2,5,8,11,14-pentametyl-3,6,9,12,15-pentaoksaoktadekansyre (6x3-PFECA)",ANKSFLDOVZNXOJ-UHFFFAOYSA-N
2502-15-0,NA,Tris(p-isopropylfenyl) fosfat,ANVREEJNGJMLOV-UHFFFAOYSA-N
3026-69-5,NA,dimethyldioctylammonium (DADMAC-C8),APTVNWGLSRAOFJ-UHFFFAOYSA-M
57-68-1,NA,Sulfametazin,ASWVTGNCAZCNNR-UHFFFAOYSA-N
5384-21-4,NA,"4,6-Xylenol",AZZWZMUXHALBCQ-UHFFFAOYSA-N
22431-46-5,NA,Klindamysin sulfoksid (legemiddel),BDSYDLWSVWOCSU-UEHJQROMSA-N
119851-28-4,NA,1-[2-kloro-4-(4-klorofenoksy)fenyl]etanon,BDTJIVUVQRVLLJ-UHFFFAOYSA-N
355-41-9,NA,Perfluorheksylklorid,BDUCYIFEYLMINO-UHFFFAOYSA-N
57-63-6,NA,Etinylestradiol (legemiddel),BFPYWIDHMRZLRN-SLHNCBLASA-N
1941-30-6,NA,Tetrapropylammonium (TPA),BGQMOFGZRJUORO-UHFFFAOYSA-M
26636-32-8,NA,2-(4-oktylfenoksy)etanol,BHNQPLPANNDEGL-UHFFFAOYSA-N
19186-97-1,NA,Tris(Tribromneopentyl) fosfat,BHYQWBKCXBXPKM-UHFFFAOYSA-N
336-19-6,NA,Oktafluordiklorsykloheksen,BICOGOBTBGYGFA-UHFFFAOYSA-N
174350-05-1,NA,"Benzene, 1-ethoxy-2,3-difluoro-4-(trans-4-propylcyclohexyl)-",BOAHGIPRRKDVQY-UHFFFAOYSA-N
287714-41-4,NA,Rosuvastatin (legemiddel),BPRHUIZQVSMCRT-VEUZHWNKSA-N
498-15-7,NA,Isodiprene,BQOFWKZOCNGFEC-BDAKNGLRSA-N
5945-33-5,NA,Bisfenol A bis(bisfenylfosfat),BQPNUOYXSVUVMY-UHFFFAOYSA-N
4130-42-1,NA,"2,6-Di-tert-butyl-4- etylfenol",BVUXDWXKPROUDO-UHFFFAOYSA-N
27208-37-3,NA,Syklopenta[cd]pyren,BZCXQYVNASLLQO-UHFFFAOYSA-N
57453-97-1,NA,Neodekanoat magnesiumsalt,CBEVWPCAHIAUOD-UHFFFAOYSA-N
1973-15-5,NA,3-sykloheksylbifenyl,CBRFQLVEZWUNEN-UHFFFAOYSA-N
948014-44-6,NA,8-iodperfluor-6-oksaoktansyre,CDMHOXRIGWSKAZ-UHFFFAOYSA-N
2144-53-8,NA,Tridekafluorheksyletylmetakrylat,CDXFIRXEAJABAZ-UHFFFAOYSA-N
40487-42-1,NA,Pendimetalin,CHIFOSRWCNZCFN-UHFFFAOYSA-N
19666-30-9,NA,Oksadiazon,CHNUNORXWHYHNE-UHFFFAOYSA-N
15181-41-6,NA,Tiofosfat,CHQPRDVSUIJJNP-NSCUHMNNSA-N
29385-43-1,NA,Methyl-1H-benzotriazole,CMGDVUCDZOBDNL-UHFFFAOYSA-N
1135-66-6,NA,Isolongifolene,CQUAYTJDLQBXCQ-UHFFFAOYSA-N
1897-45-6,NA,Klortalonil,CRQQGFGUEAVUIL-UHFFFAOYSA-N
328-70-1,NA,"3,5-Bis(trifluormetyl)brombenzen",CSVCVIHEBDJTCJ-UHFFFAOYSA-N
65447-77-0,NA,Tinuvin 622,CTJXKCPBMVLOQI-UHFFFAOYSA-N
28721-07-5,NA,Okskarbazepin (legemiddel),CTRLABGOLIVAIY-UHFFFAOYSA-N
120923-37-7,NA,Amidosulfuron,CTTHWASMBLQOFR-UHFFFAOYSA-N
1119-97-7,NA,tetradecyltrimethylammonium (ATAC-C14),CXRFDZFCGOPDTD-UHFFFAOYSA-M
1638-22-8,NA,4-Butylfenol,CYYZDBDROVLTJU-UHFFFAOYSA-N
883-20-5,NA,9-Metylfenantren,DALBHIYZSZZWBS-UHFFFAOYSA-N
15307-86-5,NA,Diklofenak (legemiddel),DCOPUUMXTXDBNB-UHFFFAOYSA-N
74070-46-5,NA,Aklonifen,DDBMQDADIHOWIC-UHFFFAOYSA-N
1622-61-3,NA,Klonazepam (legemiddel),DGBIGWXXNGSACT-UHFFFAOYSA-N
56307-79-0,NA,Sum Pentabrombifenyl,DGTPXLZCUVCFEH-UHFFFAOYSA-N
78-63-7,NA,"2,5-Dimetyl-2,5-di-(tert-butylperoksy)heksan",DMWVYCCGCQPJEA-UHFFFAOYSA-N
1506-02-1,NA,Aketyl heksametyl tetralin,DNRJTBAOUJJKDY-UHFFFAOYSA-N
21145-77-7,NA,Tonalid,DNRJTBAOUJJKDY-UHFFFAOYSA-N
53-16-7,NA,Estron,DNXHEGUUPJUMQT-CBZIJGRNSA-N
91161-71-6,NA,Terbinafin (legemiddel),DOMXUEMWDBAQBQ-WEVVVXLNSA-N
41814-78-2,NA,Trisyklazol,DQJCHOQLCLEDLL-UHFFFAOYSA-N
260-94-6,NA,Akridin,DZBUGLKDJFMEHC-UHFFFAOYSA-N
615-58-7,NA,Dibromfenol,FAXWFCTVSHEODL-UHFFFAOYSA-N
50-70-4,NA,Sorbitol,FBPFZTCFMRRESA-JGWLITMVSA-N
65104-65-6,NA,18:2 FTOH,FDCQNVKWWMNRQN-UHFFFAOYSA-N
6471-50-7,NA,Pigment Red 14,FDLZXQOOTWLAOB-SLMZUGIISA-N
33704-61-9,NA,Cashmeran,FIMNMFRUQUMXEV-UHFFFAOYSA-N
51-03-6,NA,Piperonyl butoksid,FIPWRIJSWJWJAI-UHFFFAOYSA-N
21087-64-9,NA,Metribuzin,FOXFZRUHNHCZPX-UHFFFAOYSA-N
103597-45-1,NA,UV-360,FQUNFJULCYSSOP-UHFFFAOYSA-N
335-63-7,NA,8-Klorperfluoroktansyre (Cl-PFOA),FUSBVOVTUYPKLS-UHFFFAOYSA-N
84041-66-7,NA,"2,2,3,5,6-Pentafluor-5-(pentafluoretoksy)-3,6- bis(trifluormetyl)-1,4-dioksan",FZTKCIWSVIVEKI-UHFFFAOYSA-N
57678-01-0,NA,"1H,1H,2H,2H-perfluoroktylfosfat (6:2 PAP)",FZTRDYSPWWJCOF-UHFFFAOYSA-N
5280-68-2,NA,Pigment Red 146,GBDJNEJIVMFTOJ-ZREQDNEKSA-N
58802-15-6,NA,"1,2,4,7,8-PeCDF",GCFDWHIKRXCUPJ-UHFFFAOYSA-N
303-49-1,NA,Clomipramin (legemiddel),GDLIGKIOYRNHDA-UHFFFAOYSA-N
40088-45-7,NA,Sum Tetrabrombifenyl,GEASNODZMCZDOU-UHFFFAOYSA-N
144-83-2,NA,Sulfapyridin (legemiddel),GECHUMIMRBOMGK-UHFFFAOYSA-N
50285-18-2,NA,Perfluordimetyletylpentan,GEXSLRJJTOFEMA-UHFFFAOYSA-N
68555-75-9,NA,N-metyl perfluorheksansulfonamid etanol (N-MeFHxSE),GEYBMYRBIABFTA-UHFFFAOYSA-N
108-46-3,NA,Resorcinol,GHMLBKRAJCXXBS-UHFFFAOYSA-N
55-56-1,NA,Klorheksidin (Legemiddel),GHXZTYHSJHQHIJ-UHFFFAOYSA-N
84613-97-8,NA,"1,2-diklor-3-(triklormetyl)benzen",GKGPLSQWIBJJPC-UHFFFAOYSA-N
7439-88-5,NA,Iridium,GKOZUEZYRPOHIO-UHFFFAOYSA-N
832-71-3,NA,3-Metylfenantren,GKYWZUBZZBHZKU-UHFFFAOYSA-N
151772-59-7,NA,"Perfluor-3,6,9-trioksadekansyre (369O3-PFDA)",GNQWOKPKDHCUSB-UHFFFAOYSA-N
80-07-9,NA,Bis(4- klorofenyl) sulfon,GPAPPPVRLPGFEQ-UHFFFAOYSA-N
7560-83-0,NA,N-Cyclohexyl-N-methylcyclohexanamine,GSCCALZHGUWNJW-UHFFFAOYSA-N
24157-81-1,NA,"2,6-diisopropylnaftalen",GWLLTEXUIOFAFE-UHFFFAOYSA-N
25155-25-3,NA,"1,4-Bis(1-tert-butyldioksy-1-metyletyl)benzen",GWQOYRSARAWVTC-UHFFFAOYSA-N
613-12-7,NA,2-Metylantracen,GYMFBYTZOGMSQJ-UHFFFAOYSA-N
62498-67-3,NA,N-Desmethylcitalopram (legemiddel),GZBDTUVDCDMCDU-UHFFFAOYSA-N
15687-27-1,NA,Ibuprofen (legemiddel),HEFNNWSXXWATRW-UHFFFAOYSA-N
36861-47-9,NA,4-Metylbenzylidenkamfor,HEOCBCNFKCOKBX-KAMYIIQDSA-N
6535-46-2,NA,Pigment Red 112,HERTVNKDSUIUDK-JBASAIQMSA-N
801212-59-9,NA,Perfluor-4-isopropoksybutansyre (34-PFECA),HFUCGDPRBKRBFR-UHFFFAOYSA-N
52184-19-7,NA,"6-[(2-Nitrofenyl)aso]-2,4-ditert-pentylfenol",HHUOYYNHGMRSIF-WCWDXBQESA-N
67889-00-3,NA,PBB194,HHYHNDNRLUQCEG-UHFFFAOYSA-N
78-59-1,NA,Isoforon,HJOVHMDZYOCNQW-UHFFFAOYSA-N
3520-72-7,NA,Pigment orange,HKYYDLYCGBDWSB-ATXIYDNESA-N
620-17-7,NA,3-etylfenol,HMNKTRSOROOSPP-UHFFFAOYSA-N
111988-49-9,NA,Tiakloprid,HOKKPVIRMVDYPB-UHFFFAOYSA-N
25311-71-1,NA,Isofenfos,HOQADATXFBOEGG-UHFFFAOYSA-N
42399-41-7,NA,Diltiazem (legemiddel),HSUGRBWQSSZJOP-RTWAWAEBSA-N
9003-17-2,NA,Polybutadien,HXKNXCFNAJGZCM-PWOIWMLJSA-N
36211-43-5,NA,"barium 3,5,5-trimethylhexanoate",HYVAOIFCEISHMZ-UHFFFAOYSA-L
72-43-5,NA,Metoksyklor,IAKOZHOLGAGEJT-UHFFFAOYSA-N
101-20-2,NA,Triclocarban,ICUTUKXCWQYESQ-UHFFFAOYSA-N
738-70-5,NA,Trimetoprim (legemiddel),IEDVJHCEMCRBQM-UHFFFAOYSA-N
3457-61-2,NA,Tert-Butyl cumyl peroksid,IGUFFVCWVNIHEE-UHFFFAOYSA-N
41859-67-0,NA,Besafibrat (legemiddel),IIBYAHWJQTYFKB-UHFFFAOYSA-N
65150-95-0,NA,"Perfluor-2,5,8,11-tetrametyl-3,6,9,12-tetraoksapentadekansyre (5x3-PFECA)",IJDRCJGYWUCJTR-UHFFFAOYSA-N
39049-04-2,NA,Zirkonium salt av neodekansyre,IJEFAHUDTLUXDY-UHFFFAOYSA-J
65578-62-3,NA,Perfluortetrahydro-2-furankarboksylsyre (Furan-PFECA),IJSPOBHLFLGFMQ-UHFFFAOYSA-N
30784-30-6,NA,4-tert-Nonylfenol,IJWXCYSPVNCDMA-UHFFFAOYSA-N
597-82-0,NA,Trifenylfosfortioat,IKXFIBBKEARMLL-UHFFFAOYSA-N
68140-48-7,NA,Traseolid,IMRYETFJNLKUHK-UHFFFAOYSA-N
3622-84-2,NA,n-Butylbensene sulfonamid,IPRJXAGUEGOFGG-UHFFFAOYSA-N
375-45-1,NA,Tetraklorheksafluorbutan,IRHYACQPDDXBCB-UHFFFAOYSA-N
68105-02-2 ,NA,dimethylditetradecylammonium (DADMAC-C14),IRMGVPILCPGYNQ-UHFFFAOYSA-M
1319-77-3,NA,Sum Cresol,ISWSIDIOOBJBQZ-UHFFFAOYSA-N
1493-13-6,NA,Perflourmetasulfonsyre,ITMCEJHCFYSIIV-UHFFFAOYSA-N
37350-58-6,NA,Metoprolol (legemiddel),IUBSYMUCCVWXPE-UHFFFAOYSA-N
51384-51-1,NA,Metoprolol (legemiddel),IUBSYMUCCVWXPE-UHFFFAOYSA-N
147622-85-3,NA,"[1,1'-Bicyclohexyl]-4-one, 4'-(3,4-difluorophenyl)-, trans-",IUJMYVYPSSBPCX-UHFFFAOYSA-N
90-00-6,NA,2-etylfenol,IXQGCWUGDFDQMF-UHFFFAOYSA-N
338-83-0,NA,Perfluortripropylamin,JAJLKEVKNDUJBG-UHFFFAOYSA-N
139-07-1,NA,benzyldimethyldodecylammonium (BAC-C12),JBIROUFYLSSYDX-UHFFFAOYSA-M
105-60-2,NA,e-Caprolactam,JBKVHLHDHHXQEQ-UHFFFAOYSA-N
108-78-1,NA,Melamine,JDSHMPZPIAZGSV-UHFFFAOYSA-N
39635-79-5,NA,"4,4'-Sulfonylbis(2,6-dibromfenol)",JHJUYGMZIWDHMO-UHFFFAOYSA-N
723-46-6,NA,Sulfametoxazol (legemiddel),JLKIGFTWXXRPMT-UHFFFAOYSA-N
58802-20-3,NA,"1,2,7,8-TCDF",JODWPAQNABOHDG-UHFFFAOYSA-N
1643-19-2,NA,Tetrabutylammoniumbromid,JRMUNVKIHCOMHV-UHFFFAOYSA-M
2381-21-7,NA,1-metylpyren,KBSPJIWZDWBDGM-UHFFFAOYSA-N
144808-89-9,NA,Oktafluorsyklopentankarboksylsyre (cycC5F8-COOH),KCIRACURDCXMQC-UHFFFAOYSA-N
18323-44-9,NA,Klindamysin (legemiddel),KDLRVYVGXIQJDK-AWPVFWJPSA-N
549-18-8,NA,Amitryptyline (legemiddel),KFYRPLNVJVHZGT-UHFFFAOYSA-N
13080-86-9,NA,"4,4'-(Isopropylidenebis(4,1-phenyleneoxy))dianiline",KMKWGXGSGPYISJ-UHFFFAOYSA-N
50594-77-9,NA,Klortrifluormetylfenoksyfenylasetat,KNFRYRRZMRETJX-UHFFFAOYSA-N
19406-51-0,NA,"4-amino-2,6-dinitrotoluen",KQRJATLINVYHEZ-UHFFFAOYSA-N
7116-95-2,NA,4-Isopropylbifenyl,KWSHGRJUSUJPQD-UHFFFAOYSA-N
93413-62-8,NA,Desvenlafaksin (legemiddel),KYYIDSXMWOZKMP-UHFFFAOYSA-N
67375-30-8,NA,"alfa-Cypermetrin, Alfametrin",KAATUXNTWXVJKI-DXCJPMOASA-N
19982-08-2,NA,Memantin (legemiddel),LDDHMLJTFXJGPI-UHFFFAOYSA-N
355-24-8,NA,"1,4-Dikloroktafluorbutan",LGBGVSJBKFDYKH-UHFFFAOYSA-N
335-57-9,NA,Perfluorheptan,LGUZHRODIJCVOC-UHFFFAOYSA-N
81-48-1,NA,D and C Violet 2,LJFWQNJLLOFIJK-UHFFFAOYSA-N
5495-84-1,NA,"Thioxanthen-9-one, 2-isopropyl-",KTALPKYXQZGAEG-UHFFFAOYSA-N
255393-52-3,NA,2-Aminomusk keton,LJSWALFRJPDUQU-UHFFFAOYSA-N
52-86-8,NA,Haloperidol (legemiddel),LNEPOXFFQSENCJ-UHFFFAOYSA-N
64325-78-6,NA,N-benzoyl-5'-O-[bis(4-methoxyphenyl)phenylmethyl]-2'-deoxyadenosine,LPICNYATEWGYHI-WIHCDAFUSA-N
98-95-3,NA,Nitrobenzen,LQNUZADURLCDLV-UHFFFAOYSA-N
870-08-6,NA,Di-n-oktyltinoksid,LQRUPWUPINJLMU-UHFFFAOYSA-N
71-36-3,NA,n-Butanol,LRHPLDYGYMQRHN-UHFFFAOYSA-N
136-85-6,NA,Tolutriazol,LRUDIIUSNGCQKF-UHFFFAOYSA-N
53826-12-3,NA,"2H,2H-Perfluoroktansyre (6:2 FTCA)",LRWIIEJPCFNNCZ-UHFFFAOYSA-N
68957-62-0,NA,N-etyl perfluorheptansulfonamid (N-EtFHpSA),LSYHEHNUOBEHMG-UHFFFAOYSA-N
862374-87-6,NA,Perfluortridekanoat (PFTrDS),LVDGGZAZAYHXEY-UHFFFAOYSA-M
27753-52-2,NA,Sum Nonabrombifenyl,LWICCBMIAPTSTO-UHFFFAOYSA-N
57-09-0,NA,hexadecyltrimethylammonium (ATAC-C16),LZZYPRNAOMGNLH-UHFFFAOYSA-M
95759-44-7,NA,"1,1':4',1''-Terphenyl, 4''-ethyl-2'-fluoro-4-propyl-",MBGFTFFIFLHYQU-UHFFFAOYSA-N
21072-39-9,NA,"cis-1,3-difenylsykloheksan",MCHONHDBIWWITD-HDICACEKSA-N
2587-76-0,NA,Trioktyltinnklorid,MCNGJXAXOJDJKO-UHFFFAOYSA-M
2440-22-4,NA,2-(2H-bensotriasol-2-yl)-4-metyl-fenol,MCPKSFINULVDNX-UHFFFAOYSA-N
57678-05-4,NA,"1H,1H,2H,2H-perfluordodecylfosfat (10:2 PAP)",MCYKSXMNSXNCIY-UHFFFAOYSA-N
122931-48-0,NA,Rimsulfuron,MEFOUWRMVYJCQC-UHFFFAOYSA-N
131-53-3,NA,Benzofenon-8,MEZZCSHVIGVWFI-UHFFFAOYSA-N
89-83-8,NA,Tymol,MGSRCZKZVOBKFT-UHFFFAOYSA-N
88401-65-4,NA,Celestolid,MHUNAMWYXWYEMX-PLTLGRIDSA-N
57678-03-2,NA,"1H,1H,2H,2H-perfluordecylfosfat (8:2 PAP)",MIABSAQIFYEDJP-UHFFFAOYSA-N
145-39-1,NA,Musk tibeten,MINYPECWDZURGR-UHFFFAOYSA-N
35045-02-4,NA,Deaminometribuzin,MIWRSUQXSCLDNV-UHFFFAOYSA-N
51202-79-0,NA,Sum Tribrombifenyl,MKDZJIHLRSIZOV-UHFFFAOYSA-N
134-62-3,NA,"N,N-dimetyl-m-toluamid",MMOXZBCLCQITDF-UHFFFAOYSA-N
378-03-0,NA,"2,2,3,3-tetrafluor-3-(heptafluorpropoksy)propionsyre",MPQDGDVBZJSJIA-UHFFFAOYSA-N
83905-01-5,NA,Azitromycin (legemiddel),MQTOSJVFKKJCRP-OHJWJPDZSA-N
20273-27-2,NA,4-fenyl-bisykloheksyl,MRGBGAHKAGKZID-UHFFFAOYSA-N
4184-79-6,NA,Xylyltriazol,MVPKIPGHRNIOPT-UHFFFAOYSA-N
2303-17-5,NA,Triallat,MWBPRDONLNQCFV-UHFFFAOYSA-N
1912-24-9,NA,Atrazin,MXWJVTOOROXGIU-UHFFFAOYSA-N
120-32-1,NA,2-Benzyl-4-klorfenol,NCKMMSIFQUPKCK-UHFFFAOYSA-N
27858-07-7,NA,Sum Oktabrombifenyl,NDRKXFLZSRHAJE-UHFFFAOYSA-N
2687-96-9,NA,Laurylpyrrolidon,NJPQAIBZIHNJDO-UHFFFAOYSA-N
4640-01-1,NA,Metyltriklosan,NLYDHBBTVWMLFD-UHFFFAOYSA-N
51437-90-2,NA,4-n-Oktylfenol dietoksylat,NMTRTIUWHYPKTQ-UHFFFAOYSA-N
11067-80-4,NA,iso-Dodecylfenol,NNAVBEAARXTLEG-UHFFFAOYSA-N
1861-32-1,NA,Daktal,NPOJQCVWMSKXDN-UHFFFAOYSA-N
10448-09-6,NA,Heptametylsyklotetrasiloksan,NSLNFHKUIKHPGY-UHFFFAOYSA-N
92142-32-0,NA,Anatoksin-a(S),NTWUAOHAQNZERF-UHFFFAOYSA-N
2682-20-4,NA,Methylisothiazolinone,NVQOTQXRJHBSOP-UHFFFAOYSA-N
13680-35-8,NA,"4,4'-Methylenebis(2,6-diethylaniline)",NWIVYGKSHSJHEF-UHFFFAOYSA-N
153719-23-4,NA,Tiametoksam,NWWZPOKUUAIXIW-FLIBITNWSA-N
483-65-8,NA,Reten,NXLOLUFNDSBYTP-UHFFFAOYSA-N
52434-90-9,NA,"1,3,5-tris(2,3-dibromopropyl)-1,3,5-triazinane-2,4,6-trione",NZUPFZNVGSWLQC-UHFFFAOYSA-N
139-08-2,NA,benzyldimethyltetradecylammonium (BAC-C14),OCBHHZMJRVXXQK-UHFFFAOYSA-M
5103-73-1,NA,cis-Nonaklor,OCHOKXCPKDPNQU-KCCZGPNFSA-N
569-65-3,NA,Meklozin (legemiddel),OCJYIGYOJCODJL-UHFFFAOYSA-N
67888-96-4,NA,PBB101,OELBLPCWLAWABI-UHFFFAOYSA-N
68479-98-1,NA,Dietylmetylbenzendiamin,OHJDDRJXKMWSFJ-UHFFFAOYSA-N
1795-19-3,NA,p-tersykloheksyl,OHLFVTCARHBZDH-UHFFFAOYSA-N
15087-24-8,NA,3-Bensylidenkamfor,OIQXFRANQVWXJF-ACCUITESSA-N
30784-32-8,NA,Etylmetylbutylfenol,OJWSGKXEVFIBNL-UHFFFAOYSA-N
577-55-9,NA,"1,2- Diisopropylbenzen",OKIRBHVFJGXOIS-UHFFFAOYSA-N
70321-86-7,NA,UV-234,OLFNXLXEGXRUOI-UHFFFAOYSA-N
82657-04-3,NA,Bifentrin,OMFRMAHOUUJSGP-UNOMPAQXSA-N
1222-05-5,NA,Galaksolid,ONKNPOPIGWHAQC-UHFFFAOYSA-N
20273-26-1,NA,3-fenylbisyckoheksyl,ONQUBGYEUGJCEM-UHFFFAOYSA-N
97-39-2,NA,"1,3-Di-o-tolylguanidine",OPNUROKCUBTKLF-UHFFFAOYSA-N
76-57-3,NA,Kodein (legemiddel),OROGSEYTTFOCAN-DNJOTXNNSA-N
88-04-0,NA,Klorxylenol,OSDLLIBGSJNGJE-UHFFFAOYSA-N
57583-54-7,NA,Tetrafenylresorcinoldifosfat,OWICEWMBIBPFAH-UHFFFAOYSA-N
102-06-7,NA,"1,3-Diphenylguanidine",OWRCNXZUPFZXOS-UHFFFAOYSA-N
88-89-1,NA,Pikrinsyre,OXNIZHLAWKMVMX-UHFFFAOYSA-N
61397-56-6,NA,"[2-(bromomethyl)-2-(2,4-dichlorophenyl)-1,3-dioxolan-4-yl]methyl benzoate",OXUPOIXSQGXRGF-UHFFFAOYSA-N
84268-36-0,NA,M1-UV328,OYGYNUPKLMDVHM-UHFFFAOYSA-N
125304-04-3,NA,UV-571,PACBIGNRUWABMA-UHFFFAOYSA-N
96-45-7,NA,Etylenetiourea,PDQAZBWRQCGBEV-UHFFFAOYSA-N
1735-48-4,NA,Dodekafluortrifluormetylheksan,PEKFONNGBPBJRU-UHFFFAOYSA-N
2810-62-0,NA,F-D3b,NA
85-60-9,NA,"4,4'-Butan-1,1- diylbis(2-tert-butyl- 5-metylfenol)",PFANXOISJYKQRP-UHFFFAOYSA-N
507442-49-1,NA,Galaxolidon,PGMHPYRIXBRRQD-UHFFFAOYSA-N
210880-92-5,NA,Klotianidin,PGOOBECODWQEAB-UHFFFAOYSA-N
29589-57-9,NA,Dibenzyltoluen,PKQYSCBUFZOAPE-UHFFFAOYSA-N
26898-17-9,NA,"2,3-Dibenzyltoluen",PKQYSCBUFZOAPE-UHFFFAOYSA-N
1737-93-5,NA,Diklortrifluorpyridin,PKSORSNCSXBXOT-UHFFFAOYSA-N
88-72-2,NA,2-Nitrotoluen,PLAZTCDQAHEYBI-UHFFFAOYSA-N
2082-84-0,NA,decyltrimethylammonium (ATAC-C10),PLMFYJJFUUUCRZ-UHFFFAOYSA-M
1215-74-3,NA,"2,2'-Metylen bis(5-klorofenol)",PMYWWZKCZCXDPU-UHFFFAOYSA-N
93413-69-5,NA,Venlafaksin (legemiddel),PNVNVHUZROJLTJ-UHFFFAOYSA-N
3700-67-2 ,NA,dimethyldioctadecylammonium (DADMAC-C18),PSLWZOIUBRXAQW-UHFFFAOYSA-M
4809-35-2,NA,Bisfenol A bis(3-klor-2-hydroksypropyl)eter,PTCFDJRJOGPUFE-UHFFFAOYSA-N
144025-14-9,NA,Desmetylcitalopram (legemiddel),PTJADDMMFYXMMG-UHFFFAOYSA-N
36355-01-8,NA,Sum Heksabrombifenyl,PTJQVJQAZSLKJO-UHFFFAOYSA-N
56392-14-4,NA,Metoprololsyre (legemiddel),PUQIRTNPJRFRCZ-UHFFFAOYSA-N
107342-55-2,NA,4-Aminomusk xylen,PWFQZSWKBRPKJI-UHFFFAOYSA-N
959-55-7,NA,Benzyldimethyloctylammonium (BAC-C8),PXFDQFDPXWHEEP-UHFFFAOYSA-M
107534-96-3,NA,Tebukonasol,PXMNMQRDXWABCY-UHFFFAOYSA-N
599-64-4,NA,"4-(a,a-dimetylbenzyl)fenol",QBDSZLJBMIMQRS-UHFFFAOYSA-N
34454-97-2,NA,N-metyl perfluorbutansulfonamid etanol (N-MeFBSE),QCIOYSZTOIGIQT-UHFFFAOYSA-N
15720-98-6,NA,oktadekafluortrifluormetyldekanoylfluorid,QEIRHBKKYVWAOM-UHFFFAOYSA-N
36483-57-5,NA,"2,2-dimethylpropan-1-ol, tribromo derivative",QEJPOEGPNIVDMK-UHFFFAOYSA-N
94200-54-1,NA,"1H,1H,2H,2H-perfluorheksadecylfosfat (14:2 PAP)",QIZXNATWTHMMHR-UHFFFAOYSA-N
306-91-2,NA,Perfluorperhydrofenantren,QKENRHXGDUPTEM-UHFFFAOYSA-N
69278-62-2,NA,PBB206,QLERKXRXNDBTDM-UHFFFAOYSA-N
1087-02-1,NA,"1,4-disyckoheksylbenzen",QQFSIGWYINAJOB-UHFFFAOYSA-N
85507-79-5,NA,"Diundecylftalat, forgrenet og lineær",QQVHEQUEHCEAKS-UHFFFAOYSA-N
95-14-7,NA,Bensotriasol,QRUDEWIWKLJBPS-UHFFFAOYSA-N
1843-05-6,NA,Oktabenzon,QUAMTGJKVDWJEQ-UHFFFAOYSA-N
83-98-7,NA,Orfenadrin (legemiddel),QVYRGXJJSLMXQH-UHFFFAOYSA-N
82799-44-8,NA,"2,4-diethyl-9H-thioxanthen-9-one",QYLFHLNFIHBCPR-UHFFFAOYSA-N
55965-84-9,NA,Metylisotia zolinon,QYYMDNHUJFIDDQ-UHFFFAOYSA-N
99-08-1,NA,3-Nitrotoluen,QZYHIOPPLUPUJF-UHFFFAOYSA-N
53179-11-6,NA,Loperamid (legemiddel),RDOIQAHITMMDAJ-UHFFFAOYSA-N
1430-97-3,NA,2-metylfluoren,RKJHJMAZNPASHY-UHFFFAOYSA-N
144701-48-4,NA,Telmisartan (legemiddel),RMMXLENWKUUMAY-UHFFFAOYSA-N
52485-79-7,NA,Buprenorfin (legemiddel),RMRJXGBAOAMLHD-IHFGGWKQSA-N
61337-67-5,NA,Mirtazapin (legemiddel),RONZAEMNMFQXRA-UHFFFAOYSA-N
124-40-3,NA,Dimetylamin,ROSDSFDQCJNGOL-UHFFFAOYSA-N
72869-86-4,NA,"7,7,9(or 7,9,9)-trimethyl-4,13-dioxo-3,14-dioxa-5,12-diazahexadecane-1,16-diyl bismethacrylate",ROYPHECTKAJPDP-UHFFFAOYSA-N
67733-52-2,NA,PBB180,RPGHQOFAFNAVNA-UHFFFAOYSA-N
35523-89-8,NA,Saxitoksin,RPQXVSUAYFXFJA-AOPOZUIUSA-N
132123-39-8,NA,"1,1'-Biphenyl, 3,4,5-trifluoro-4'-(trans-4-propylcyclohexyl)-",RRKRBRVTKIRLHH-UHFFFAOYSA-N
2374-14-3,NA,F-D3a,RROGHRHLBLVQSG-QHFDZABRSA-N
74223-64-6,NA,Metsulfuronmetyl,RSMUVYRMZCOLBH-UHFFFAOYSA-N
3934-23-4,NA,Perfluoroktylmetakrylate,RUEKTOVLVIXOHT-UHFFFAOYSA-N
162682-16-8,NA,N-etyl perfluorpentansulfonamid (N-EtFPeSA),RUIVGYDYVAXAHW-UHFFFAOYSA-N
311-89-7,NA,Tris(perfluoobutyl)amin,RVZRBWKZFJCCIB-UHFFFAOYSA-N
98-82-8,NA,Kumen,RWGFKTVRMDUZSP-UHFFFAOYSA-N
6422-86-2,NA,Bis(2-etylheksyl)tereftalat,RWPICVVBGZBXNA-UHFFFAOYSA-N
83799-24-0,NA,Feksofenadin (legemiddel),RWTNPBWLLIMQHL-UHFFFAOYSA-N
23488-38-2,NA,"2,3,5,6-Tetrabrom-p-xylen",RXKOKVQKECXYOT-UHFFFAOYSA-N
80214-83-1,NA,Roksitromycin (legemiddel),RXZBMPWDPOLZGW-XMRMVWPWSA-N
58-08-2,NA,Koffein,RYYVLZVUVIJVGH-UHFFFAOYSA-N
3194-57-8,NA,alfa-Tetrabromsyklooktan,RZLXIANUDLLFHN-UHFFFAOYSA-N
103-23-1,NA,Bis[2-etylheksyl] adipat,SAOKZLXYCUGLFA-UHFFFAOYSA-N
2636-26-2,NA,Cyanofos,SCKHCCSZFPSHGR-UHFFFAOYSA-N
5581-32-8,NA,"Bisfenol A bis(2,3-dihydroksypropyl)eter",SDGPGFLEUFXPCV-UHFFFAOYSA-N
68-35-9,NA,Sulfadiazin (legemiddel),SEEPANYCNGTZFQ-UHFFFAOYSA-N
1377603-17-2,NA,14:2 Fluortelomersulfonsyre,SEGVHCXRUVNVCD-UHFFFAOYSA-N
122-19-0,NA,benzyldimethyloctadecylammonium (BAC-C18),SFVFIFLLYFPGHH-UHFFFAOYSA-M
52-53-9,NA,Verapamil (legemiddel),SGTNSNPWRIOYBX-UHFFFAOYSA-N
35194-78-6,NA,Sum Heptabrombifenyl,SMVYDWVPKUOWAJ-UHFFFAOYSA-N
91-22-5,NA,Kinolin,SMWDFEZZVXVKRB-UHFFFAOYSA-N
55-63-0,NA,Nitroglycerin,SNIOPGDIGTZGOP-UHFFFAOYSA-N
866-97-7,NA,Tetrapentylammoniumbromid,SPALIFXDWQTXKS-UHFFFAOYSA-M
33629-47-9,NA,Butralin,SPNQRCTZKIBOAX-UHFFFAOYSA-N
100-18-5,NA,"1,4-Diisopropylbenzen",SPPWGCYEYAMHDT-UHFFFAOYSA-N
118-96-7,NA,Trinitrotoluen,SPSSULHKWOKEEL-UHFFFAOYSA-N
22504-72-9,NA,"N,N'-Dimetylsulfamid",SQNVFBHILRFQJY-UHFFFAOYSA-N
87857-41-8,NA,Norsertralin (legemiddel),SRPXSILJHWNFMK-ZBEGNZNMSA-N
60207-90-1,NA,Propikonazol,STJLVHWMYQXCPB-UHFFFAOYSA-N
83-66-9,NA,Musk ambrett,SUAUILGSCPYJCS-UHFFFAOYSA-N
608-71-9,NA,Pentabromfenol,SVHOVVJFOWGYJO-UHFFFAOYSA-N
67584-42-3,NA,Perfluor-4-etylsykoheksanesulfonat kaliumsalt,SVTVDQUXOHBSSI-UHFFFAOYSA-N
1873-88-7,NA,Heptametyltrisiloksan,SWGZAKPJNWCPRY-UHFFFAOYSA-N
122-18-9,NA,benzyldimethylhexadecylammonium (BAC-C16),SXPWTBGAZSPLHA-UHFFFAOYSA-M
1120-02-1,NA,trimethyloctadecylammonium  (ATAC-C18),SZEMGTQCPRNXEG-UHFFFAOYSA-M
763051-92-9,NA,F-53B Major,SZVGIJOITCPDPM-UHFFFAOYSA-N
2446-69-7,NA,4-n-Heksylfenol,SZWBRVPZWJYIHI-UHFFFAOYSA-N
965-32-2,NA,benzyldimethyldecylammonium (BAC-C10),TTZLKXKJIMOHHG-UHFFFAOYSA-M
195-19-7,NA,Benzo[c]fenantren,TUAHORSUHVUKBD-UHFFFAOYSA-N
21564-17-0,NA,2-(Tiosyanatometyltio)-bensotiasol,TUBQDCKAWGHZPF-UHFFFAOYSA-N
4016-06-2,NA,"1,3-disykloheksylbenzen",TUWRHJHVTBVNSM-UHFFFAOYSA-N
61788-32-7,NA,"Terphenyl, hydrogenated",TVBYFUMVFJKKNJ-UHFFFAOYSA-N
27203-92-5,NA,Tramadol (legemiddel),TVYLLZQTGLZFBW-ZBFHGGJFSA-N
2027-17-0,NA,2-isopropylnaftalen,TVYVQNHYIHAJTD-UHFFFAOYSA-N
354-88-1,NA,Pentafluoretansulfonsyre (PFEtS),TZGTTWJQEPLKTN-UHFFFAOYSA-N
99-35-4,NA,Trinitrobenzen,UATJOMSPNYCXIX-UHFFFAOYSA-N
71617-10-2,NA,Isoamyl p-metoxycinnamat,UBNYRXMKIIGMKK-RMKNXTFCSA-N
9003-31-0,NA,Polyisopren,UBZVSDZJBLSIJG-UHFFFAOYSA-N
24219-97-4,NA,Mianserin (legemiddel),UEQUQVLFIPOEMF-UHFFFAOYSA-N
116-66-5,NA,Mosken,UHWURQRPEIFIAK-UHFFFAOYSA-N
1770-80-5,NA,Dibutylklorendat,UJAHPBDUQZFDLA-UHFFFAOYSA-N
441296-91-9,NA,Perfluorundekanesulfonat (PFUnDS),UKHUPOMCGUFNAP-UHFFFAOYSA-M
114-07-8,NA,Erytromycin (legemiddel),ULGZDMOVFRHVEP-RWJQBGPGSA-N
2390-68-3,NA,didecyldimethylammonium (DADMAC-C10),UMGXUWVIJIQANV-UHFFFAOYSA-M
99-62-7,NA,"1,3-Diisopropylbenzen",UNEATYXSUBPPKP-UHFFFAOYSA-N
101-68-8,NA,"4,4'-metylendifenyl diisocyanat",UPMLOUAZCHDJJD-UHFFFAOYSA-N
628-96-6,NA,Dinitroglycol,UQXKXGWGFRWILX-UHFFFAOYSA-N
121-54-0,NA,BZT,UREZNYTWGJKWBI-UHFFFAOYSA-M
208709-55-1,NA,"Benzene, 1-butoxy-2,3-difluoro-4-(trans-4-propylcyclohexyl)-",USQRHUAOPDZNRW-WREXNOFYSA-N
74-31-7,NA,"N,N'-Diphenyl-1,4-phenylenediamine",UTGQNNCQYDRXCH-UHFFFAOYSA-N
27503-81-7,NA,Ensulizol,UVCJGUGAGLDPAA-UHFFFAOYSA-N
3737-09-05,NA,Disopyramid (legemiddel),UVTNFZQICZKOEM-UHFFFAOYSA-N
107342-67-6,NA,2-Aminomusk xylen,UXBYFHLORKKOAX-UHFFFAOYSA-N
65104-67-8,NA,16:2 FTOH,UYSGWTCETIRUHO-UHFFFAOYSA-N
2691-41-0,NA,Oktogen,UZGLIIJVICEWHF-UHFFFAOYSA-N
73936-91-1,NA,UV-928,UZUNCLSDTUBVCN-UHFFFAOYSA-N
374772-79-9,NA,Bisfenol F bis(2-klor-1-propanol)eter,VAFXFEBPCUMOIF-UHFFFAOYSA-N
15323-35-0,NA,Pantolid,VDBHOHJWUDKDRW-UHFFFAOYSA-N
10453-86-8,NA,Resmethrin,VEMKTZHHVJILDY-UHFFFAOYSA-N
68259-14-3,NA,N-metyl perfluorheptansulfonamid (N-MeFHpSA),VFQOVAUNCQXDNI-UHFFFAOYSA-N
72406-26-9,NA,"Bisfenol F bis(2,3-dihydroksypropyl)eter",VGJRHUPDMVWBFM-UHFFFAOYSA-N
66722-44-9,NA,Bisoprolol  (legemiddel),VHYCDWMUTMEGQY-UHFFFAOYSA-N
959-24-0,NA,Sotalol (legemiddel),VIDRYROWYFWGSY-UHFFFAOYSA-N
70755-47-4 ,NA,dihexadecyldimethylammonium (DADMAC-C16),VIXPKJNAOIWFMW-UHFFFAOYSA-M
100-97-0,NA,Urotropine (legemiddel),VKYKSIONXSXAKP-UHFFFAOYSA-N
101200-48-0,NA,Tribenuron metyl,VLCQZHSMCYCDJL-UHFFFAOYSA-N
14797-73-0,NA,Perklorat,VLTRZXGMWDSKGL-UHFFFAOYSA-M
2554-06-5,NA,Vinyl-D4,VMAWODUEPLAHOE-UHFFFAOYSA-N
57-91-0,NA,Alfa-Estradiol,VOXZDWNPVJITMN-SFFUCWETSA-N
50-28-2,NA,Estradiol,VOXZDWNPVJITMN-ZBRFXRBCSA-N
191-07-1,NA,Coronen,VPUGDVKSAQVFFS-UHFFFAOYSA-N
374-88-9,NA,Perfluorosykloheksankarboksylsyre (cycC6F11-COOH),VTXSVMHCHVIRJR-UHFFFAOYSA-N
21072-42-4,NA,"trans-1,4-difenylsykloheksan",VULCFZQVCFIKNK-UHFFFAOYSA-N
1401-69-0,NA,Tylosin,WBPYTXDJUQJLPQ-VMXQISHHSA-N
55589-62-3,NA,Acesulfame_K,WBZFUFAFFUEMEI-UHFFFAOYSA-M
94200-55-2,NA,"1H,1H,2H,2H-perfluoroktadecylfosfat (16:2 PAP)",WCIJLILUIZUGMK-UHFFFAOYSA-N
135410-20-7,NA,Acetamiprid,WCXDHFDTOYPNIE-RIYZIHGNSA-N
99-65-0,NA,Dinitrobenzen,WDCYWAQPCXBPJA-UHFFFAOYSA-N
131860-33-8,NA,Azoksystrobin,WFDXOXNFNRHQEC-GHRIWEEISA-N
1212077-14-9,NA,"Perfluor-2,5,8,10-tetrametyl-3,6,9-trioksaundekansyre (4x3-PFECA)",WGZYEJQZCIIECH-UHFFFAOYSA-N
93479-97-1,NA,Glimepirid (legemiddel),WIGIZIANZCJQQY-UHFFFAOYSA-N
96513-97-2,NA,"Ammonium 2-perfluorpentoksy-2,3,3,3-tetrafluorpropanoat",HZVUWLKXQRJTAL-UHFFFAOYSA-N
81403-80-7,NA,Alfuzosin (legemiddel),WNMJYKCGWZFFKR-UHFFFAOYSA-N
7085-19-0,NA,Mecoprop,WNTGYJSOUMFZEP-UHFFFAOYSA-N
29086-39-3,NA,Heptaklorstyren,WOYBAAGBIXHIGK-UPHRSURJSA-N
59729-33-8,NA,Citalopram (legemiddel),WSEQXVZVJXJVFP-UHFFFAOYSA-N
288-13-1,NA,Pyrazole (legemiddel),WTKZEGDFNFYCGP-UHFFFAOYSA-N
81-14-1,NA,Musk ketone,WXCMHFPAUCOJIG-UHFFFAOYSA-N
131-55-5,NA,Benzofenon-2,WXNRYSGJLQFHBR-UHFFFAOYSA-N
51437-89-9,NA,2-(4-Oktylfenoksy)etanol,WYGCMGHBEUGWNS-UHFFFAOYSA-N
101-83-7,NA,Disykloheksylamin,XBPCUCUWBYBCDP-UHFFFAOYSA-N
2083-68-3,NA,trimethyloctylammonium (ATAC-C8),XCOHAFVJQZPUKF-UHFFFAOYSA-M
344-04-7,NA,Brompentafluorbenzen,XEKTVXADUPBFOA-UHFFFAOYSA-N
989-38-8,NA,Rhodamine 6G (legemiddel),VYXSBFYARXAAKO-UHFFFAOYSA-N
52829-07-9,NA,Sanol,XITRBUPOXXBIJN-UHFFFAOYSA-N
1119-94-4,NA,dodecyltrimethylammonium (ATAC-C12),XJWSAJYUBXQQDR-UHFFFAOYSA-M
63393-96-4,NA,"Quaternary ammonium compounds, tri-C8-10-alkylmethyl, chlorides",XKBGEWXEAPTVCK-UHFFFAOYSA-M
80-43-3,NA,Dicumyl peroksid,XMNIXWIUMCBBBL-UHFFFAOYSA-N
81-15-2,NA,Musk xylen,XMWRWTSZNLOZFN-UHFFFAOYSA-N
423-41-6,NA,Perfluorpropansulfonsyre (PFPrS),XBWQFDNGNOOMDZ-UHFFFAOYSA-N
429-67-4,NA,F-D4,XOVNCWWRDSAYNE-UHFFFAOYSA-N
57678-07-6,NA,"1H,1H,2H,2H-perfluortetradecylfosfat (12:2 PAP)",XPCZSIPRUSOJFO-UHFFFAOYSA-N
3282-73-3 ,NA,didodecyldimethylammonium (DADMAC-C12),XRWMGCFJVKDVMD-UHFFFAOYSA-M
121-82-4,NA,Syklonitt,XTFIVUDBNACUBN-UHFFFAOYSA-N
2095-03-6,NA,Bisfenol F diglycidyleter,XUCHXOAWJMEFLF-UHFFFAOYSA-N
374-60-7,NA,Undekafluor(nonafluorbutyl)sykloheksan Perfluor(butylsykloheksanan),XZZGMFAUFIVEGL-UHFFFAOYSA-N
89331-94-2,NA,"6'-(dibutylamino)-3'-methyl-2'-(phenylamino)spiro[isobenzofuran-1(3H),9-(9H)-xanthen]-3-one",XAAILNNJDMIMON-UHFFFAOYSA-N
147217-81-0,NA,PBDE37,YALAYFVVZFORPV-UHFFFAOYSA-N
95-13-6,NA,Inden,YBYIRNPNPLQARY-UHFFFAOYSA-N
2032-65-7,NA,Metiocarb,YFBPRJGDJKVWAH-UHFFFAOYSA-N
191-26-4,NA,Antantren,YFIJJNAKSZUOLT-UHFFFAOYSA-N
40458-98-8,NA,"2,7-diisopropylnafthalen",YGDMAJYAQCDTNG-UHFFFAOYSA-N
53988-10-6,NA,"2H-Benzimidazole-2-thione, 1,3-dihydro-4(or 5)-methyl-",YHMYGUUIMTVXNW-UHFFFAOYSA-N
49562-28-9,NA,Fenofibrat (legemiddel),YMTINGFKWWXKFG-UHFFFAOYSA-N
15686-51-8,NA,Klemastin (legemiddel),YNNUSGIPVFPVBX-NHCUHLMSSA-N
138402-11-6,NA,Irbesartan (legemiddel),YOSHYTLCDANDAN-UHFFFAOYSA-N
2641-34-1,NA,Heksafluorpropenoxidetrimer,YSIGVPOSKQLNTO-UHFFFAOYSA-N
68259-15-4,NA,N-metyl perfluorheksansulfonamid (N-MeFHxSA),YTEKREICWGQLEN-UHFFFAOYSA-N
307-34-6,NA,Perfluoroktan,YVBBRRALBYAZBM-UHFFFAOYSA-N
105827-78-9,NA,Imidakloprid,YWTYJOPNNQFBPC-UHFFFAOYSA-N
69770-45-2,NA,Flumetrin,YXWCBRDRVXHABN-UHFFFAOYSA-N
60699-51-6,NA,14:2 FTOH,ZDUOTHMDVYXZBS-UHFFFAOYSA-N
87988-56-5,NA,N-etyl perfluorheksanesulfonamid (N-EtFHxSA),ZIUMOXWDLICQQC-UHFFFAOYSA-N
83881-51-0,NA,Cetirizin (legemiddel),ZKLPARSLTMPFCP-UHFFFAOYSA-N
2425-85-6,NA,Pigment red 3,ZLFVRXUOSPRRKQ-VHEBQXMUSA-N
10238-21-8,NA,Glibenklamid (legemiddel),ZNNLBTZKUZBEKO-UHFFFAOYSA-N
14938-35-3,NA,4-n-pentylfenol,ZNPSUQQXTRRSBM-UHFFFAOYSA-N
25057-89-0,NA,Bentazon,ZOMSMJKLGFBRBS-UHFFFAOYSA-N
17527-29-6,NA,Perfluorheksyletylacrylat,ZOWGVNZMPKUDLB-UHFFFAOYSA-N
99-99-0,NA,4-Nitrotoluen,ZPTVNYMJQHSSEA-UHFFFAOYSA-N
34449-89-3,NA,N-etyl perfluorbutansulfonamid etanol (N-EtFBSE),ZSBOIPHQFKYRMG-UHFFFAOYSA-N
2523-37-7,NA,9-metylfluoren,ZVEJRZRAUYJYCO-UHFFFAOYSA-N
131-56-6,NA,Benzofenon-1,ZXDDPOHVAMWLBH-UHFFFAOYSA-N
82765-77-3,NA,Perfluorheptansulfonamid (PFHpSA),ZYBNLNNCZHCXAC-UHFFFAOYSA-N
58-73-1,NA,Difenhydramin (legemiddel),ZZVUWRFHKOJYTH-UHFFFAOYSA-N
141901-56-6,NA,F-D4a,NA
141901-57-7,NA,F-D4b,NA
141901-58-8,NA,F-D4c,NA
141901-59-9,NA,F-D4d,NA
2810-63-1,NA,F-D3c,NA
