CAS_RN;Frequency;STRESSOR_NAME;INCHIKEY_STANDARD
CAS_100-41-4;NA;Etylbenzen;YNQLUTRBYVCPMQ-UHFFFAOYSA-N
CAS_100-42-5;NA;Styren;PPBRXRYQALVLMV-UHFFFAOYSA-N
CAS_100-75-4;NA;N-nitrosopiperidin;UWSDONTXWQOZFN-UHFFFAOYSA-N
CAS_10081-67-1;NA;4,4'-Bis(1,1-dimetylbenzyl)difenylamin;UJAWGGOCYUPCPS-UHFFFAOYSA-N
CAS_101043-37-2;NA;Mikrocystin-LR;ZYZCGGRZINLQBL-GWRQVWKTSA-N
CAS_101-37-1;NA;Triallylcyanurat;BJELTSYBAHKXRW-UHFFFAOYSA-N
CAS_101686-49-1;NA;indeno(1,2,3-cd)perylen;YTUILTQRCVAYNB-UHFFFAOYSA-N
CAS_101-77-9;NA;4,4'-Metmylendianilin;YBRVSVVVWCFQMG-UHFFFAOYSA-N
CAS_1024-57-3;NA;Heptaklorepoksid;ZXFXBSWRVIQKOD-UOFFAGTMSA-N
CAS_1025-15-6;NA;Triallyl isocyanurat;KOMNUTZXSVSERR-UHFFFAOYSA-N
CAS_103-90-2;NA;Paracetamol (legemiddel);RZVAJINKPMORJF-UHFFFAOYSA-N
CAS_10396-80-2;NA;2,6-ditert-butyl-4-metyl-4-hydroksybenzen-1(4H)-on (BHT-quinol);DQBHJILNHNRDTM-UHFFFAOYSA-N
CAS_104-35-8;NA;4-Nonylfenol monoetoksylat (NP1EO);KUXGUCNZFCVULO-UHFFFAOYSA-N
CAS_104-40-5;NA;4-n-Nonylfenol;IGFHQQFPSIBGKE-UHFFFAOYSA-N
CAS_104-43-8;NA;4-dodecylfenol;KJWMCPYEODZESQ-UHFFFAOYSA-N
CAS_104653-34-1;NA;Difetialone;VSVAQRUUFVBBFS-UHFFFAOYSA-N
CAS_10482-56-1;NA;alfa-Terpineol;WUOACPNHFRMFPN-SECBINFHSA-N
CAS_10540-29-1;NA;Tamoksifen (legemiddel);NKANXQFJJICGDU-QPLCGJKRSA-N
CAS_105-67-9;NA;2,4-dimetylfenol;KUFFULVDNCHOFZ-UHFFFAOYSA-N
CAS_10595-95-6;NA;N-nitrosometyletylamin;RTDCJKARQCRONF-UHFFFAOYSA-N
CAS_106-42-3;NA;p-Xylen;URLKBWYHVLBVBO-UHFFFAOYSA-N
CAS_106-44-5;NA;p-Cresol;IWDCLRJOBJJRNH-UHFFFAOYSA-N
CAS_106-46-7;NA;1,4-diklorbenzen;OCJBOOLMMGQPQU-UHFFFAOYSA-N
CAS_106-48-9;NA;4-klorfenol;WXNZTHHGJRFXKQ-UHFFFAOYSA-N
CAS_106-93-4;NA;1,2-dibrometan;PAAZPARNPHGIKF-UHFFFAOYSA-N
CAS_107-06-2;NA;1,2-dikloretan;WSLDOOZREJYCGB-UHFFFAOYSA-N
CAS_107-21-1;NA;Glykol;LYCAIKOWRPUZTN-UHFFFAOYSA-N
CAS_107-46-0;NA;Heksametyldisiloksan (MM);UQEAIHBTYFGYIE-UHFFFAOYSA-N
CAS_107-50-6;NA;Tetradekametylsykloheptasiloksan (D7);GSANOGQCVHBHIF-UHFFFAOYSA-N
CAS_107-51-7;NA;Oktametyltrisiloksan (L3);CXQXSVUQTKDNFP-UHFFFAOYSA-N
CAS_108-38-3;NA;m-Xylen;IVSZLXZYQVIEFR-UHFFFAOYSA-N
CAS_108-39-4;NA;m-Cresol;RLSSMJSEOOYNOY-UHFFFAOYSA-N
CAS_108-43-0;NA;3-klorfenol;HORNXRXVQWOLPJ-UHFFFAOYSA-N
CAS_108-67-8;NA;1,3,5-trimetylbenzen;AUHZEENZYGFFBQ-UHFFFAOYSA-N
CAS_108-68-9;NA;3,5-dimetylfenol;TUAMRELNJMMDMT-UHFFFAOYSA-N
CAS_108-70-3;NA;1,3,5-triklorbenzen;XKEFYDZQGKAQCN-UHFFFAOYSA-N
CAS_108-88-3;NA;Toluen;YXFVVABEGXRONW-UHFFFAOYSA-N
CAS_108-90-7;NA;Klorbenzen;MVPPADPHJFYWMZ-UHFFFAOYSA-N
CAS_108-95-2;NA;Fenol;ISWSIDIOOBJBQZ-UHFFFAOYSA-N
CAS_110-85-0;NA;Piperazin;GLUUGHFHXGJENI-UHFFFAOYSA-N
CAS_1116-54-7;NA;N-nitrosodietanolamin;YFCDLVPYFMHRQZ-UHFFFAOYSA-N
CAS_112-18-5;NA;N,N-Dimetyldodecylamin;YWFWDNVOPHGWMX-UHFFFAOYSA-N
CAS_112-69-6;NA;N,N-Dimetylheksadecylamin;NHLUVTZJQOJKCC-UHFFFAOYSA-N
CAS_112-75-4;NA;N,N-dimetyltetradecylamin;SFBHPFQSSDCYSL-UHFFFAOYSA-N
CAS_113507-82-7;NA;Perfluor(2-etoksyetan)sulfonsyre;RJGUAQKOHAABLK-UHFFFAOYSA-N
CAS_114977-28-5;NA;Docetaxel (legemiddel);ZDZOTLJHXYCWBA-VCVYQWHSSA-N
CAS_115-27-5;NA;Klorendik anhydrid;FLBJFXNAEMSXGL-UHFFFAOYSA-N
CAS_115-29-7;NA;Endosulfan;RDYMFSUJUZBWLH-UHFFFAOYSA-N
CAS_115-32-2;NA;Dicofol;UOAMTSKGCBMZTC-UHFFFAOYSA-N
CAS_115-86-6;NA;Trifenylfosfat (TPhP);XZZNDPSIHUTMOC-UHFFFAOYSA-N
CAS_115-96-8;NA;Tri(2-kloroetyl)fosfat (TCEP);HQUQLFOMPYWACS-UHFFFAOYSA-N
CAS_115-99-1;NA;Linalylformat;JZOCDHMHLGUPFI-UHFFFAOYSA-N
CAS_1160294-93-8;NA;N-(4-Bromfenyl)-4-difenylamin;RDSXVQDXXSPFHG-UHFFFAOYSA-N
CAS_1163-19-5;NA;PBDE209;WHHGLZMJPXIBIX-UHFFFAOYSA-N
CAS_117-81-7;NA;Bis(2-etylheksyl)ftalat;BJQHLKABXJIVAM-UHFFFAOYSA-N
CAS_117-82-8;NA;Bis(2-metoksyetyl)ftalat;HSUIVCLOAAJSRE-UHFFFAOYSA-N
CAS_117-83-9;NA;Bis(2-butoksyetyl)ftalat;CMCJNODIWQEOAI-UHFFFAOYSA-N
CAS_117-84-0;NA;Dioktylftalat;MQIUGAXCHLFZKX-UHFFFAOYSA-N
CAS_117948-63-7;NA;PBDE184;JHDCZVAQPRXHEL-UHFFFAOYSA-N
CAS_117964-21-3;NA;PBDE197;AAFUUKPTSPVXJH-UHFFFAOYSA-N
CAS_118-56-9;NA;Homosalat;WSSJONWNBBTCMG-UHFFFAOYSA-N
CAS_118-74-1;NA;Heksaklorbenzen;CKAPSXZOOQJIBF-UHFFFAOYSA-N
CAS_118-79-6;NA;Tribromfenol;BSWWXRFVMJHFBN-UHFFFAOYSA-N
CAS_118-82-1;NA;4,4'-Metylen bis(2,6-ditertbutylfenol);MDWVSAYEQPLWMX-UHFFFAOYSA-N
CAS_119-47-1;NA;Antioksidant 2246;KGRVJHAUYBGFFP-UHFFFAOYSA-N
CAS_119791-41-2;NA;Emamektin;CXEGAUYXQAKHKJ-APFPJSSDSA-N
CAS_12002-48-1;NA;Sum triklorbenzener (alle isomere);NA
CAS_120-12-7;NA;Antracen;MWPLVEDNUUSJAV-UHFFFAOYSA-N
CAS_120226-60-0;NA;1H,1H,2H,2H-perfluordodekansulfonsyre (10:2 FTS);AJMAYLFJZQYRHN-UHFFFAOYSA-N
CAS_120-36-5;NA;Diklorprop;MZHCENGPTKEIGP-UHFFFAOYSA-N
CAS_120442-40-2;NA;1,3-DPMA;BUHVIAUBTBOHAG-DXOKPZAMSA-N
CAS_120-46-7;NA;Dibenzoylmetan;NZZIMKJIVMHWJC-UHFFFAOYSA-N
CAS_120-47-8;NA;Etylparaben;NUVBSKCKDOMJSU-UHFFFAOYSA-N
CAS_120-75-2;NA;2-Metylbenzotiazol;DXYYSGDWQCSKKO-UHFFFAOYSA-N
CAS_120-78-5;NA;2,2'-Ditiobisbenzotiazol;AFZSMODLJJCVPP-UHFFFAOYSA-N
CAS_120-82-1;NA;1,2,4-triklorbenzen;PBKONEOXTCPAFI-UHFFFAOYSA-N
CAS_120-83-2;NA;2,4-diklorfenol;HFZWRUODUSTPEG-UHFFFAOYSA-N
CAS_120-95-6;NA;2,4-di-tert-pentylfenol;WMVJWKURWRGJCI-UHFFFAOYSA-N
CAS_121-00-6;NA;3-tert-butyl-4-hydroksyanisol;MRBKEAMVRSLQPH-UHFFFAOYSA-N
CAS_122-34-9;NA;Simazin;ODCWYMIRDDJXKW-UHFFFAOYSA-N
CAS_123-07-9;NA;4-etylfenol;HXDOZKJGKXYMEW-UHFFFAOYSA-N
CAS_1239666-60-4;NA;2-metyl-2-(nitroamino)-1-propanol;WTIFXEKZEYZXMJ-UHFFFAOYSA-N
CAS_12408-10-5;NA;Sum tetraklorbenzen (alle isomere);NA
CAS_1241-94-7;NA;2-Etylhexyldifenylfosfat (EHDPP);CGSLYBDCEGBZCG-UHFFFAOYSA-N
CAS_124-28-7;NA;N,N-dimethyloctadecan-1-amine;NAPSCFZYZVSQHF-UHFFFAOYSA-N
CAS_124495-18-7;NA;Quinoxyfen;WRPIRSINYZBGPK-UHFFFAOYSA-N
CAS_124-68-5;NA;2-Amino-2-metylpropanol;CBTVGIZVANVGBH-UHFFFAOYSA-N
CAS_126-71-6;NA;Triisobutylfosfat (TIBP);HRKAMJBPFPHCSD-UHFFFAOYSA-N
CAS_126-73-8;NA;Tributylfosfat (TBP);STCOOQWBFONSKY-UHFFFAOYSA-N
CAS_127-18-4;NA;1,1,2,2-Tetrakloreten;CYTYCFOTNPOANT-UHFFFAOYSA-N
CAS_127-54-8;NA;Bisfenol G;IJWIRZQYWANBMP-UHFFFAOYSA-N
CAS_127-91-3;NA;beta-Pinen;WTARULDDTDQWMU-UHFFFAOYSA-N
CAS_128-37-0;NA;Butylert hydroksytoluen (BHT);NLZUEZXRPGMBCV-UHFFFAOYSA-N
CAS_128-39-2;NA;2,6-ditert-butylfenol;DKCPKDPYUFEZCP-UHFFFAOYSA-N
CAS_128-63-2;NA;Tetrabrompyren;ZKBKRTZIYOKNRG-UHFFFAOYSA-N
CAS_129-00-0;NA;Pyren;BBEAQIROQSPTKN-UHFFFAOYSA-N
CAS_129188-99-4;NA;Bisfenol TMC;UMPGNGRIGSEMTC-UHFFFAOYSA-N
CAS_13014-24-9;NA;3,4-DCBTC;ATYLRBXENHNROH-UHFFFAOYSA-N
CAS_131-11-3;NA;Dimetylftalat;NIQCNGHVCWTJSM-UHFFFAOYSA-N
CAS_131-16-8;NA;Dipropylftalat;MQHNKCZKNAJROC-UHFFFAOYSA-N
CAS_131-18-0;NA;Dipentylftalat;IPKKHRVROFYTEK-UHFFFAOYSA-N
CAS_1314-56-3;NA;Fosforpentoksid (P2O5);YWEUIGNSBFLMFL-UHFFFAOYSA-N
CAS_131-57-7;NA;Benzofenon-3;DXGLGDHPHMLXJC-UHFFFAOYSA-N
CAS_1321-64-8;NA;Pentaklornaftalen;JRZKNHITLINYHV-UHFFFAOYSA-N
CAS_1321-65-9;NA;Triklornaftalen;QEPTXDCPBXMWJC-UHFFFAOYSA-N
CAS_1321-94-4;NA;C1-Naftalener;NA
CAS_1322-98-1;NA;Decylbenzensulfonat (C10);RLJSXMVTLMHXJS-UHFFFAOYSA-M
CAS_13252-13-6;NA;Heksafluorpropylenoksid dimersyre (HFPO-DA);CSEBNABAWMZWIF-UHFFFAOYSA-N
CAS_13252-14-7;NA;Perfluor-2,5-dimetyl-3,6-dioksanonansyre;OIVQVBDAMYDDEM-UHFFFAOYSA-N
CAS_132-64-9;NA;Dibenzofuran;TXCDCPKCNAJMEE-UHFFFAOYSA-N
CAS_132-65-0;NA;Dibenzotiofen;IYYZUPMFVPLQIF-UHFFFAOYSA-N
CAS_1330-20-7;NA;Xylen (sum alle isomerer);NA
CAS_1330-78-5;NA;Trikresylfosfat (TCrP);BOSMZFBHAYFUBJ-UHFFFAOYSA-N
CAS_13345-21-6;NA;3-Hydroksybenzo[a]pyren;SPUUWWRWIAEPDB-UHFFFAOYSA-N
CAS_1335-87-1;NA;Heksaklornaftalen;CTLMCQOGOWNFHA-UHFFFAOYSA-N
CAS_1335-88-2;NA;Tetraklornaftalen;NAQWICRLNQSPPW-UHFFFAOYSA-N
CAS_1336-36-3;NA;Sum PCB (må spesifiseres);NA
CAS_134237-50-6;NA;a-HBCDD;DEIGXXQKDWULML-PQTSNVLCSA-N
CAS_134237-51-7;NA;b-HBCDD;DEIGXXQKDWULML-UFVWWTPHSA-N
CAS_134237-52-8;NA;g-HBCDD;DEIGXXQKDWULML-MOCCIAMBSA-N
CAS_134523-00-5;NA;Atorvastatin (legemiddel);XUKUURHRXDUEBC-KAYWLYCHSA-N
CAS_13466-78-9;NA;3-Caren;BQOFWKZOCNGFEC-UHFFFAOYSA-N
CAS_13494-80-9;NA;Tellur;PORWMNRCUJJQNO-UHFFFAOYSA-N
CAS_135-57-9;NA;N,N'-ditiodi-o-fenylenedibenzamid;ZHMIOPLMFZVSHY-UHFFFAOYSA-N
CAS_135590-91-9;NA;Mefenpyr-dietyl;OPGCOAPTHCZZIW-UHFFFAOYSA-N
CAS_13560-89-9;NA;Dekloran A;UGQQAJOWXNCOPY-UHFFFAOYSA-N
CAS_13560-90-2;NA;Dekloran 601;COOHPPAZRZIWHM-UHFFFAOYSA-N
CAS_13560-91-3;NA;Klorden Plus;FUVVGRBPINDFIQ-UHFFFAOYSA-N
CAS_13560-92-4;NA;Dekloran 603;WSEXCYJMFQVEIN-UHFFFAOYSA-N
CAS_135821-03-3;NA;Dekloran Plus syn;UGQQAJOWXNCOPY-MXYLTYEXSA-N
CAS_135821-04-4;NA;1,5-DPMA;NA
CAS_135821-74-8;NA;Dekloran Plus anti;UGQQAJOWXNCOPY-VBCJEVMVSA-N
CAS_13595-25-0;NA;Bisfenol M;PVFQHGDIOXNKIC-UHFFFAOYSA-N
CAS_13654-09-6;NA;PBB209;AQPHBYQUCKHJLT-UHFFFAOYSA-N
CAS_136677-10-6;NA;Sum PCDF;NA
CAS_13674-84-5;NA;Tri(1-klor-2-propyl) fosfat;KVMPUXDNESXNOH-UHFFFAOYSA-N
CAS_13674-87-8;NA;Tri(1,3-diklor-2-propyl) fosfat (TDCP);ASLWPAWFJZFCKF-UHFFFAOYSA-N
CAS_136-95-8;NA;Bensotiasol-2-ylamin;UHGULLIUJBCTEF-UHFFFAOYSA-N
CAS_1379460-34-0;NA;Perfluorpentadekanesulfonsyre (PFPeS)(;XEMFUSUHNOPSDA-UHFFFAOYSA-N
CAS_1379460-39-5;NA;Perfluortetradekansulfonsyre (PFTS);APTHHQMMNKGQCK-UHFFFAOYSA-N
CAS_138724-53-5;NA;IN-70941;YKUAHBLGZCTWPS-UHFFFAOYSA-N
CAS_13966-00-2;NA;Kalium-40;ZLMJMSJWJFRBEC-OUBTZVSYSA-N
CAS_13966-29-5;NA;Uran-234;JFALSRSLKYAFGM-AHCXROLUSA-N
CAS_140-66-9;NA;4-tert-Oktylfenol;ISAVYTVYFVQUDY-UHFFFAOYSA-N
CAS_141074-63-7;NA;Perfluorpentadekansyre (PFPeDA);BJNCSIWIMCWIMS-UHFFFAOYSA-N
CAS_141-43-5;NA;Monoetanolamin;HZAXFHJVJLSVMW-UHFFFAOYSA-N
CAS_141-62-8;NA;Dekametyltetrasiloksan (L4);YFCGDEUVHLPRCZ-UHFFFAOYSA-N
CAS_141-63-9;NA;Dodekametylpentasiloksan (L5);FBZANXDWQAVSTQ-UHFFFAOYSA-N
CAS_141-83-3;NA;Guanylurea (legemiddel);SQSPRWMERUQXNE-UHFFFAOYSA-N
CAS_1421-49-4;NA;3,5-ditert-butyl-4-hydroksybenzosyre;YEXOWHQZWLCHHD-UHFFFAOYSA-N
CAS_14255-04-0;NA;Bly-210;WABPQHHGFIMREM-AKLPVKDBSA-N
CAS_145413-90-7;NA;OH-PCB146;KVRQWFNZIYFJRU-UHFFFAOYSA-N
CAS_1461-25-2;NA;Tetrabutyltinn (TTBT);AFCAKJKUYFLYFK-UHFFFAOYSA-N
CAS_14698-29-4;NA;Oksolinsyre;KYGZCKSPAKDVKC-UHFFFAOYSA-N
CAS_147217-75-2;NA;PBDE17;VYBFILXLBMWOLI-UHFFFAOYSA-N
CAS_147217-80-9;NA;PBDE35;CDVYKQPKJYPWRO-UHFFFAOYSA-N
CAS_1478-61-1;NA;Bisfenol AF;ZFVMWEVVKGLCIJ-UHFFFAOYSA-N
CAS_14797-55-8;NA;Nitrat;NHNBFGGVMKEFGY-UHFFFAOYSA-N
CAS_14797-65-0;NA;Nitritt;IOVCWXUNBOPUCH-UHFFFAOYSA-M
CAS_14798-03-9;NA;Ammonium;QGZKDVFQNNGYKY-UHFFFAOYSA-O
CAS_149246-64-0;NA;1H,2H-perfluortetradekansulfonsyre (12:2 FTS);HROXNRPVGFCRKZ-UHFFFAOYSA-N
CAS_149-30-4;NA;2-Mercaptobenzotiazol;YXIWHUQXZSMYRE-UHFFFAOYSA-N
CAS_149589-59-3;NA;OH-PCB138;IFMBZIUKIZYLED-UHFFFAOYSA-N
CAS_15117-96-1;NA;Uran-235;JFALSRSLKYAFGM-OIOBTWANSA-N
CAS_151-21-3;NA;Natriumdodecylsulfat;DBMJMQXJHONAFJ-UHFFFAOYSA-M
CAS_151331-80-5;NA;IN-70942;AFOZBVKCZXHDER-UHFFFAOYSA-N
CAS_151772-58-6;NA;Perfluor-3,6-dioksaheptansyre (36O2-PFHpA);PPWRLPJIHGWGFH-UHFFFAOYSA-N
CAS_1522-92-5;NA;Tribromneopentylalkohol;QEJPOEGPNIVDMK-UHFFFAOYSA-N
CAS_15231-44-4;NA;Dioktyltinn kation (DOT);IFYGUNVJGWHEBO-UHFFFAOYSA-N
CAS_15231-57-9;NA;Monooktyltinn kation (MOT);ZMHZSHHZIKJFIR-UHFFFAOYSA-N
CAS_15262-20-1;NA;Radium-228;HCWPIIXVSYCSAN-NJFSPNSNSA-N
CAS_152969-11-4;NA;OH-PCB107;WGNCTWHUJUDFCH-UHFFFAOYSA-N
CAS_153212-75-0;NA;6-Hydroksypaclitaxel (legemiddelrest);NDCWHEDPSFRTDA-FJMWQILYSA-N
CAS_153-61-7;NA;Cefalotin (legemiddel);XIURVHNZVLADCM-IUODEOHRSA-N
CAS_15438-31-0;NA;Jern(II);CWYNVVGOOAEACU-UHFFFAOYSA-N
CAS_1546-95-8;NA;7H-dodekafluorheptansyre (HPFHpA);JZHDEEOTEUVLHR-UHFFFAOYSA-N
CAS_154702-15-5;NA;Iscotrizinol (UV-310);OSCJHTSDLYVCQC-UHFFFAOYSA-N
CAS_156-59-2;NA;cis-1,2-dikloreten;KFUSEUYYWQURPO-UPHRSURJSA-N
CAS_156-60-5;NA;trans-1,2-dikloreten;KFUSEUYYWQURPO-OWOJBTEDSA-N
CAS_1571-75-1;NA;Bisfenol AP;VOWWYDCFAISREI-UHFFFAOYSA-N
CAS_15721-78-5;NA;4,4'-di-tert-oktyldifenylamin;GQBHYWDCHSZDQU-UHFFFAOYSA-N
CAS_1576-67-6;NA;3,6-dimetylfenantren;OMIBPZBOAJFEJS-UHFFFAOYSA-N
CAS_158076-63-2;NA;OH-PCB159;PZAKBNHYWBSZAF-UHFFFAOYSA-N
CAS_158076-64-3;NA;OH-PCB172;NMAGXCAAKZMNOI-UHFFFAOYSA-N
CAS_158076-68-7;NA;OH-PCB187;RPXRFGDJHIVRSM-UHFFFAOYSA-N
CAS_158076-69-8;NA;OH-PCB180;JCUBQOKFGUXHFL-UHFFFAOYSA-N
CAS_1582-09-8;NA;Trifluralin;ZSDSQXJSNMTJDA-UHFFFAOYSA-N
CAS_15826-16-1;NA;Natriumlauretsulfat;ASEFUFIKYOCPIJ-UHFFFAOYSA-M
CAS_15950-66-0;NA;2,3,4-triklorfenol;HSQFVBWFPBKHEB-UHFFFAOYSA-N
CAS_15972-60-8;NA;Alaklor;XCSGPAVHZFQHGE-UHFFFAOYSA-N
CAS_1620-98-0;NA;3,5-ditert-butyl-4-hydroksybenzaldehyd;DOZRDZLFLOODMB-UHFFFAOYSA-N
CAS_1634-04-4;NA;Metyl tert-butyleter;BZLVMXJERCGZMT-UHFFFAOYSA-N
CAS_1643-20-5;NA;N,N-Dimetyldodecylamin N-oksid;SYELZBGXAIXKHU-UHFFFAOYSA-N
CAS_16517-11-6;NA;Perfluoroktadekansyre (PFOcDA);ZTSDOGSKTICNPQ-UHFFFAOYSA-N
CAS_16606-02-3;NA;PCB31;VAHKBZSAUKPEOV-UHFFFAOYSA-N
CAS_1668-54-8;NA;2-amino-4-metoksy-6-metyl-1,3,5-triazin (IN-A4098);NXFQWRWXEYTOTK-UHFFFAOYSA-N
CAS_1691-99-2;NA;N-etyl perfluoroktansulfonamid etanol (N-EtFOSE);HUFHNYZNTFSKCT-UHFFFAOYSA-N
CAS_170946-11-9;NA;OH-PCB118;JROZAXVKMMXVBS-UHFFFAOYSA-N
CAS_17117-34-9;NA;3-Nitrobenzantron (3-NBA);QAJOWHGESRCVLY-UHFFFAOYSA-N
CAS_17202-41-4;NA;Perfluornonansulfonsyre (PFNS);CCLOSADEZDSARB-UHFFFAOYSA-N
CAS_172155-07-6;NA;Perfluor-3,7-dimetyloktansyre (PF-3,7-DMOA);KZUSAXRVIONPJU-UHFFFAOYSA-N
CAS_17301-53-0;NA;Behentrimonium chloride (ATAC-C22);YSJGOMATDFSEED-UHFFFAOYSA-M
CAS_1746-01-6;NA;TCDD (D48);HGUFODBRKLSHSI-UHFFFAOYSA-N
CAS_17540-75-9;NA;2,6 ditert-butyl-4-sec-butylfenol (Vanox);BFZOTKYPSZSDEV-UHFFFAOYSA-N
CAS_1763-23-1;NA;Perfluoroktansulfonsyre (PFOS);YFSUTJLHUFNCNZ-UHFFFAOYSA-N
CAS_177352-99-7;NA;(Z)-EHMC;YBGZDTIWKVFICR-RAXLEYEMSA-N
CAS_17928-28-8;NA;Metyltris(trimetylsiloksy)silan;RGMZNZABJYWAEC-UHFFFAOYSA-N
CAS_179324-69-7;NA;Bortezomib (legemiddel);GXJABQQUPOEUTA-RDJZCZTQSA-N
CAS_1806-26-4;NA;4-n-Oktylfenol;NTDQQZYCCIDJRK-UHFFFAOYSA-N
CAS_182346-21-0;NA;PBDE85;DMLQSUZPTTUUDP-UHFFFAOYSA-N
CAS_182677-30-1;NA;PBDE138;IZFQCEZFGCMHOM-UHFFFAOYSA-N
CAS_183658-27-7;NA;2-Etylheksyl 2,3,4,5-tetrabrombenzoat;HVDXCGSGEQKWGB-UHFFFAOYSA-N
CAS_1844-01-5;NA;Bisfenol BP;BATCUENAARTUKW-UHFFFAOYSA-N
CAS_18540-29-9;NA;Krom, seksverdig;JOPOVCBBYLSVDA-UHFFFAOYSA-N
CAS_189084-61-5;NA;PBDE66;DHUMTYRHKMCVAG-UHFFFAOYSA-N
CAS_189084-62-6;NA;PBDE71;COPAGYRSCJVION-UHFFFAOYSA-N
CAS_189084-63-7;NA;PBDE75;BWCNKMFFUGBFGB-UHFFFAOYSA-N
CAS_189084-64-8;NA;PBDE100;NSKIRYMHNFTRLR-UHFFFAOYSA-N
CAS_189084-66-0;NA;PBDE119;KXEOYBYEJCRPGB-UHFFFAOYSA-N
CAS_189084-67-1;NA;PBDE181;GVNRIAPLVGNZPL-UHFFFAOYSA-N
CAS_189084-68-2;NA;PBDE190;OUEYHQIMJGHOQN-UHFFFAOYSA-N
CAS_189-55-9;NA;Dibenzo[a,i]pyren;TUGYIJVAYAHHHM-UHFFFAOYSA-N
CAS_189-64-0;NA;Dibenzo[a,h]pyren;RXUSYFJGDZFVND-UHFFFAOYSA-N
CAS_191-24-2;NA;Benzo[ghi]perylen;GYFAGKUZYNFMBN-UHFFFAOYSA-N
CAS_192-65-4;NA;Dibenzo[a,e]pyren;KGHMWBNEMFNJFZ-UHFFFAOYSA-N
CAS_192-97-2;NA;Benzo[e]pyren;TXVHTIQJNYSSKO-UHFFFAOYSA-N
CAS_193-39-5;NA;Indeno[1,2,3-cd]pyren;SXQBHARYMNFBPS-UHFFFAOYSA-N
CAS_19408-74-3;NA;HxCDD (D70);LGIRBUBHIWTVCK-UHFFFAOYSA-N
CAS_1948-33-0;NA;2-tert-butylhydroquinon;BGNXCDMCOKJUMV-UHFFFAOYSA-N
CAS_198-55-0;NA;Perylen;CSHWQDPOILHKBI-UHFFFAOYSA-N
CAS_1987-50-4;NA;4-n-heptylfenol;KNDDEFBFJLKPFE-UHFFFAOYSA-N
CAS_20074-52-6;NA;Jern(III);VTLYFUHAOXGGBS-UHFFFAOYSA-N
CAS_20170-32-5;NA;3-(3,5-ditert-butyl-4-hydroksyfenyl)propionsyre (Fenozansyre);WPMYUUITDBHVQZ-UHFFFAOYSA-N
CAS_20268-51-3;NA;7-Nitrobenz[a]antracen (7-NBAA);KOPVBVBUIYTJBG-UHFFFAOYSA-N
CAS_203-12-3;NA;Benzo[ghi]fluoranten;YEIHPPOCKIHUQJ-UHFFFAOYSA-N
CAS_203-33-8;NA;Benzo[a]fluoranten;OQDXASJSCOTNQS-UHFFFAOYSA-N
CAS_20389-65-5;NA;Dibromaldrin;SUSUGGDVAULJNM-UHFFFAOYSA-N
CAS_20427-84-3;NA;4-Nonylfenol dietoksylat (NP2EO);BLXVTZPGEOGTGG-UHFFFAOYSA-N
CAS_2043-47-2;NA;1H,1H,2H,2H-perfluorheksanol (4:2 FTOH);JCMNMOBHVPONLD-UHFFFAOYSA-N
CAS_2051-24-3;NA;PCB209;ONXPZLFXDMAPRO-UHFFFAOYSA-N
CAS_205-82-3;NA;Benzo[j]fluoranten;KHNYNFUTFKJLDD-UHFFFAOYSA-N
CAS_2058-94-8;NA;Perfluorundekansyre (PFUnDA);SIDINRCMMRKXGQ-UHFFFAOYSA-N
CAS_205-99-2;NA;Benzo[b]fluoranten;FTOVXSOBNPWTSH-UHFFFAOYSA-N
CAS_206-44-0;NA;Fluoranten;GVEPBJHOBDJJJI-UHFFFAOYSA-N
CAS_207-08-9;NA;Benzo[k]fluoranten;HAXBIWFMXWRORI-UHFFFAOYSA-N
CAS_207122-15-4;NA;PBDE154;VHNPZYZQKWIWOD-UHFFFAOYSA-N
CAS_207122-16-5;NA;PBDE183;ILPSCQCLBHQUEM-UHFFFAOYSA-N
CAS_2081-08-5;NA;Bisfenol E;HCNHNBLSNVSJTJ-UHFFFAOYSA-N
CAS_2082-79-3;NA;Oktadecyl 3-(3,5-ditert-butyl-4-hydroksyfenyl)propionat (Irganox);SSDSCDGVMJFTEQ-UHFFFAOYSA-N
CAS_208-96-8;NA;Acenaftylen;HXGDTGSAIMULJN-UHFFFAOYSA-N
CAS_2116-84-9;NA;Polyfenylmetylsiloksan;LINXHFKHZLOLEI-UHFFFAOYSA-N
CAS_21245-02-3;NA;Oktyldimetyl-p-aminobenzoat;WYWZRNAHINYAEF-UHFFFAOYSA-N
CAS_21542-96-1;NA;N,N-Dimetyldocosylamin;ICZKASVWFUJTEI-UHFFFAOYSA-N
CAS_2167-51-3;NA;Bisfenol P;GIXXQTYGFOHYPT-UHFFFAOYSA-N
CAS_217-59-4;NA;Trifenylen;SLGBZMMZGDRARJ-UHFFFAOYSA-N
CAS_218-01-9;NA;Crysen;WDECIBYCCFPHNR-UHFFFAOYSA-N
CAS_21850-44-2;NA;Tetrabromobisfenol A bis (dibrompropyl eter);LXIZRZRTWSDLKK-UHFFFAOYSA-N
CAS_22204-53-1;NA;Naproxen (legemiddel);CMWTZPSULFXXJA-VIFPVBQESA-N
CAS_2234-13-1;NA;Oktaklornaftalen;RTNLUFLDZOAXIC-UHFFFAOYSA-N
CAS_2245-38-7;NA;2,3,5-trimetylnaftalen;JBXULKRNHAQMAS-UHFFFAOYSA-N
CAS_22967-92-6;NA;Metylkvikksølv;DBUXSCUEGJMZAE-UHFFFAOYSA-N
CAS_2315-61-9;NA;4-tert-Oktylfenol dietoksylat (OP2EO);LBCZOTMMGHGTPH-UHFFFAOYSA-N
CAS_2315-62-0;NA;4-tert-Oktylfenol trietoksylat (OP3EO);OLOHNJXENGJYTB-UHFFFAOYSA-N
CAS_2315-67-5;NA;4-tert-Oktylfenol monoetoksylat (OP1EO);JYCQQPHGFMYQCF-UHFFFAOYSA-N
CAS_23214-92-8;NA;Doksorubicin (legemiddel);AOJJSUZBOXZQNB-TZSSRYMLSA-N
CAS_2355-31-9;NA;N-metyl perfluoroktansulfonamido eddiksyre (Me-FOSAA);QNDHIRFIMVNHBN-UHFFFAOYSA-N
CAS_2385-85-5;NA;Dekloran (Mirex);GVYLCNUFSHDAAW-UHFFFAOYSA-N
CAS_238-84-6;NA;Benzo[a]fluoren;HKMTVMBEALTRRR-UHFFFAOYSA-N
CAS_23949-66-8;NA;2-Etoksy-2'-etyloksanilid (UV-312);YIMHRDBSVCPJOV-UHFFFAOYSA-N
CAS_2406-68-0;NA;Monofenyltinn kation (MPhT);JDWJZEXJARCHAT-UHFFFAOYSA-N
CAS_2425-77-6;NA;2-Heksyldekanol;XULHFMYCBKQGEE-UHFFFAOYSA-N
CAS_243-17-4;NA;Benzo[b]fluoren;HAPOJKSPCGLOOD-UHFFFAOYSA-N
CAS_2433-56-9;NA;1-Hydroksyfenantren;GTBXZWADMKOZQJ-UHFFFAOYSA-N
CAS_2437-79-8;NA;PCB47;QORAVNMWUNPXAO-UHFFFAOYSA-N
CAS_243982-82-3;NA;PBDE49;QWVDUBDYUPHNHY-UHFFFAOYSA-N
CAS_24448-09-7;NA;N-metyl perfluoroktansulfonamid etanol (N-MeFOSE);PLGACQRCZCVKGK-UHFFFAOYSA-N
CAS_2467-02-9;NA;2,2'-Bisfenol F;MQCPOLNSJCWPGT-UHFFFAOYSA-N
CAS_2467-03-0;NA;2,4'-Bisfenol F;LVLNPXCISNPHLE-UHFFFAOYSA-N
CAS_25013-16-5;NA;Butylert hydroksyanisol;MRBKEAMVRSLQPH-UHFFFAOYSA-N
CAS_25037-45-0;NA;Polykarbonat;PWULOAPIBVMKBN-UHFFFAOYSA-N
CAS_25038-54-4;NA;Polyamid 6 (Nylon 6);ALBYIUDWACNRRB-UHFFFAOYSA-N
CAS_25038-59-9;NA;Polyetylentereftalat;FYIBGDKNYYMMAG-UHFFFAOYSA-N
CAS_25154-52-3;NA;Nonylfenol;SNQQPOLDUKLAAF-UHFFFAOYSA-N
CAS_25155-23-1;NA;Trixylylfosfat;LLPMAOBOEQFPRE-UHFFFAOYSA-N
CAS_25155-30-0;NA;Dodecylbenzensulfonat (C12);HOXWFOVSCUWIEH-UHFFFAOYSA-M
CAS_25268-77-3;NA;2-[[(heptadekafluoroktyl)sulfonyl]metylamino]etyl akrylat) (N-MeFOSEA);GTPCZYUMOVUFSW-UHFFFAOYSA-N
CAS_2528-36-1;NA;Dibutylfenylfosfat (DBPhP);YICSVBJRVMLQNS-UHFFFAOYSA-N
CAS_2531-84-2;NA;2-metylfenantren;KANLOADZXMMCQA-UHFFFAOYSA-N
CAS_25321-22-6;NA;Sum diklorbenzen (alle isomere);RFFLAFLAYFXFSW-UHFFFAOYSA-N
CAS_25323-68-6;NA;Sum Triklorbifenyl;IUYHQGMDSZOPDZ-UHFFFAOYSA-N
CAS_25327-89-3;NA;2,2',6,6'-Tetrabrombisfenol A diallyleter;PWXTUWQHMIFLKL-UHFFFAOYSA-N
CAS_25429-29-2;NA;Sum Pentaklorbifenyl;GGMPTLAAIUQMIE-UHFFFAOYSA-N
CAS_25637-99-4;NA;1,3,5,7,9,11-HBCDD;LEOCKULGXOQRTQ-UHFFFAOYSA-N
CAS_25653-16-1;NA;Tri(3,5-dimetylfenyl) fosfat;LLPMAOBOEQFPRE-UHFFFAOYSA-N
CAS_25973-55-1;NA;UV-328;ZMWRRFHBXARRRT-UHFFFAOYSA-N
CAS_26040-51-7;NA;Bis(2-etylheksyl)tetrabromftalat;UUEDINPOVKWVAZ-UHFFFAOYSA-N
CAS_2605-79-0;NA;N,N-Dimetyldecylamin N-oksid;ZRKZFNZPJKEWPC-UHFFFAOYSA-N
CAS_26248-24-8;NA;Tridecylbenzensulfonat (C13);DUXXGJTXFHUORE-UHFFFAOYSA-M
CAS_26601-64-9;NA;Sum Heksaklorbifenyl;RUEIBQJFGMERJD-UHFFFAOYSA-N
CAS_26761-40-0;NA;Diisodecylftalat;ZVFDTKUVRCTHQE-UHFFFAOYSA-N
CAS_26787-78-0;NA;Amoksicillin (legemiddel);LSQZJLSUYDQPKJ-NJBDSQKTSA-N
CAS_26914-33-0;NA;Sum Tetraklorbifenyl;HLQDGCWIOSOMDP-UHFFFAOYSA-N
CAS_26967-76-0;NA;Tris(4-isopropylfenyl) fosfat;JFUPPPQAMSJQBF-UHFFFAOYSA-N
CAS_2706-90-3;NA;Perfluorpentansyre (PFPeA);CXZGQIAOTKWCDB-UHFFFAOYSA-N
CAS_2706-91-4;NA;Perfluorpentansulfonsyre (PFPS);ACEKLXZRZOWKRY-UHFFFAOYSA-N
CAS_2717-42-2;NA;1,2,4-trimetylnaftalen;JCNGSJUYPCVGAM-UHFFFAOYSA-N
CAS_27176-93-8;NA;Nonylfenol dietoksylat;RRLGETDMEIMLQU-UHFFFAOYSA-N
CAS_27193-86-8;NA;Dodecylfenol;CYEJMVLDXAUOPN-UHFFFAOYSA-N
CAS_27304-13-8;NA;Oksyklordan;VWGNQYSIWFHEQU-KGEUUOKHSA-N
CAS_27344-41-8;NA;Tinopal (FB-351);PMPJQLCPEQFEJW-UHFFFAOYSA-L
CAS_2752-95-6;NA;Butyldifenylfosfat (DPhBP);DIBUFQMCUZYQKN-UHFFFAOYSA-N
CAS_27619-97-2;NA;1H,1H,2H,2H-perfluoroktansulfonsyre (6:2 FTS);VIONGDJUYAYOPU-UHFFFAOYSA-N
CAS_27636-75-5;NA;Undecylbenzensulfonat (C11);CZPODFALZXLJJI-UHFFFAOYSA-M
CAS_27776-01-8;NA;Benzyltoluen;PQTAUFTUHHRKSS-UHFFFAOYSA-N
CAS_27854-31-5;NA;2H,2H-Perfluordekansyre (8:2 FTCA);XTBXSCIWOVSSGB-UHFFFAOYSA-N
CAS_27986-36-3;NA;Nonylfenol monoetoksylat;IEORSVTYLWZQJQ-UHFFFAOYSA-N
CAS_28044-83-9;NA;trans-Heptaklorepoksid;ZXFXBSWRVIQKOD-WOBUKFROSA-N
CAS_2806-24-8;NA;Perfluoroktansulfonamid eddiksyre (FOSAA);AYLOUUCBACYHAB-UHFFFAOYSA-N
CAS_28159-98-0;NA;Irgarol;HDHLIWCXDDZUFH-UHFFFAOYSA-N
CAS_28299-41-4;NA;Ditolyleter;CYXMOAZSOPXQOD-UHFFFAOYSA-N
CAS_28553-12-0;NA;Diisononylftalat;HBGGXOJOCNVPFY-UHFFFAOYSA-N
CAS_28652-77-9;NA;C3-Naftalener;XYTKCJHHXQVFCK-UHFFFAOYSA-N
CAS_28655-71-2;NA;Sum Heptaklorbifenyl;PAYFWJAKKLILIT-UHFFFAOYSA-N
CAS_28772-56-7;NA;Bromadiolon;OWNRRUFOJXFKCU-UHFFFAOYSA-N
CAS_28804-88-8;NA;C2-Naftalener;QNLZIZAQLLYXTC-UHFFFAOYSA-N
CAS_29082-74-4;NA;Oktaklorstyren;RUYUCCQRWINUHE-UHFFFAOYSA-N
CAS_2921-88-2;NA;Klorpyrifos;SBPBAQFWLVIOKP-UHFFFAOYSA-N
CAS_29253-36-9;NA;Isopropylnaftalen;PMPBFICDXLLSRM-UHFFFAOYSA-N
CAS_2965-52-8;NA;SN-diPAP (FC 807);BZZAKKWGRKFWJJ-UHFFFAOYSA-N
CAS_29761-21-5;NA;Isodecyldifenylfosfat;RYUJRXVZSJCHDZ-UHFFFAOYSA-N
CAS_297730-93-9;NA;2-(Trifluormetyl)-3-etoksydodekafluorheksan;HHBBIOLEJRWIGU-UHFFFAOYSA-N
CAS_297-78-9;NA;Isobenzan;LRWHHSXTGZSMSN-UHFFFAOYSA-N
CAS_298-46-4;NA;Carbamazepin (legemiddel);FFGPTBGBLSHEPO-UHFFFAOYSA-N
CAS_2991-50-6;NA;N-etyl perfluoroktansulfonamid eddiksyre (Et-FOSAA);CKRXVVGETMYFIO-UHFFFAOYSA-N
CAS_30334-69-1;NA;Perfluorbutansulfonamid;FUVKFLJWBHVMHX-UHFFFAOYSA-N
CAS_307-24-4;NA;Perfluorheksansyre (PFHxA);PXUULQAPEKKVAH-UHFFFAOYSA-N
CAS_307-55-1;NA;Perfluordodekansyre (PFDoDA);CXGONMQFMIYUJR-UHFFFAOYSA-N
CAS_309-00-2;NA;Aldrin;QBYJBZPUGVGKQQ-SJJAEHHWSA-N
CAS_3091-25-6;NA;Monooktyltinntriklorid;INTLMJZQCBRQAT-UHFFFAOYSA-K
CAS_31107-44-5;NA;Dekloran 602;CDBKZZACXQLFMK-UHFFFAOYSA-N
CAS_3147-75-9;NA;UV-329;IYAZLDLPUNDVAG-UHFFFAOYSA-N
CAS_31506-32-8;NA;N-metyl oktansulfonamid (N-MeFOSA);SRMWNTGHXHOWBT-UHFFFAOYSA-N
CAS_31508-00-6;NA;PCB118;IUTPYMGCWINGEY-UHFFFAOYSA-N
CAS_3194-55-6;NA;1,2,5,6,9,10-HBCDD;DEIGXXQKDWULML-UHFFFAOYSA-N
CAS_319-84-6;NA;a-HCH;JLYXXMFPNIAWKQ-UHFFFAOYSA-N
CAS_319-85-7;NA;b-HCH;JLYXXMFPNIAWKQ-UHFFFAOYSA-N
CAS_319-86-8;NA;d-HCH;JLYXXMFPNIAWKQ-UHFFFAOYSA-N
CAS_32228-99-2;NA;N-fenyl-4-difenylamin;YGNUPJXMDOFFDO-UHFFFAOYSA-N
CAS_32241-08-0;NA;Heptaklornaftalen;QYEGXUUXWMKHHS-UHFFFAOYSA-N
CAS_3236-71-3;NA;Bisfenol FL;YWFPGFJLYRKYJZ-UHFFFAOYSA-N
CAS_32388-55-9;NA;Acetylcedrene;YBUIAJZFOGJGLJ-SWRJLBSHSA-N
CAS_32534-81-9;NA;Sum PentaBDE;NA
CAS_32536-52-0;NA;Sum OktaBDE;ORYGKUIDIMIRNN-UHFFFAOYSA-N
CAS_32588-76-4;NA;Tetrabromtalimidetan;DYIZJUDNMOIZQO-UHFFFAOYSA-N
CAS_32598-10-0;NA;PCB66;RKLLTEAEZIJBAU-UHFFFAOYSA-N
CAS_32598-11-1;NA;PCB70;KENZYIHFBRWMOD-UHFFFAOYSA-N
CAS_32598-13-3;NA;PCB77;UQMGJOKDKOLIDP-UHFFFAOYSA-N
CAS_32598-14-4;NA;PCB105;WIDHRBRBACOVOY-UHFFFAOYSA-N
CAS_3268-87-9;NA;OCDD (D75);FOIBFBMSLDGNHL-UHFFFAOYSA-N
CAS_32690-93-0;NA;PCB74;TULCXSBAPHCWCF-UHFFFAOYSA-N
CAS_32774-16-6;NA;PCB169;ZHLICBPIXDOFFG-UHFFFAOYSA-N
CAS_3278-89-5;NA;TBP-AE (ATE);RZLLIOPGUFOWOD-UHFFFAOYSA-N
CAS_32886-97-8;NA;Pivmecillinam (legemiddel);NPGNOVNWUSPMDP-HLLBOEOZSA-N
CAS_330-54-1;NA;Diuron;XMTQQYYKAHVGBJ-UHFFFAOYSA-N
CAS_33069-62-4;NA;Paclitaxel (legemiddel);RCINICONZNJXQF-VAZQATRQSA-N
CAS_33213-65-9;NA;beta-Endosulfan;RDYMFSUJUZBWLH-LLXUDWAZSA-N
CAS_3322-93-8;NA;alfa-TBECH;PQRRSJBLKOPVJV-UHFFFAOYSA-N
CAS_3322-93-8;NA;beta-TBECH;PQRRSJBLKOPVJV-UHFFFAOYSA-N
CAS_3322-93-8;NA;gamma-TBECH;PQRRSJBLKOPVJV-UHFFFAOYSA-N
CAS_3332-27-2;NA;N,N-dimetyltetradecylamin N-oksid;ONHFWHCMZAJCFB-UHFFFAOYSA-N
CAS_335-67-1;NA;Perfluoroktansyre (PFOA);SNGREZUHAYWORS-UHFFFAOYSA-N
CAS_335-76-2;NA;Perfluordekansyre (PFDA);PCIUEQPBYFRTEM-UHFFFAOYSA-N
CAS_335-77-3;NA;Perfluordekansulfonsyre (PFDS);HYWZIAVPBSTISZ-UHFFFAOYSA-N
CAS_337513-72-1;NA;PBDE203;RTUZOQFRIPIWPS-UHFFFAOYSA-N
CAS_3380-34-5;NA;Triclosan;XEFQLINVKFYRCS-UHFFFAOYSA-N
CAS_34123-59-6;NA;Isoproturon;PUIYMUZLKQOUOZ-UHFFFAOYSA-N
CAS_3424-82-6;NA;op'-DDE;ZDYJWDIWLRZXDB-UHFFFAOYSA-N
CAS_34432-92-3;NA;Solvent yellow 124;BATVZJPOLFSGTD-WCWDXBQESA-N
CAS_34571-16-9;NA;Dekloran 604;OFMIYVOTMGHOEI-UHFFFAOYSA-N
CAS_34598-33-9;NA;2H,2H,3H,3H-perfluorundekansyre (H4PFUnA);JZRCRCFPVAXHHQ-UHFFFAOYSA-N
CAS_35065-27-1;NA;PCB153;MVWHGTYKUMDIHL-UHFFFAOYSA-N
CAS_35065-28-2;NA;PCB138;RPUMZMSNLZHIGZ-UHFFFAOYSA-N
CAS_35065-29-3;NA;PCB180;WBHQEUPUMONIKF-UHFFFAOYSA-N
CAS_35065-30-6;NA;PCB170;RMPWIIKNWPVWNG-UHFFFAOYSA-N
CAS_35109-60-5;NA;TBP-DPBE (DPTE);QXWYPAKUEHGJSG-UHFFFAOYSA-N
CAS_35367-38-5;NA;Diflubenzuron;QQQYTWIFVNKMRW-UHFFFAOYSA-N
CAS_3542-36-7;NA;Dioktyltinndiklorid;SBOSGIJGEHWBKV-UHFFFAOYSA-L
CAS_355-46-4;NA;Perfluorheksansulfonsyre (PFHxS);QZHDEAJFRJCDMF-UHFFFAOYSA-N
CAS_355832-04-1;NA;Dimetyl-N-fenylfluorenamin;RFTRFDMRINNTSI-UHFFFAOYSA-N
CAS_35693-99-3;NA;PCB52;HCWZEPKLWVAEOV-UHFFFAOYSA-N
CAS_35694-08-7;NA;PCB194;DTMRKGRREZAYAP-UHFFFAOYSA-N
CAS_35822-46-9;NA;HpCDD (D73);WCLNVRQZUKYVAI-UHFFFAOYSA-N
CAS_35854-94-5;NA;PBDE156;HRSCBOSGEKXXSI-UHFFFAOYSA-N
CAS_36437-37-3;NA;UV-350;RTNVDKBRTXEWQE-UHFFFAOYSA-N
CAS_36483-60-0;NA;Sum HeksaBDE;YURCHLXPAGSJHU-UHFFFAOYSA-N
CAS_36643-28-4;NA;Tributyltinn kation (TBT);LSKGFBJLYWXIOF-UHFFFAOYSA-N
CAS_366791-32-4;NA;PBDE126;SJNIIWPIAVQNRK-UHFFFAOYSA-N
CAS_375-22-4;NA;Perfluorbutansyre (PFBA);YPJUNDFVDDCYIH-UHFFFAOYSA-N
CAS_375-73-5;NA;Perfluorbutansulfonsyre (PFBS);JGTNAGYHADQMCM-UHFFFAOYSA-N
CAS_375-85-9;NA;Perfluorheptansyre (PFHpA);ZWBAMYVPMDSJGQ-UHFFFAOYSA-N
CAS_375-92-8;NA;Perfluorheptansulfonsyre (PFHpS);OYGQVDSRYXATEL-UHFFFAOYSA-N
CAS_375-95-1;NA;Perfluornonansyre (PFNA);UZUFPBIDKMEQEQ-UHFFFAOYSA-N
CAS_376-06-7;NA;Perfluortetradekansyre (PFTeDA);RUDINRUXCKIXAJ-UHFFFAOYSA-N
CAS_376-72-7;NA;5H-Perfluorpentansyre (5H-PFPeA);VGFKXVSMDOKOJZ-UHFFFAOYSA-N
CAS_37680-65-2;NA;PCB18;DCMURXAZTZQAFB-UHFFFAOYSA-N
CAS_37680-73-2;NA;PCB101;LAHWLEDBADHJGA-UHFFFAOYSA-N
CAS_377-73-1;NA;Perfluor-3-metoksypropansyre (13-PFECA);AGIMOOYNBDLMJV-UHFFFAOYSA-N
CAS_37853-59-1;NA;1,2-Bis(2,4,6-tribromfenoksy)etan;YATIGPZCMOYEGE-UHFFFAOYSA-N
CAS_38051-10-4;NA;V6;ZGHUDSLVQAGWEY-UHFFFAOYSA-N
CAS_38379-99-6;NA;PCB95;GXNNLIMMEXHBKV-UHFFFAOYSA-N
CAS_38380-01-7;NA;PCB99;LMQJBFRGXHMNOX-UHFFFAOYSA-N
CAS_38380-03-9;NA;PCB110;ARXHIJMGSIYYRZ-UHFFFAOYSA-N
CAS_38380-04-0;NA;PCB149;LKHLFUVHHXCNJH-UHFFFAOYSA-N
CAS_38380-07-3;NA;PCB128;BTAGRXWGMYTPBY-UHFFFAOYSA-N
CAS_38380-08-4;NA;PCB156;LCXMEXLGMKFLQO-UHFFFAOYSA-N
CAS_38411-25-5;NA;PCB174;ZDLMBNHYTPHDLF-UHFFFAOYSA-N
CAS_38444-81-4;NA;PCB26;ONNCPBRWFSKDMQ-UHFFFAOYSA-N
CAS_38444-86-9;NA;PCB33;RIMXLXBUOQMDHV-UHFFFAOYSA-N
CAS_38444-90-5;NA;PCB37;YZANRISAORXTHU-UHFFFAOYSA-N
CAS_3846-71-7;NA;UV-320;LHPPDQUVECZQSW-UHFFFAOYSA-N
CAS_3864-99-1;NA;UV-327;UWSMKYBKUPAEJQ-UHFFFAOYSA-N
CAS_3896-11-5;NA;UV-326;OCWYEMOEOGEQAN-UHFFFAOYSA-N
CAS_39001-02-0;NA;OCDF (F135);RHIROFAGUQOFLU-UHFFFAOYSA-N
CAS_39108-34-4;NA;1H,1H,2H,2H-perfluordekansulfonsyre (8:2 FTS);ALVYVCQIFHTIRD-UHFFFAOYSA-N
CAS_39227-28-6;NA;HxCDD (D66);WCYYQNSQJHPVMG-UHFFFAOYSA-N
CAS_39239-77-5;NA;1H,1H,2H,2H-perfluortetradekan-1-ol (12:2 FTOH);QBBJBWKVSJWYQK-UHFFFAOYSA-N
CAS_39635-31-9;NA;PCB189;XUAWBXBYHDRROL-UHFFFAOYSA-N
CAS_39635-32-0;NA;PCB111;QMUDLTGWHILKHH-UHFFFAOYSA-N
CAS_39765-80-5;NA;trans-Nonaklor;OCHOKXCPKDPNQU-FLVMBEMLSA-N
CAS_40088-47-9;NA;Sum TetraBDE;VIHUMJGEWQPWOT-UHFFFAOYSA-N
CAS_40186-72-9;NA;PCB206;JFIMDKGRGPNPRQ-UHFFFAOYSA-N
CAS_40321-76-4;NA;1,2,3,7,8/1,2,3,4,8-PeCDF;NA
CAS_40321-76-4;NA;PeCDD (D54);FSPZPQQWDODWAU-UHFFFAOYSA-N
CAS_40630-67-9;NA;N-etyl perfluorbutansulfonamid (N-EtFBSA);SSTPSALUCQWOOV-UHFFFAOYSA-N
CAS_41318-75-6;NA;PBDE28;UPNBETHEXPIWQX-UHFFFAOYSA-N
CAS_41464-39-5;NA;PCB44;ALDJIKXAHSDLLB-UHFFFAOYSA-N
CAS_4151-50-2;NA;N-etyl perfluoroktansulfonamid (N-EtFOSA);CCEKAJIANROZEO-UHFFFAOYSA-N
CAS_4191-73-5;NA;Isopropylparaben;CMHMMKSPYOOVGI-UHFFFAOYSA-N
CAS_419566-33-9;NA;Bis(4-heksylfenyl)amin;ZRXIMHFLYXQJNI-UHFFFAOYSA-N
CAS_4196-89-8;NA;Neopentyl glycol dibenzoat;DYJIIMFHSZKBDY-UHFFFAOYSA-N
CAS_41997-13-1;NA;Perfluorheksansulfonamid (PFHxSA);WDZLGCSJJWEQJO-UHFFFAOYSA-N
CAS_42074-68-0;NA;2-klorotritylklorid;JFLSOKIMYBSASW-UHFFFAOYSA-N
CAS_422-64-0;NA;Perfluorpropansyre;LRMSQVBRUNSOJL-UHFFFAOYSA-N
CAS_42397-64-8;NA;1,6-Dinitropyrene (1,6-dNPY);GUXACCKTQWVTLG-UHFFFAOYSA-N
CAS_42499-41-2;NA;N-nitropiperazin;KNZVXSFTGQDAPP-UHFFFAOYSA-N
CAS_42576-02-3;NA;Bifenox;SUSRORUBZHMPCO-UHFFFAOYSA-N
CAS_42835-25-6;NA;Flumequin;DPSPPJIUMHPXMA-UHFFFAOYSA-N
CAS_4299-07-4;NA;2-butyl-2,3-dihydrobenzisotiazol-3-on;LUYIHWDYPAZCNN-UHFFFAOYSA-N
CAS_43210-67-9;NA;Fenbendazol;HDDSHPAODJUKPD-UHFFFAOYSA-N
CAS_437701-79-6;NA;PBDE207;IEEVDIAVLGLVOW-UHFFFAOYSA-N
CAS_446254-80-4;NA;PBDE118;VTMFEPLDDHZBGI-UHFFFAOYSA-N
CAS_446255-30-7;NA;PBDE191;BNBFKFHSIPERIM-UHFFFAOYSA-N
CAS_446255-38-5;NA;PBDE195;GPQLSLKPHQEEOP-UHFFFAOYSA-N
CAS_446255-38-5;NA;PBDE196;IEWFKOVTVJNWFF-UHFFFAOYSA-N
CAS_446255-56-7;NA;PBDE205;CVMKCYDBEYHNBM-UHFFFAOYSA-N
CAS_4496-49-5;NA;4-tert-butyldifenylamin;UOMXLEWVJZEVGP-UHFFFAOYSA-N
CAS_461-58-5;NA;Dicyandiamid;QGBSISYHAICWAH-UHFFFAOYSA-N
CAS_4627-22-9;NA;4,4'-di-tert-butyldifenylamin;OPEKHRGERHDLRK-UHFFFAOYSA-N
CAS_465-73-6;NA;Isodrin;QBYJBZPUGVGKQQ-SEIHLVFNSA-N
CAS_470-90-6;NA;Klorfenvinfos;KLXJPQNHFFMLIG-UHFFFAOYSA-N
CAS_4901-51-3;NA;2,3,4,5-tetraklorfenol;RULKYXXCCZZKDZ-UHFFFAOYSA-N
CAS_49690-94-0;NA;Sum TriBDE;BUQBQEYUVAKJQK-UHFFFAOYSA-N
CAS_50-00-0;NA;Formaldehyd;WSFSSNUMVMOOMR-UHFFFAOYSA-N
CAS_500717-23-7;NA;Bis-(9,9-dimetylfluoren-2-yl)amin;LCSMGMWMTSWXDD-UHFFFAOYSA-N
CAS_50-29-3;NA;pp'-DDT;YVGGHNCTFXOJCH-UHFFFAOYSA-N
CAS_50-32-8;NA;Benzo[a]pyren;FMMWHPNWAFZXNH-UHFFFAOYSA-N
CAS_50-48-6;NA;Amitriptylin (legemiddel);KRMDCWKBEZIMAB-UHFFFAOYSA-N
CAS_5103-71-9;NA;cis-Klordan;BIWJNBZANLAXMG-KMMBHOGFSA-N
CAS_5103-74-2;NA;trans-Klordan;BIWJNBZANLAXMG-MPPHZFHBSA-N
CAS_51207-31-9;NA;TCDF (F83);KSMVNVHUTQZITP-UHFFFAOYSA-N
CAS_513-08-6;NA;Tripropylfosfat (TPrP);RXPQRKFMDQNODS-UHFFFAOYSA-N
CAS_51437-95-7;NA;4-Nonylfenol trietoksylat (NP3EO);ZIJRVWRFZGXKMY-UHFFFAOYSA-N
CAS_51908-16-8;NA;PCB146;BQHCQAQLTCQFJZ-UHFFFAOYSA-N
CAS_52236-30-3;NA;Deaminodiketometribuzin;ZARIFGFXSIZTAK-UHFFFAOYSA-N
CAS_52315-07-8;NA;Cypermetrin;KAATUXNTWXVJKI-UHFFFAOYSA-N
CAS_525-66-6;NA;Propranolol (legemiddel);AQHHHDLHHXJYJD-UHFFFAOYSA-N
CAS_52645-53-1;NA;Permetrin;RLLPVAHGXHCWKJ-UHFFFAOYSA-N
CAS_52663-68-0;NA;PCB187;UDMZPLROONOSEF-UHFFFAOYSA-N
CAS_52663-69-1;NA;PCB183;KQBFUDNJKCZEDQ-UHFFFAOYSA-N
CAS_52663-72-6;NA;PCB167;AZXHAWRMEPZSSV-UHFFFAOYSA-N
CAS_526-73-8;NA;1,2,3-trimetylbenzen;FYGHSUNMUKGBRK-UHFFFAOYSA-N
CAS_526-75-0;NA;2,3-dimetylfenol;QWBBPBRQALCEIZ-UHFFFAOYSA-N
CAS_52712-04-6;NA;PCB141;UCLKLGIYGBLTSM-UHFFFAOYSA-N
CAS_527-60-6;NA;2,4,6-trimetylfenol;BPRYUXCVCCNUFE-UHFFFAOYSA-N
CAS_52918-63-5;NA;Deltamethrin;OWZREIFADZCYQD-NSHGMRRFSA-N
CAS_5315-79-7;NA;1-Hydroksypyren;BIJNHUAPTJVVNQ-UHFFFAOYSA-N
CAS_53-19-0;NA;op'-DDD;JWBOIMRXGHLCPP-UHFFFAOYSA-N
CAS_5324-68-5;NA;1,3,5-triklor-2,4,6-trimetylbenzen;VMNISWKTOHUZQN-UHFFFAOYSA-N
CAS_53675-52-8;NA;Difenyltinn kation (DPhT);KUCPUSUXIGWHFB-UHFFFAOYSA-N
CAS_53-70-3;NA;Dibenzo[a,h]antracen;LHRCREOYAASXPZ-UHFFFAOYSA-N
CAS_5397-34-2;NA;2,4'-Bisfenol S;LROZSPADHSXFJA-UHFFFAOYSA-N
CAS_540-97-6;NA;Dodekametylsykloheksasiloksan (D6);IUMSDRXLFWAGNT-UHFFFAOYSA-N
CAS_541-02-6;NA;Dekametylsyklopentasiloksan (D5);XMSXQFUHVRWGNA-UHFFFAOYSA-N
CAS_541-05-9;NA;Heksametylsyklotrisiloksan (D3);HTDJPCNNEPUOOQ-UHFFFAOYSA-N
CAS_541-73-1;NA;1,3-diklorbenzen;ZPQOPVIELGIULI-UHFFFAOYSA-N
CAS_54193-28-1;NA;Doksorubicinol (legemiddelrest);HXLDWBVPJMGMOZ-UHFFFAOYSA-N
CAS_5436-43-1;NA;PBDE47;XYBSIYMGXVUVGY-UHFFFAOYSA-N
CAS_54464-57-2;NA;Isosyklemon E;FVUGZKDGWGKCFE-UHFFFAOYSA-N
CAS_5466-77-3;NA;Oktylmetoksycinnamat (EHMC);YBGZDTIWKVFICR-JLHYYAGUSA-N
CAS_55-18-5;NA;N-nitrosodietylamin;WBNQDOYYEUMPFS-UHFFFAOYSA-N
CAS_5522-43-0;NA;1-Nitropyren (1-NPY);ALRLPDGCPYIVHP-UHFFFAOYSA-N
CAS_55268-74-1;NA;Prazikvantel;FSVJFNAIGNNGKK-UHFFFAOYSA-N
CAS_55389-75-8;NA;Bis(3,4-dimetylfenyl)amin;IMQQPEKHINRTCE-UHFFFAOYSA-N
CAS_55406-53-6;NA;3-iod-2-propynylbutylkarbamat;WYVVKGNFXHOCQV-UHFFFAOYSA-N
CAS_556-67-2;NA;Oktametylsyklotetrasiloksan (D4);HMMGMWAXVFQUOA-UHFFFAOYSA-N
CAS_556-68-3;NA;Heksadekametylsyklooktasiloksan (D8);XKJMJYZFAWYREL-UHFFFAOYSA-N
CAS_556-71-8;NA;Oktadekametylsyklononasiloksan (D9);ISXOGOLHEGHGQF-UHFFFAOYSA-N
CAS_55673-89-7;NA;HpCDF (F134);VEZCTZWLJYWARH-UHFFFAOYSA-N
CAS_55722-26-4;NA;Sum Oktaklorbifenyl;JAHJITLFJSDRCG-UHFFFAOYSA-N
CAS_55864-04-5;NA;4-isopropylfenyl difenylfosfat;JUHFQCKQQLMGAB-UHFFFAOYSA-N
CAS_55864-07-8;NA;Bis(4-isopropylfenyl) fenyl fosfat;GQJZORIDXGBCCT-UHFFFAOYSA-N
CAS_56038-13-2;NA;Sukralose;BAQAVOSOZGMPRM-QBMZZYIRSA-N
CAS_56073-07-5;NA;Difenacoum;FVQITOLOYMWVFU-UHFFFAOYSA-N
CAS_56073-10-0;NA;Brodifacoum;VEUZZDOCACZPRY-UHFFFAOYSA-N
CAS_56-23-5;NA;Karbontetraklorid;VZGDMQKNWNREIO-UHFFFAOYSA-N
CAS_5632-47-3;NA;N-nitrosopiperazin;CVTIZMOISGMZRJ-UHFFFAOYSA-N
CAS_56507-37-0;NA;Diketometribuzin;AHBXXEZLRFCZSF-UHFFFAOYSA-N
CAS_56-55-3;NA;Benzo[a]antracen;DXBHBZVCASKNBY-UHFFFAOYSA-N
CAS_57117-31-4;NA;PeCDF (F114);OGBQILNBLMPPDP-UHFFFAOYSA-N
CAS_57117-41-6;NA;PeCDF (F94);SBMIVUVRFPGOEB-UHFFFAOYSA-N
CAS_57117-44-9;NA;HxCDF (F121);JEYJJJXOFWNEHN-UHFFFAOYSA-N
CAS_57-12-5;NA;Cyanid;XFXPMWWXUTWYJX-UHFFFAOYSA-N
CAS_571-61-9;NA;1,5-dimetylnaftalen;SDDBCEWUYXVGCQ-UHFFFAOYSA-N
CAS_57-27-2;NA;Morfin (legemiddel);BQJCRHHNABKAKU-KBQPJGBKSA-N
CAS_57465-28-8;NA;PCB126;REHONNLQRWTIFF-UHFFFAOYSA-N
CAS_575-43-9;NA;1,6-dimetylnaftalen;CBMXCNPQDUJNHT-UHFFFAOYSA-N
CAS_57-55-6;NA;Propylenglykol;DNIAPMSPPWPWGF-UHFFFAOYSA-N
CAS_576-24-9;NA;2,3-diklorfenol;UMPSXRYVXUPCOS-UHFFFAOYSA-N
CAS_576-26-1;NA;2,6-dimetylfenol;NXXYKOUNUYWIHA-UHFFFAOYSA-N
CAS_57653-85-7;NA;HxCDD (D67);YCLUIPQDHHPDJJ-UHFFFAOYSA-N
CAS_57677-95-9;NA;bis (1H,1H,2H,2H-perfluoroktylfosfat);ZDYYWMSLMLTXDM-UHFFFAOYSA-N
CAS_57835-92-4;NA;4-Nitropyren (4-NPY);UISKIUIWPSPSAV-UHFFFAOYSA-N
CAS_57837-19-1;NA;Metalaksyl;ZQEIXNIJLIKNTD-UHFFFAOYSA-N
CAS_581-42-0;NA;2,6-dimetylnaftalen;YGYNBBAUIYTWBF-UHFFFAOYSA-N
CAS_583-78-8;NA;2,5-diklorfenol;RANCECPPZPIPNO-UHFFFAOYSA-N
CAS_585-34-2;NA;3-tert-butylfenol;CYEKUDPFXBLGHH-UHFFFAOYSA-N
CAS_58-89-9;NA;Lindan (g-HCH);JLYXXMFPNIAWKQ-GNIYUCBRSA-N
CAS_58-90-2;NA;2,3,4,6-tetraklorfenol;VGVRPFIJEJYOFN-UHFFFAOYSA-N
CAS_59080-37-4;NA;PBB52;XEFMFJLRXHQLEM-UHFFFAOYSA-N
CAS_59080-40-9;NA;PBB153;HMBBJSKXDBUNNT-UHFFFAOYSA-N
CAS_591-35-5;NA;3,5-diklorfenol;VPOMSPZBQMDLTM-UHFFFAOYSA-N
CAS_59-89-2;NA;N-nitrosomorfolin;ZKXDGKXYMTYWTB-UHFFFAOYSA-N
CAS_60-00-4;NA;Etylendiamintetraeddiksyre (EDTA);KCXVZYZYPLLWCC-UHFFFAOYSA-N
CAS_60044-24-8;NA;PBB49;LUASYBWZXWTYKK-UHFFFAOYSA-N
CAS_602-60-8;NA;9-Nitroantracen (9-NAA);LSIKFJXEYJIZNB-UHFFFAOYSA-N
CAS_60348-60-9;NA;PBDE99;WHPVYXDFIXRKLN-UHFFFAOYSA-N
CAS_604-83-1;NA;9,10-dimetylfenantren;JUEORGSHIXFSSI-UHFFFAOYSA-N
CAS_605-54-9;NA;Bis(2-etoksyetyl)ftalat;RMKYMNRQXYPJHL-UHFFFAOYSA-N
CAS_6056-50-4;NA;Trisykloheksyltinn kation (TCHT);RNVJQUPAEIQUTC-UHFFFAOYSA-N
CAS_60-57-1;NA;Dieldrin;DFBKLUNHFCTMDC-PICURKEMSA-N
CAS_607-99-8;NA;2,4,6-tribromanisol;YXTRCOAFNXQTKL-UHFFFAOYSA-N
CAS_60851-34-5;NA;HxCDF (F130);XTAHLACQOVXINQ-UHFFFAOYSA-N
CAS_608-73-1;NA;Sum HCH (må spesifiseres);NA
CAS_608-90-2;NA;Pentabrombenzen;LLVVSBBXENOOQY-UHFFFAOYSA-N
CAS_608-93-5;NA;Pentaklorbenzen;CEOCDNVZRAIOQZ-UHFFFAOYSA-N
CAS_609-19-8;NA;3,4,5-triklorfenol;GBNHEBQXJVDXSW-UHFFFAOYSA-N
CAS_61-33-6;NA;Benzylpenicillin (legemiddel);JGSARLDLIJGVTE-MBNYWOFBSA-N
CAS_615-22-5;NA;2-(Metyltio)benzotiazol;UTBVIMLZIRIFFR-UHFFFAOYSA-N
CAS_61789-40-0;NA;Kokamidopropylbetain;MRUAUOIMASANKQ-UHFFFAOYSA-N
CAS_6197-30-4;NA;Oktokrylen;FMJSMJQBSVNSBF-UHFFFAOYSA-N
CAS_620-92-8;NA;Bisfenol F;PXKLMJQFEQBVLD-UHFFFAOYSA-N
CAS_621-64-7;NA;N-Nitrosodipropylamin;YLKFDHTUAUWZPQ-UHFFFAOYSA-N
CAS_62-73-7;NA;Diklorvos;OEBRKCOSUFCWJD-UHFFFAOYSA-N
CAS_62-75-9;NA;N-nitrosodimetylamin;UMFJAHHVKNCGLG-UHFFFAOYSA-N
CAS_62796-65-0;NA;PCB50;VLLVVZDKBSYMCG-UHFFFAOYSA-N
CAS_632-79-1;NA;Tetrabromftalsyreanhydrid;QHWKHLYUUZGSCW-UHFFFAOYSA-N
CAS_634-66-2;NA;1,2,3,4-tetraklorbenzen;GBDZXPJXOMHESU-UHFFFAOYSA-N
CAS_634-90-2;NA;1,2,3,5-tetraklorbenzen;QZYNWJQFTJXIRN-UHFFFAOYSA-N
CAS_63527-52-6;NA;Cefotaksim (legemiddel);GPRBEKHLDVQUJE-QSWIMTSFSA-N
CAS_63936-56-1;NA;PBDE206;CYRHBNRLQMLULE-UHFFFAOYSA-N
CAS_644-35-9;NA;2-n-propylfenol;LCHYEKKJCUJAKN-UHFFFAOYSA-N
CAS_64532-94-1;NA;2-Isopropylfenyl difenylfosfat;JJXNVYMIYBNZQX-UHFFFAOYSA-N
CAS_64532-95-2;NA;Tri(isopropylfenyl) fosfat;LIPMRGQQBZJCTM-UHFFFAOYSA-N
CAS_645-56-7;NA;4-n-propylfenol;KLSLBUSXWBJMEC-UHFFFAOYSA-N
CAS_646-83-3;NA;Perfluor-4-(perfluoretyl)sykloheksylsulfonsyre (PFECHS);ICKAEAFPESRWOT-UHFFFAOYSA-N
CAS_647-42-7;NA;1H,1H,2H,2H-perfluoroktanol (6:2 FTOH);GRJRKPMIRMSBNK-UHFFFAOYSA-N
CAS_65294-16-8;NA;Perfluor-2,5,8-trimetyl-3,6,9-trioksadodekansyre (369O3-PFDoDA);HPNULWLLEOKCID-UHFFFAOYSA-N
CAS_65510-44-3;NA;PCB123;YAHNWSSFXMVPOU-UHFFFAOYSA-N
CAS_657-24-9;NA;Metformin (legemiddel);XZWYZXLIPXDOLR-UHFFFAOYSA-N
CAS_66108-95-0;NA;Ioheksol (legemiddel);NTHXOOBQLCIOLC-UHFFFAOYSA-N
CAS_66455-15-0;NA;Alkoholpolyetoksilat (C10-C14);NA
CAS_66774-02-5;NA;O-klorfenylmetanol;KTVAHLGKTSPDOG-UHFFFAOYSA-N
CAS_668-34-8;NA;Trifenyltinn kation (TPhT);XBRCDWHXULVEFB-UHFFFAOYSA-N
CAS_67562-39-4;NA;HpCDF (F131);WDMKCPIVJOGHBF-UHFFFAOYSA-N
CAS_67-66-3;NA;Triklormetan;HEDRZPFGACZZDS-UHFFFAOYSA-N
CAS_67-72-1;NA;Heksakloretan;VHHHONWQHHHLTI-UHFFFAOYSA-N
CAS_67797-09-5;NA;PBDE202;AHNZLQAZTWRRDW-UHFFFAOYSA-N
CAS_678-39-7;NA;1H,1H,2H,2H-perfluordekanol (8:2 FTOH);JJUBFBTUBACDHW-UHFFFAOYSA-N
CAS_678-41-1;NA;bis (1H,1H,2H,2H-perfluordecylfosfat);AFWOYEYXUDHGHF-UHFFFAOYSA-N
CAS_67905-19-5;NA;Perfluorheksadekansyre (PFHxDA);OJMBMWRMTMHMSZ-UHFFFAOYSA-N
CAS_67906-42-7;NA;Perfluordekansulfonsyre ammoniumsalt (PFDcS);KVTQOQYMILOCBD-UHFFFAOYSA-N
CAS_68298-12-4;NA;N-metyl perfluorbutansulfonamid (N-MeFBSA);BEIWUHUHJDEMQO-UHFFFAOYSA-N
CAS_68631-49-2;NA;PBDE153;RZXIRSKYBISPGF-UHFFFAOYSA-N
CAS_68921-45-9;NA;4-tert-oktylfenylfenylamin;OSFOTMWFXQGWKZ-UHFFFAOYSA-N
CAS_68928-79-0;NA;Sum NonaBDE;NA
CAS_68928-80-3;NA;Sum HeptaBDE;NLBLNZDNOSSGPW-UHFFFAOYSA-N
CAS_6899-10-1;NA;Cetrimonium;RLGQACBPNDBWTB-UHFFFAOYSA-N
CAS_69009-90-1;NA;Diisopropylbifenyl;AMBHHSBRXZAGDZ-UHFFFAOYSA-N
CAS_697-82-5;NA;2,3,5-trimetylfenol;OGRAOKJKVGDSFR-UHFFFAOYSA-N
CAS_69782-90-7;NA;PCB157;YTWXDQVNPCIEOX-UHFFFAOYSA-N
CAS_7012-37-5;NA;PCB28;BZTYNSQSZHARAZ-UHFFFAOYSA-N
CAS_70356-09-1;NA;Avobenzone;XNEFYCZVKIDDMS-UHFFFAOYSA-N
CAS_70362-50-4;NA;PCB81;BHWVLZJTVIYLIV-UHFFFAOYSA-N
CAS_70648-26-9;NA;HxCDF (F118);LVYBAQIVPKCOEE-UHFFFAOYSA-N
CAS_70887-84-2;NA;Umettet fluortelomer karboksylsyre (8:2 FTUCA);WHZXTVOEGZRRJM-UHFFFAOYSA-N
CAS_71-43-2;NA;Benzen;UHOVQNZJYSORNB-UHFFFAOYSA-N
CAS_71-47-6;NA;Formiat;BDAGIHXWWSANSR-UHFFFAOYSA-M
CAS_71-50-1;NA;Acetat;QTBSBXVTEAMEQO-UHFFFAOYSA-M
CAS_71-55-6;NA;1,1,1-Trikloretan;UOCLXMDMGBRAIB-UHFFFAOYSA-N
CAS_719-22-2;NA;2,6-Di-tert-butyl-P-benzoquinon (BHT-Q);RDQSIADLBQFVMY-UHFFFAOYSA-N
CAS_72-20-8;NA;Endrin;DFBKLUNHFCTMDC-GKRDHZSOSA-N
CAS_72-54-8;NA;pp'-DDD;AHJKRLASYNVKDZ-UHFFFAOYSA-N
CAS_72-55-9;NA;pp'-DDE;UCNVFOCBFJOQAL-UHFFFAOYSA-N
CAS_72624-02-3;NA;4-heptylfenol;KNDDEFBFJLKPFE-UHFFFAOYSA-N
CAS_72629-94-8;NA;Perfluortridekansyre (PFTrDA);LVDGGZAZAYHXEY-UHFFFAOYSA-N
CAS_72918-21-9;NA;HxCDF (F124);PYUSJFJVDVSXIU-UHFFFAOYSA-N
CAS_732-26-3;NA;2,4,6-tri-tert-butylfenol;PFEFOYRSMXVNEL-UHFFFAOYSA-N
CAS_73334-07-3;NA;Iopromide (legemiddel);DGAIEPBNLOQYER-UHFFFAOYSA-N
CAS_7342-61-2;NA;Eicosyltrimetylammoniumbromid (ATAC-C20);MIKQUZGJQABVKX-UHFFFAOYSA-M
CAS_73606-19-6;NA;6:2 Cl-PFAES (F-53B);OWQCHLFKOGVODW-UHFFFAOYSA-M
CAS_7378-99-6;NA;N,N-Dimetyloktylamin;UQKAOOAFEFCDGT-UHFFFAOYSA-N
CAS_7429-90-5;NA;Aluminium;XAGFODPZIPBFFR-UHFFFAOYSA-N
CAS_7429-91-6;NA;Dysprosium;KBQHZAAAGSGFKK-UHFFFAOYSA-N
CAS_74386-82-6;NA;2-(nitroamino)etanol;LATUZCZOMGJGGZ-UHFFFAOYSA-N
CAS_7439-89-6;NA;Jern;XEEYBQQBJWHFJM-UHFFFAOYSA-N
CAS_7439-91-0;NA;Lantan;FZLIPJUXYLNCLC-UHFFFAOYSA-N
CAS_7439-92-1;NA;Bly;WABPQHHGFIMREM-UHFFFAOYSA-N
CAS_7439-93-2;NA;Litium;WHXSMMKQMYFTQS-UHFFFAOYSA-N
CAS_7439-94-3;NA;Lutetium;OHSVLFRHMCKCQY-UHFFFAOYSA-N
CAS_7439-95-4;NA;Magnesium;FYYHWMGAXLPEAU-UHFFFAOYSA-N
CAS_7439-96-5;NA;Mangan;PWHULOQIROXLJO-UHFFFAOYSA-N
CAS_7439-97-6;NA;Kvikksølv;QSHDDOUJBYECFT-UHFFFAOYSA-N
CAS_7439-98-7;NA;Molybden;ZOKXTWBITQBERF-UHFFFAOYSA-N
CAS_7440-00-8;NA;Neodym;QEFYFXOXNSNQGX-UHFFFAOYSA-N
CAS_7440-02-0;NA;Nikkel;PXHVJJICTQNCMI-UHFFFAOYSA-N
CAS_7440-03-1;NA;Niob;GUCVJGMIXFAOAE-UHFFFAOYSA-N
CAS_7440-05-3;NA;Palladium;KDLHZDBZIXYQEI-UHFFFAOYSA-N
CAS_7440-06-4;NA;Platina;BASFCYQUMIYNBI-UHFFFAOYSA-N
CAS_7440-09-7;NA;Kalium;ZLMJMSJWJFRBEC-UHFFFAOYSA-N
CAS_7440-10-0;NA;Praseodym;PUDIUYLPXJFUGB-UHFFFAOYSA-N
CAS_7440-14-4;NA;Radium-226;HCWPIIXVSYCSAN-IGMARMGPSA-N
CAS_7440-16-6;NA;Rhodium;MHOVAHRLVXNVSD-UHFFFAOYSA-N
CAS_7440-17-7;NA;Rubidium;IGLNJRXAVVLDKE-UHFFFAOYSA-N
CAS_7440-19-9;NA;Samarium;KZUNJOHGWZRPMI-UHFFFAOYSA-N
CAS_7440-20-2;NA;Scandium;SIXSYDAISGFNSX-UHFFFAOYSA-N
CAS_7440-21-3;NA;Silisium;XUIMIQQOPSSXEZ-UHFFFAOYSA-N
CAS_7440-22-4;NA;Sølv;BQCADISMDOOEFD-UHFFFAOYSA-N
CAS_7440-23-5;NA;Natrium;KEAYESYHFKHZAL-UHFFFAOYSA-N
CAS_7440-24-6;NA;Strontium;CIOAGBVUUVVLOB-UHFFFAOYSA-N
CAS_7440-25-7;NA;Tantal;GUVRBAGPIYLISA-UHFFFAOYSA-N
CAS_7440-27-9;NA;Terbium;GZCRRIHWUXGPOV-UHFFFAOYSA-N
CAS_7440-28-0;NA;Thallium;BKVIYDNLLOSFOA-UHFFFAOYSA-N
CAS_7440-29-1;NA;Thorium;ZSLUVFAKFWKJRC-UHFFFAOYSA-N
CAS_7440-29-1;NA;Thorium-232;ZSLUVFAKFWKJRC-UHFFFAOYSA-N
CAS_7440-30-4;NA;Thulium;FRNOGLGSGLTDKL-UHFFFAOYSA-N
CAS_7440-31-5;NA;Tinn;ATJFFYVFTNAWJD-UHFFFAOYSA-N
CAS_7440-32-6;NA;Titan;RTAQQCXQSZGOHL-UHFFFAOYSA-N
CAS_7440-33-7;NA;Wolfram;WFKWXMTUELFFGS-UHFFFAOYSA-N
CAS_7440-36-0;NA;Antimon;WATWJIUSRGPENY-UHFFFAOYSA-N
CAS_7440-38-2;NA;Arsen;RQNWIZPPADIBDY-UHFFFAOYSA-N
CAS_7440-39-3;NA;Barium;DSAJWYNOEDNPEQ-UHFFFAOYSA-N
CAS_7440-41-7;NA;Beryllium;ATBAMAFKBVZNFJ-UHFFFAOYSA-N
CAS_7440-42-8;NA;Bor;ZOXJGFHDIHLPTG-UHFFFAOYSA-N
CAS_7440-43-9;NA;Kadmium;BDOSMKKIYDKNTQ-UHFFFAOYSA-N
CAS_7440-45-1;NA;Cerium;GWXLDORMOJMVQZ-UHFFFAOYSA-N
CAS_7440-46-2;NA;Cesium;TVFDJXOCXUVLDH-UHFFFAOYSA-N
CAS_7440-47-3;NA;Krom;VYZAMTAEIAYCRO-UHFFFAOYSA-N
CAS_7440-48-4;NA;Kobolt;GUTLYIVDDKVIGB-UHFFFAOYSA-N
CAS_7440-50-8;NA;Kobber;RYGMFSIKBFXOCR-UHFFFAOYSA-N
CAS_7440-52-0;NA;Erbium;UYAHIZSMUZPPFV-UHFFFAOYSA-N
CAS_7440-53-1;NA;Europium;OGPBJKLSAFTDLK-UHFFFAOYSA-N
CAS_7440-54-2;NA;Gadolinium;UIWYJDYFSGRHKR-UHFFFAOYSA-N
CAS_7440-55-3;NA;Gallium;GYHNNYVSQQEPJS-UHFFFAOYSA-N
CAS_7440-56-4;NA;Germanium;GNPVGFCGXDBREM-UHFFFAOYSA-N
CAS_7440-58-6;NA;Hafnium;VBJZVLUMGGDVMO-UHFFFAOYSA-N
CAS_7440-60-0;NA;Holmium;KJZYNXUDTRRSPN-UHFFFAOYSA-N
CAS_7440-61-1;NA;Uran;JFALSRSLKYAFGM-UHFFFAOYSA-N
CAS_7440-61-1;NA;Uran-238;JFALSRSLKYAFGM-UHFFFAOYSA-N
CAS_7440-62-2;NA;Vanadium;LEONUFNNVUYDNQ-UHFFFAOYSA-N
CAS_7440-64-4;NA;Ytterbium;NAWDYIZEMPQZHO-UHFFFAOYSA-N
CAS_7440-65-5;NA;Yttrium;VWQVUPCCIRVNHF-UHFFFAOYSA-N
CAS_7440-66-6;NA;Sink;HCHKCACWOHOZIP-UHFFFAOYSA-N
CAS_7440-67-7;NA;Zirkonium;QCWXUUIWCKQGHC-UHFFFAOYSA-N
CAS_7440-69-9;NA;Vismut;JCXGWMGPZLAOME-UHFFFAOYSA-N
CAS_7440-70-2;NA;Kalsium;OYPRJOBELJOOCE-UHFFFAOYSA-N
CAS_7440-74-6;NA;Indium;APFVFJFRJDLVQX-UHFFFAOYSA-N
CAS_74472-37-0;NA;PCB114;SXZSFWHOSHAKMN-UHFFFAOYSA-N
CAS_74-82-8;NA;Metan;VNWKTOKETHGBQD-UHFFFAOYSA-N
CAS_749786-16-1;NA;Perfluorundekanesulfonsyre (PFUnS);UKHUPOMCGUFNAP-UHFFFAOYSA-N
CAS_75-01-4;NA;Kloretylen;BZHJMEDXRYGGRV-UHFFFAOYSA-N
CAS_75-09-2;NA;Diklormetan;YMWUJEATGCHHMB-UHFFFAOYSA-N
CAS_75321-20-9;NA;1,3-Dinitropyren (1,3-dNPY);KTNUVDBUEAQUON-UHFFFAOYSA-N
CAS_75-35-4;NA;Dikloretylen;LGXVIGDEPROXKC-UHFFFAOYSA-N
CAS_754-91-6;NA;Perfluoroktansulfonamid (PFOSA);RRRXPPIDPYTNJG-UHFFFAOYSA-N
CAS_754925-54-7;NA;F-53;VFIFNBRMFPEUOK-UHFFFAOYSA-N
CAS_756426-58-1;NA;F-53B Minor;GGOUUEMCWBTDMT-UHFFFAOYSA-N
CAS_757124-72-4;NA;1H,1H,2H,2H-perfluorheksansulfonsyre (4:2 FTS);TXGIGTRUEITPSC-UHFFFAOYSA-N
CAS_75-89-8;NA;Trifluoretanol;RHQDFWAXVIIEBN-UHFFFAOYSA-N
CAS_76-05-1;NA;Trifluoreddiksyre;DTQVDTLACAAQTR-UHFFFAOYSA-N
CAS_76-21-1;NA;9H-Perfluornonansyre (9H-PFNA);RARQGXBOCXOJPM-UHFFFAOYSA-N
CAS_76-44-8;NA;Heptaklor;FRCCEHPWNOQAEU-UHFFFAOYSA-N
CAS_76842-07-4;NA;PCB122;GWOWBISZHLPYEK-UHFFFAOYSA-N
CAS_7723-14-0;NA;Fosfat;NBIIXXVUZAFLBC-UHFFFAOYSA-K
CAS_7723-14-0;NA;Totalfosfor;OAICVXFJPJFONN-UHFFFAOYSA-N
CAS_77-40-7;NA;Bisfenol B;HTVITOHKHWFJKO-UHFFFAOYSA-N
CAS_777011-38-8;NA;8-Klorperfluoroktansulfonsyre (Cl-PFOS);TXNZTTQBKZRWQR-UHFFFAOYSA-N
CAS_7782-49-2;NA;Selen;BUGBHKTXTAQXES-UHFFFAOYSA-N
CAS_7785-70-8;NA;alfa-Pinen;GRWFGVWFFZKLTI-RKDXNWHRSA-N
CAS_77-90-7;NA;Tributyl o-acetylcitrat;QZCLKYGREBVARF-UHFFFAOYSA-N
CAS_782504-35-2;NA;4-tert-butyl-fenyl-4'-isopropyl-fenylamin;QSQSJBUBCKHJFG-UHFFFAOYSA-N
CAS_78-30-8;NA;Tri-o-kresylfosfat (ToCrP);YSMRWXYRXBRSND-UHFFFAOYSA-N
CAS_78-33-1;NA;Tris(4-tert-butylfenyl) fosfat;LORSVOJSXMHDHF-UHFFFAOYSA-N
CAS_78-40-0;NA;Trietylfosfat (TEP);DQWPFSLDHJDLRL-UHFFFAOYSA-N
CAS_78-42-2;NA;Tri(2-etylhexyl) fosfat (TEHP);GTVWRXDRKAHEAD-UHFFFAOYSA-N
CAS_78-51-3;NA;Tri(2-butoxyetyl)fosfat (TBEP);WTLBZVNBAKMVDP-UHFFFAOYSA-N
CAS_78733-54-9;NA;Monobutyltinn kation (MBT);NPAIMXWXWPJRES-UHFFFAOYSA-N
CAS_78-87-5;NA;1,2-Diklorpropan;KNKRKFALVUDBJE-UHFFFAOYSA-N
CAS_789-02-6;NA;op'-DDT;CVUGPAFCQJIYDT-UHFFFAOYSA-N
CAS_79-00-5;NA;1,1,2-Trikloretan;UBOXGVDOUJQMTN-UHFFFAOYSA-N
CAS_79-01-6;NA;1,1,2-Trikloreten;XSTXAVWGXDQKEL-UHFFFAOYSA-N
CAS_791563-89-8;NA;Perfluortridekansulfonsyre (PFTrS);JMIXTHMPTMXARZ-UHFFFAOYSA-N
CAS_79-34-5;NA;1,1,2,2-Tetrakloretan;QPFMBZIOSGYJDE-UHFFFAOYSA-N
CAS_79617-96-2;NA;Sertralin (legemiddel);VGKDLMBJGBXTGI-SJCJKPOMSA-N
CAS_79-74-3;NA;2,5-ditert-pentylhydroquinon;CZNRFEXEPBITDS-UHFFFAOYSA-N
CAS_79755-43-4;NA;OH-PBDE47;SNCQITRZEBFIRW-UHFFFAOYSA-N
CAS_79780-39-5;NA;Perfluordodekansulfonsyre (PFDoS);CFCRODHVHXGTPC-UHFFFAOYSA-N
CAS_79-94-7;NA;Tetrabrombisfenol A;VEORPZCZECFIRK-UHFFFAOYSA-N
CAS_80-05-7;NA;Bisfenol A;IISBACLAFKSPIT-UHFFFAOYSA-N
CAS_80-09-1;NA;Bisfenol S;VPWNQTHUCYMVMZ-UHFFFAOYSA-N
CAS_8012-95-1;NA;Mineralolje;NA
CAS_8025-81-8;NA;Spiramycin (legemiddel);ACTOXUHEUCPTEW-JMRHEKERSA-N
CAS_80-46-6;NA;4-tert-Pentylfenol;NRZWYNLTFLDQQX-UHFFFAOYSA-N
CAS_80-54-6;NA;Lilial;SDQFDHOLCGWZPU-UHFFFAOYSA-N
CAS_812-70-4;NA;2H,2H,3H,3H-Perfluordekansyre (7:3 FTCA);HLBRGVKRZQSQHB-UHFFFAOYSA-N
CAS_81-81-2;NA;Warfarin;PJVWKTKQMONHTI-UHFFFAOYSA-N
CAS_82419-36-1;NA;Ofloksacin (legemiddel);GSDSWSVVBLHKDQ-UHFFFAOYSA-N
CAS_82765-76-2;NA;Perfluorpentansulfonamid (PFPeSA);KTCODRNGNIXYDE-UHFFFAOYSA-N
CAS_829-26-5;NA;2,3,6-trimetylnaftalen;UNBZRJCHIWTUHB-UHFFFAOYSA-N
CAS_83121-18-0;NA;Teflubenzuron;CJDWRQLODFKPEL-UHFFFAOYSA-N
CAS_832-69-9;NA;1-metylfenantren;DOWJXOHBNXRUOD-UHFFFAOYSA-N
CAS_83-32-9;NA;Acenaften;CWRYPZZKDGJXCA-UHFFFAOYSA-N
CAS_83329-89-9;NA;8:2 Cl-PFAES;BDKYEEMJFNONPU-UHFFFAOYSA-M
CAS_837-08-1;NA;2,4'-Bisfenol A;MLCQXUZZAXKTSG-UHFFFAOYSA-N
CAS_83834-59-7;NA;(E)-EHMC;XIOBZUDJYKXUEL-DTQAZKPQSA-N
CAS_843-55-0;NA;Bisfenol Z;SDDLEVPIDBLVHC-UHFFFAOYSA-N
CAS_84-61-7;NA;Disykloheksylftalat;VOWAEIGWURALJQ-UHFFFAOYSA-N
CAS_84-66-2;NA;Dietylftalat;FLKPEMZONWLCSK-UHFFFAOYSA-N
CAS_84-69-5;NA;Diisobutylftalat;MGWAVDBGNNKXQV-UHFFFAOYSA-N
CAS_84-74-2;NA;Dibutylftalat;DOIRQSBPFJWKBE-UHFFFAOYSA-N
CAS_84-75-3;NA;Diheksylftalat;KCXZNSGUUQJJTR-UHFFFAOYSA-N
CAS_84-76-4;NA;Dinonylftalat;DROMNWUQASBTFM-UHFFFAOYSA-N
CAS_84-77-5;NA;Didecylftalat;PGIBJVOPLXHHGS-UHFFFAOYSA-N
CAS_84852-15-3;NA;4-iso-Nonylfenol;JSFITYFUKSFPBZ-UHFFFAOYSA-N
CAS_84852-53-9;NA;Dekabromdifenyletan;BZQKBFHEWDPQHD-UHFFFAOYSA-N
CAS_85-01-8;NA;Fenantren;YNPNZTXNASCQKK-UHFFFAOYSA-N
CAS_85-22-3;NA;Pentabrometylbenzen;FIAXCDIQXHJNIX-UHFFFAOYSA-N
CAS_85535-84-8;NA;Kortkjedete klorparafiner (C10-13);QKUNKVYPGIOQNP-UHFFFAOYSA-N
CAS_85535-85-9;NA;Mellomkjedete klorparafiner (C14-17);UNUODZXWGYJEJA-UHFFFAOYSA-N
CAS_85535-86-0;NA;Langkjedete klorparafiner (C18-28);NA
CAS_85-68-7;NA;Butylbenzylftalat;IRIAEXORFWYRCZ-UHFFFAOYSA-N
CAS_863090-89-5;NA;Perfluor-4-metoksybutansyre (14-PFECA);CZTBTZZANBJSLY-UHFFFAOYSA-N
CAS_865-86-1;NA;1H,1H,2H,2H-perfluordodekanol (10:2 FTOH);FLXYIZWPNQYPIT-UHFFFAOYSA-N
CAS_86-73-7;NA;Fluoren;NIHNNTQXNPWCJQ-UHFFFAOYSA-N
CAS_869-59-0;NA;Trioktyltinn;XMHKTINRBAKEDS-UHFFFAOYSA-N
CAS_87-61-6;NA;1,2,3-triklorbenzen;RELMFMZEBKVZJC-UHFFFAOYSA-N
CAS_87-65-0;NA;2,6-diklorfenol;HOLHYSJJBXSLMV-UHFFFAOYSA-N
CAS_87-68-3;NA;Heksaklorbutadien;RWNKSTSCBHKHTB-UHFFFAOYSA-N
CAS_87-82-1;NA;Heksabrombenzen;CAYGQBVSOZLICD-UHFFFAOYSA-N
CAS_87-83-2;NA;Pentabromtoluen;OZHJEQVYCBTHJT-UHFFFAOYSA-N
CAS_87-86-5;NA;Pentaklorfenol;IZUPBVBPLAPZRR-UHFFFAOYSA-N
CAS_878794-24-2;NA;Dibutyltinn kation (DBT);PQWINHWBRIYBSP-UHFFFAOYSA-N
CAS_879-12-9;NA;1,2,3-trimetylnaftalen;RQHPYGROUIBUSW-UHFFFAOYSA-N
CAS_88-06-2;NA;2,4,6-triklorfenol;LINPIYWFGCPVIE-UHFFFAOYSA-N
CAS_88-24-4;NA;2,2'-metylenbis(4-etyl-6-tert-butylfenol);GPNYZBKIGXGYNU-UHFFFAOYSA-N
CAS_88-26-6;NA;2,6-ditert-butyl-4-(hydroksymetyl)fenol;HNURKXXMYARGAY-UHFFFAOYSA-N
CAS_883-93-2;NA;2-fenylbenzotiazol;XBHOUXSGHYZCNH-UHFFFAOYSA-N
CAS_886365-92-0;NA;(4-cykloheksylfenyl)-(4-isopropylfenyl)amin;UXZMIAMPVHCAIH-UHFFFAOYSA-N
CAS_886-50-0;NA;Terbutryn;IROINLKCQGIITA-UHFFFAOYSA-N
CAS_88-69-7;NA;2-isopropylfenol;CRBJBYGJVIBWIY-UHFFFAOYSA-N
CAS_897671-69-1;NA;N-(4-Bifenyl)-(9,9-dimetylfluoren-2-yl)amin;QRMLAMCEPKEKHS-UHFFFAOYSA-N
CAS_9002-86-2;NA;Polyvinylklorid (PVC);NA
CAS_9002-88-4;NA;Polyetylen;VGGSQFUCUMXWEO-UHFFFAOYSA-N
CAS_9003-07-0;NA;Polypropylen;NSYDMBURIUSUDH-RTWAWAEBSA-N
CAS_90035-08-8;NA;Flocoumafen;KKBGNYHHEIAGOH-UHFFFAOYSA-N
CAS_9003-53-6;NA;Polystyren;NA
CAS_9011-14-7;NA;Polymetylmetakrylat (PMMA);BHIWKHZACMWKOJ-UHFFFAOYSA-N
CAS_90-12-0;NA;1-metylnaftalen;QPUYECUOLPXSFR-UHFFFAOYSA-N
CAS_91-20-3;NA;Naftalen;UFWIBTONFRDIAS-UHFFFAOYSA-N
CAS_914637-49-3;NA;2H,2H,3H,3H-Perfluoroktansyre (5:3 FTCA);ABFCFCPCGMHSRX-UHFFFAOYSA-N
CAS_91-57-6;NA;2-metylnaftalen;QIMMUPPBPVKWKM-UHFFFAOYSA-N
CAS_92339-11-2;NA;Jodiksanol  (legemiddel);NBQNWMBBSKPBAY-UHFFFAOYSA-N
CAS_924-16-3;NA;N-nitrosodibutylamin;YGJHZCLPZAZIHH-UHFFFAOYSA-N
CAS_92-52-4;NA;Bifenyl;ZUOUZKKEUPVFJK-UHFFFAOYSA-N
CAS_92-86-4;NA;PBB15;HQJQYILBCQPYBI-UHFFFAOYSA-N
CAS_930-55-2;NA;N-nitrosopyrrolidin;WNYADZVDBIBLJJ-UHFFFAOYSA-N
CAS_933-75-5;NA;2,3,6-triklorfenol;XGCHAIDDPMFRLJ-UHFFFAOYSA-N
CAS_933-78-8;NA;2,3,5-triklorfenol;WWGQHTJIFOQAOC-UHFFFAOYSA-N
CAS_934-34-9;NA;Bensotiasolon;YEDUAINPPJYDJZ-UHFFFAOYSA-N
CAS_935-95-5;NA;2,3,5,6-tetraklorfenol;KEWNKZNZRIAIAK-UHFFFAOYSA-N
CAS_93-65-2;NA;Mekoprop;WNTGYJSOUMFZEP-UHFFFAOYSA-N
CAS_93703-48-1;NA;PBDE77;RYGLOWMCGZHYRQ-UHFFFAOYSA-N
CAS_93-72-1;NA;Fenoprop;ZLSWBLPERHFHIS-UHFFFAOYSA-M
CAS_94-13-3;NA;Propylparaben;QELSKZZBTMNZEB-UHFFFAOYSA-N
CAS_941-57-1;NA;Benzotiazol-2-sulfonsyre;ZCXGMSGCBDSEOY-UHFFFAOYSA-N
CAS_94-26-8;NA;Butylparaben;QFOHBWFCKVYLES-UHFFFAOYSA-N
CAS_944418-46-6;NA;N-(4-(tert-Butyl)fenyl)-9,9-dimetyl-9H-fluoren-2-amin;NVCQMRCDIJQSAP-UHFFFAOYSA-N
CAS_94-74-6;NA;MCPA;WHKUVVPPKQRRBV-UHFFFAOYSA-N
CAS_94-75-7;NA;2,4-diklorfenoksyeddiksyre (2,4-D);OVSKIKFHRZPJSS-UHFFFAOYSA-N
CAS_94-81-5;NA;MCPB;LLWADFLAOKUBDR-UHFFFAOYSA-N
CAS_94-82-6;NA;2,4-diklorfenoksysmørsyre;YIVXMZJTEQBPQO-UHFFFAOYSA-N
CAS_95154-01-1;NA;2-(1,3-benzotiazol-2-yltio)succinsyre;KRDSXENYLDIORL-UHFFFAOYSA-N
CAS_95-16-9;NA;Bensotiasol;IOJUPLGTWVMSFF-UHFFFAOYSA-N
CAS_95235-30-6;NA;4-(4-isopropoksyfenylsulfonyl)fenol;ZTILAOCGFRDHBH-UHFFFAOYSA-N
CAS_95-31-8;NA;N-tert-butylbenzotiazol-2-sulfenamid;IUJLOAKJZQBENM-UHFFFAOYSA-N
CAS_95-33-0;NA;N-Sykloheksyl-2-benzotiazosulfenamid;DEQZTKGFXNUBJL-UHFFFAOYSA-N
CAS_95-47-6;NA;o-Xylen;CTQNGGLPUBDAKN-UHFFFAOYSA-N
CAS_95-48-7;NA;o-Cresol;QWVGKYWNOKOFNN-UHFFFAOYSA-N
CAS_95-50-1;NA;1,2-diklorbenzen;RFFLAFLAYFXFSW-UHFFFAOYSA-N
CAS_95-57-8;NA;2-klorfenol;ISPYQTSUDJAMAB-UHFFFAOYSA-N
CAS_95-63-6;NA;1,2,4-trimetylbenzen;GWHJZXXIDMPWGX-UHFFFAOYSA-N
CAS_95-65-8;NA;3,4-dimetylfenol;YCOXTKKNXUZSKD-UHFFFAOYSA-N
CAS_95-77-2;NA;3,4-diklorfenol;WDNBURPWRNALGP-UHFFFAOYSA-N
CAS_95-80-7;NA;2,4-Diaminotoluen;VOZKAJLKRJDJLL-UHFFFAOYSA-N
CAS_958445-44-8;NA;Ammonium 4,8-dioksa-3H-perfluornonanoat;PLWXPXSPYCHPTF-UHFFFAOYSA-N
CAS_95-87-4;NA;2,5-dimetylfenol;NKTOLZVEWDHZMU-UHFFFAOYSA-N
CAS_95-94-3;NA;1,2,4,5-tetraklorbenzen;JHBKHLUZVFWLAG-UHFFFAOYSA-N
CAS_95-95-4;NA;2,4,5-triklorfenol;LHJGJYXLEPZJPM-UHFFFAOYSA-N
CAS_959-98-8;NA;alfa-Endosulfan;VAGOADMLDBRNCD-UHFFFAOYSA-N
CAS_96036-03-2;NA;Meropenem (legemiddel);DMJNNHOOLUXYBV-PQTSNVLCSA-N
CAS_96-13-9;NA;2,3-dibromopropan-1-ol;QWVCIORZLNBIIC-UHFFFAOYSA-N
CAS_96-69-5;NA;4,4'-tiobis(6-tert-butyl-m-cresol);HXIQYSLFEXIOAV-UHFFFAOYSA-N
CAS_96-76-4;NA;2,4-di-tert-butylfenol;ICKWICRCANNIBI-UHFFFAOYSA-N
CAS_97-23-4;NA;Diklorofen;MDNWOSOZYLHTCG-UHFFFAOYSA-N
CAS_97682-44-5;NA;Irinotekan (legemiddel);UWKQSNNFCGGAFS-XIFFEERXSA-N
CAS_98-54-4;NA;4-tert-butylfenol;QHPQWRBYOIRBIT-UHFFFAOYSA-N
CAS_99717-56-3;NA;2-Bromallyl-2,4,6-tribromfenyleter;RLPZXGWCSHFKJI-UHFFFAOYSA-N
CAS_99-76-3;NA;Metylparaben;LXCFILQKKLGQFO-UHFFFAOYSA-N
CAS_99-87-6;NA;p-Cymene;HFPZCAJZSCWRBC-UHFFFAOYSA-N
CAS_PB_BIO;NA;Biotilgjengelig bly;WABPQHHGFIMREM-UHFFFAOYSA-N
CAS_NA;NA;1,2,3,4,7,8/1,2,3,4,7,9-HxCDF;NA
CAS_NA;NA;4:2 Cl-PFAES;NA
CAS_NA;NA;Antall EPT arter/taksa limnisk/lotisk bunnfauna;NA
CAS_NA;NA;Antall individer fisk (art) innen en gitt aldersgruppe;NA
CAS_NA;NA;Artsforekomst;NA
CAS_NA;NA;Average Score per Taxon (ASPT);NA
CAS_NA;NA;Begroing EQR eutrofiering;NA
CAS_NA;NA;Begroing nEQR eutrofiering;NA
CAS_NA;NA;Begroing nEQR forsuring;NA
CAS_NA;NA;BTEX;NA
CAS_NA;NA;C1-Acenaftener;NA
CAS_NA;NA;C1-Dibenzotiofener;NA
CAS_NA;NA;C1-Fenantrener/antracener;NA
CAS_NA;NA;C2-Dibenzotiofener;NA
CAS_NA;NA;C2-Fenantrener/antracener;NA
CAS_NA;NA;C3-Dibenzotiofener;NA
CAS_NA;NA;C3-Fenantrener/antracener;NA
CAS_NA;NA;Dekningsgrad makroskopisk begroing (%);NA
CAS_NA;NA;E. coli;NA
CAS_NA;NA;Estimert antall fisk (art) per arealenhet;NA
CAS_NA;NA;Fargetall;NA
CAS_NA;NA;Fluoresensmåling av klorofyll a;NA
CAS_NA;NA;Forsuringsindeks påvekstalger artssammensetning;NA
CAS_NA;NA;Gløderest;NA
CAS_NA;NA;Individantall dyreplankton (takson) per prøve;NA
CAS_NA;NA;Individantall limnisk/lotisk bunnfauna (takson) per innsatsenhet;NA
CAS_NA;NA;Konduktivitet;NA
CAS_NA;NA;Lengde enkeltindivid fisk (art);NA
CAS_NA;NA;Limnisk bunnfauna EQR eutrofiering;NA
CAS_NA;NA;Limnisk bunnfauna nEQR eutrofiering;NA
CAS_NA;NA;Limnisk bunnfauna nEQR organisk belastning;NA
CAS_NA;NA;Nitrat + nitritt;NA
CAS_NA;NA;Partikkelfraksjon < 2 µm;NA
CAS_NA;NA;Partikkelfraksjon > 63 µm;NA
CAS_NA;NA;Partikulært organisk karbon (POC);NA
CAS_NA;NA;Partikulært organisk nitrogen (PON);NA
CAS_NA;NA;PBDE175+183;NA
CAS_NA;NA;PBDE49+71;NA
CAS_NA;NA;PCB47/49;NA
CAS_NA;NA;PCB74/76;NA
CAS_NA;NA;pH;NA
CAS_NA;NA;Raddum forsuringsindeks 2;NA
CAS_NA;NA;Relativ forekomst mikroskopisk begroing (skala);NA
CAS_NA;NA;River Acidification Macroinvertebrate Index (RAMI);NA
CAS_NA;NA;Salinitet;NA
CAS_NA;NA;Sum 2,4- og 2,5-diklorfenol;NA
CAS_NA;NA;Sum 2-NFA og 3-NFA;NA
CAS_NA;NA;Sum alifatiske hydrokarboner >C12-C35;NA
CAS_NA;NA;Sum alifatiske hydrokarboner >C5-C6;NA
CAS_NA;NA;Sum alifatiske hydrokarboner >C5-C8;NA
CAS_NA;NA;Sum alifatiske hydrokarboner >C6-C8;NA
CAS_NA;NA;Sum alifatiske og aromatiske hydrokarboner;NA
CAS_NA;NA;Sum alifatiske og aromatiske hydrokarboner >C10-C12;NA
CAS_NA;NA;Sum alifatiske og aromatiske hydrokarboner >C10-C16;NA
CAS_NA;NA;Sum alifatiske og aromatiske hydrokarboner >C10-C40;NA
CAS_NA;NA;Sum alifatiske og aromatiske hydrokarboner >C12-C16;NA
CAS_NA;NA;Sum alifatiske og aromatiske hydrokarboner >C12-C35;NA
CAS_NA;NA;Sum alifatiske og aromatiske hydrokarboner >C16-C21;NA
CAS_NA;NA;Sum alifatiske og aromatiske hydrokarboner >C16-C35;NA
CAS_NA;NA;Sum alifatiske og aromatiske hydrokarboner >C22-C35;NA
CAS_NA;NA;Sum alifatiske og aromatiske hydrokarboner >C35-C40;NA
CAS_NA;NA;Sum alifatiske og aromatiske hydrokarboner >C5-C10;NA
CAS_NA;NA;Sum alifatiske og aromatiske hydrokarboner >C5-C35;NA
CAS_NA;NA;Sum alifatiske og aromatiske hydrokarboner >C5-C40;NA
CAS_NA;NA;Sum alifatiske og aromatiske hydrokarboner >C8-C10;NA
CAS_NA;NA;Sum Benzo[b,j,k]fluoranten;NA
CAS_NA;NA;Sum Benzo[b,j]fluoranten;NA
CAS_NA;NA;Sum Benzo[b,k]fluoranten;NA
CAS_NA;NA;Sum Benzo[j,k]fluoranten;NA
CAS_NA;NA;Sum Crysen og Trifenylen;NA
CAS_NA;NA;Sum DDT;NA
CAS_NA;NA;Sum Dibenzo[a,c/a,h]antracen;NA
CAS_NA;NA;Sum dioksiner (PCDD + PCDF);NA
CAS_NA;NA;Sum dioksiner-TEQ (PCDD + PCDF) NATO/CCMS;NA
CAS_NA;NA;Sum dioksiner-TEQ (PCDD + PCDF) og dioksinlignende stoffer-TEQ (PCB-DL);NA
CAS_NA;NA;Sum dioksiner-TEQ (PCDD + PCDF) WHO 2005;NA
CAS_NA;NA;Sum dioksinlignende stoffer-TEQ (PCB-DL);NA
CAS_NA;NA;Sum fenoler;NA
CAS_NA;NA;Sum Heksbromsyklododekan (HBCDD);NA
CAS_NA;NA;Sum HpCDD;NA
CAS_NA;NA;Sum HpCDF;NA
CAS_NA;NA;Sum HxCDD;NA
CAS_NA;NA;Sum HxCDF;NA
CAS_NA;NA;Sum karsinogene PAH;NA
CAS_NA;NA;Sum m- og p-Xylen;NA
CAS_NA;NA;Sum PAH (må spesifiseres);NA
CAS_NA;NA;Sum PAH16 (USEPA);NA
CAS_NA;NA;Sum PBDE (må spesifiseres);NA
CAS_NA;NA;Sum PCB7;NA
CAS_NA;NA;Sum PCDD;NA
CAS_NA;NA;Sum PeCDD;NA
CAS_NA;NA;Sum PeCDF;NA
CAS_NA;NA;Sum PFAS (må spesifiseres);NA
CAS_NA;NA;Sum TCDD;NA
CAS_NA;NA;Sum TCDD-TEQ;NA
CAS_NA;NA;Sum TCDF;NA
CAS_NA;NA;Sum tetraklorbenzen (TECB35 + TECB45);NA
CAS_NA;NA;Sum triklortrimetylbenzen;NA
CAS_NA;NA;Suspendert tørrstoff;NA
CAS_NA;NA;Temperatur;NA
CAS_NA;NA;Termotolerante koliforme bakterier;NA
CAS_NA;NA;Total alkalitet;NA
CAS_NA;NA;Total gløderest;NA
CAS_NA;NA;Totalnitrogen;NA
CAS_NA;NA;Totalt cyanid;NA
CAS_NA;NA;Totalt individantall limnisk/lotisk bunnfauna per innsatsenhet;NA
CAS_NA;NA;Totalt organisk karbon (TOC);NA
CAS_NA;NA;Totalt suspendert materiale;NA
CAS_NA;NA;Totalt tørrstoff;NA
CAS_NA;NA;Trofiindeks påvekstalger artssammensetning;NA
CAS_NA;NA;Turbiditet;NA
CAS_NA;NA;UV-absorbans ved 254 nm;NA
CAS_NA;NA;UV-absorbans ved 285 nm;NA
CAS_NA;NA;UV-absorbans ved 365 nm;NA
CAS_NA;NA;UV-absorbans ved 410 nm;NA
CAS_NA;NA;Vannføring;NA
CAS_NA;NA;Vanninnhold;NA
137862-53-4;432;Valsartan (legemiddel);ACWBQPMHZXGDFX-QFIPXVFZSA-N
120014-06-4;80;Donepezil (legemiddel);ADEBPBSSDYVVLD-HXUWFJFHSA-N
604-75-1;432;Oxazepam (legemiddel);ADIMAYPTOBDMTL-UHFFFAOYSA-N
68298-13-5;316;N-metyl perfluorpentansulfonamid (N-MeFPeSA);ADSKDYCFRLKFDJ-UHFFFAOYSA-N
830-09-1;95;4-metoksycinnamat;AFDXODALSZRGIH-QPJJXVBHSA-N
81103-11-9;501;Claritromycin (legemiddel);AGOYDEPGAOXOCK-KCBOHYOISA-N
479-45-8;3;Tetryl;AGUIVNYEYSCPNI-UHFFFAOYSA-N
79277-27-3;63;Thifensulfuron-metyl;AHTPATJNIAFOLR-UHFFFAOYSA-N
12122-67-7;30;Zineb;AMHNZOICSMBGDH-UHFFFAOYSA-L
52481-85-3;78;Perfluor-2,5,8,11,14-pentametyl-3,6,9,12,15-pentaoksaoktadekansyre (6x3-PFECA);ANKSFLDOVZNXOJ-UHFFFAOYSA-N
2502-15-0;17;Tris(p-isopropylfenyl) fosfat;ANVREEJNGJMLOV-UHFFFAOYSA-N
3026-69-5;152;dimethyldioctylammonium (DADMAC-C8);APTVNWGLSRAOFJ-UHFFFAOYSA-M
57-68-1;352;Sulfametazin;ASWVTGNCAZCNNR-UHFFFAOYSA-N
5384-21-4;109;4,6-Xylenol;AZZWZMUXHALBCQ-UHFFFAOYSA-N
22431-46-5;432;Klindamysin sulfoksid (legemiddel);BDSYDLWSVWOCSU-UEHJQROMSA-N
119851-28-4;50;1-[2-kloro-4-(4-klorofenoksy)fenyl]etanon;BDTJIVUVQRVLLJ-UHFFFAOYSA-N
355-41-9;26;Perfluorheksylklorid;BDUCYIFEYLMINO-UHFFFAOYSA-N
57-63-6;30;Etinylestradiol (legemiddel);BFPYWIDHMRZLRN-SLHNCBLASA-N
1941-30-6;147;Tetrapropylammonium (TPA);BGQMOFGZRJUORO-UHFFFAOYSA-M
26636-32-8;10;2-(4-oktylfenoksy)etanol;BHNQPLPANNDEGL-UHFFFAOYSA-N
19186-97-1;139;Tris(Tribromneopentyl) fosfat;BHYQWBKCXBXPKM-UHFFFAOYSA-N
336-19-6;26;Oktafluordiklorsykloheksen;BICOGOBTBGYGFA-UHFFFAOYSA-N
174350-05-1;133;Benzene, 1-ethoxy-2,3-difluoro-4-(trans-4-propylcyclohexyl)-;BOAHGIPRRKDVQY-UHFFFAOYSA-N
287714-41-4;352;Rosuvastatin (legemiddel);BPRHUIZQVSMCRT-VEUZHWNKSA-N
498-15-7;133;Isodiprene;BQOFWKZOCNGFEC-BDAKNGLRSA-N
5945-33-5;1;Bisfenol A bis(bisfenylfosfat);BQPNUOYXSVUVMY-UHFFFAOYSA-N
4130-42-1;84;2,6-Di-tert-butyl-4- etylfenol;BVUXDWXKPROUDO-UHFFFAOYSA-N
27208-37-3;167;Syklopenta[cd]pyren;BZCXQYVNASLLQO-UHFFFAOYSA-N
57453-97-1;147;Neodekanoat magnesiumsalt;CBEVWPCAHIAUOD-UHFFFAOYSA-N
1973-15-5;60;3-sykloheksylbifenyl;CBRFQLVEZWUNEN-UHFFFAOYSA-N
948014-44-6;78;8-iodperfluor-6-oksaoktansyre;CDMHOXRIGWSKAZ-UHFFFAOYSA-N
2144-53-8;101;Tridekafluorheksyletylmetakrylat;CDXFIRXEAJABAZ-UHFFFAOYSA-N
40487-42-1;18;Pendimetalin;CHIFOSRWCNZCFN-UHFFFAOYSA-N
19666-30-9;30;Oksadiazon;CHNUNORXWHYHNE-UHFFFAOYSA-N
15181-41-6;17;Tiofosfat;CHQPRDVSUIJJNP-NSCUHMNNSA-N
29385-43-1;186;Methyl-1H-benzotriazole;CMGDVUCDZOBDNL-UHFFFAOYSA-N
1135-66-6;133;Isolongifolene;CQUAYTJDLQBXCQ-UHFFFAOYSA-N
1897-45-6;53;Klortalonil;CRQQGFGUEAVUIL-UHFFFAOYSA-N
328-70-1;149;3,5-Bis(trifluormetyl)brombenzen;CSVCVIHEBDJTCJ-UHFFFAOYSA-N
65447-77-0;94;Tinuvin 622;CTJXKCPBMVLOQI-UHFFFAOYSA-N
28721-07-5;80;Okskarbazepin (legemiddel);CTRLABGOLIVAIY-UHFFFAOYSA-N
120923-37-7;58;Amidosulfuron;CTTHWASMBLQOFR-UHFFFAOYSA-N
1119-97-7;152;tetradecyltrimethylammonium (ATAC-C14);CXRFDZFCGOPDTD-UHFFFAOYSA-M
1638-22-8;141;4-Butylfenol;CYYZDBDROVLTJU-UHFFFAOYSA-N
883-20-5;144;9-Metylfenantren;DALBHIYZSZZWBS-UHFFFAOYSA-N
15307-86-5;462;Diklofenak (legemiddel);DCOPUUMXTXDBNB-UHFFFAOYSA-N
74070-46-5;1;Aklonifen;DDBMQDADIHOWIC-UHFFFAOYSA-N
1622-61-3;352;Klonazepam (legemiddel);DGBIGWXXNGSACT-UHFFFAOYSA-N
56307-79-0;5;Sum Pentabrombifenyl;DGTPXLZCUVCFEH-UHFFFAOYSA-N
78-63-7;148;2,5-Dimetyl-2,5-di-(tert-butylperoksy)heksan;DMWVYCCGCQPJEA-UHFFFAOYSA-N
1506-02-1;75;Aketyl heksametyl tetralin;DNRJTBAOUJJKDY-UHFFFAOYSA-N
21145-77-7;375;Tonalid;DNRJTBAOUJJKDY-UHFFFAOYSA-N
53-16-7;30;Estron;DNXHEGUUPJUMQT-CBZIJGRNSA-N
91161-71-6;150;Terbinafin (legemiddel);DOMXUEMWDBAQBQ-WEVVVXLNSA-N
41814-78-2;55;Trisyklazol;DQJCHOQLCLEDLL-UHFFFAOYSA-N
260-94-6;7;Akridin;DZBUGLKDJFMEHC-UHFFFAOYSA-N
615-58-7;18;Dibromfenol;FAXWFCTVSHEODL-UHFFFAOYSA-N
50-70-4;12;Sorbitol;FBPFZTCFMRRESA-JGWLITMVSA-N
65104-65-6;69;18:2 FTOH;FDCQNVKWWMNRQN-UHFFFAOYSA-N
6471-50-7;50;Pigment Red 14;FDLZXQOOTWLAOB-SLMZUGIISA-N
33704-61-9;221;Cashmeran;FIMNMFRUQUMXEV-UHFFFAOYSA-N
51-03-6;152;Piperonyl butoksid;FIPWRIJSWJWJAI-UHFFFAOYSA-N
21087-64-9;179;Metribuzin;FOXFZRUHNHCZPX-UHFFFAOYSA-N
103597-45-1;134;UV-360;FQUNFJULCYSSOP-UHFFFAOYSA-N
335-63-7;62;8-Klorperfluoroktansyre (Cl-PFOA);FUSBVOVTUYPKLS-UHFFFAOYSA-N
84041-66-7;52;2,2,3,5,6-Pentafluor-5-(pentafluoretoksy)-3,6- bis(trifluormetyl)-1,4-dioksan;FZTKCIWSVIVEKI-UHFFFAOYSA-N
57678-01-0;84;1H,1H,2H,2H-perfluoroktylfosfat (6:2 PAP);FZTRDYSPWWJCOF-UHFFFAOYSA-N
5280-68-2;50;Pigment Red 146;GBDJNEJIVMFTOJ-ZREQDNEKSA-N
58802-15-6;85;1,2,4,7,8-PeCDF;GCFDWHIKRXCUPJ-UHFFFAOYSA-N
303-49-1;432;Clomipramin (legemiddel);GDLIGKIOYRNHDA-UHFFFAOYSA-N
40088-45-7;5;Sum Tetrabrombifenyl;GEASNODZMCZDOU-UHFFFAOYSA-N
144-83-2;432;Sulfapyridin (legemiddel);GECHUMIMRBOMGK-UHFFFAOYSA-N
50285-18-2;52;Perfluordimetyletylpentan;GEXSLRJJTOFEMA-UHFFFAOYSA-N
68555-75-9;69;N-metyl perfluorheksansulfonamid etanol (N-MeFHxSE);GEYBMYRBIABFTA-UHFFFAOYSA-N
108-46-3;53;Resorcinol;GHMLBKRAJCXXBS-UHFFFAOYSA-N
55-56-1;5;Klorheksidin (Legemiddel);GHXZTYHSJHQHIJ-UHFFFAOYSA-N
84613-97-8;56;1,2-diklor-3-(triklormetyl)benzen;GKGPLSQWIBJJPC-UHFFFAOYSA-N
7439-88-5;108;Iridium;GKOZUEZYRPOHIO-UHFFFAOYSA-N
832-71-3;144;3-Metylfenantren;GKYWZUBZZBHZKU-UHFFFAOYSA-N
151772-59-7;81;Perfluor-3,6,9-trioksadekansyre (369O3-PFDA);GNQWOKPKDHCUSB-UHFFFAOYSA-N
80-07-9;53;Bis(4- klorofenyl) sulfon;GPAPPPVRLPGFEQ-UHFFFAOYSA-N
7560-83-0;133;N-Cyclohexyl-N-methylcyclohexanamine;GSCCALZHGUWNJW-UHFFFAOYSA-N
24157-81-1;150;2,6-diisopropylnaftalen;GWLLTEXUIOFAFE-UHFFFAOYSA-N
25155-25-3;152;1,4-Bis(1-tert-butyldioksy-1-metyletyl)benzen;GWQOYRSARAWVTC-UHFFFAOYSA-N
613-12-7;159;2-Metylantracen;GYMFBYTZOGMSQJ-UHFFFAOYSA-N
62498-67-3;266;N-Desmethylcitalopram (legemiddel);GZBDTUVDCDMCDU-UHFFFAOYSA-N
15687-27-1;30;Ibuprofen (legemiddel);HEFNNWSXXWATRW-UHFFFAOYSA-N
36861-47-9;296;4-Metylbenzylidenkamfor;HEOCBCNFKCOKBX-KAMYIIQDSA-N
6535-46-2;48;Pigment Red 112;HERTVNKDSUIUDK-JBASAIQMSA-N
801212-59-9;78;Perfluor-4-isopropoksybutansyre (34-PFECA);HFUCGDPRBKRBFR-UHFFFAOYSA-N
52184-19-7;52;6-[(2-Nitrofenyl)aso]-2,4-ditert-pentylfenol;HHUOYYNHGMRSIF-WCWDXBQESA-N
67889-00-3;23;PBB194;HHYHNDNRLUQCEG-UHFFFAOYSA-N
78-59-1;101;Isoforon;HJOVHMDZYOCNQW-UHFFFAOYSA-N
3520-72-7;50;Pigment orange;HKYYDLYCGBDWSB-ATXIYDNESA-N
620-17-7;15;3-etylfenol;HMNKTRSOROOSPP-UHFFFAOYSA-N
111988-49-9;30;Tiakloprid;HOKKPVIRMVDYPB-UHFFFAOYSA-N
25311-71-1;55;Isofenfos;HOQADATXFBOEGG-UHFFFAOYSA-N
42399-41-7;432;Diltiazem (legemiddel);HSUGRBWQSSZJOP-RTWAWAEBSA-N
9003-17-2;2;Polybutadien;HXKNXCFNAJGZCM-PWOIWMLJSA-N
36211-43-5;146;barium 3,5,5-trimethylhexanoate;HYVAOIFCEISHMZ-UHFFFAOYSA-L
72-43-5;313;Metoksyklor;IAKOZHOLGAGEJT-UHFFFAOYSA-N
101-20-2;5;Triclocarban;ICUTUKXCWQYESQ-UHFFFAOYSA-N
738-70-5;432;Trimetoprim (legemiddel);IEDVJHCEMCRBQM-UHFFFAOYSA-N
3457-61-2;146;Tert-Butyl cumyl peroksid;IGUFFVCWVNIHEE-UHFFFAOYSA-N
41859-67-0;352;Besafibrat (legemiddel);IIBYAHWJQTYFKB-UHFFFAOYSA-N
65150-95-0;78;Perfluor-2,5,8,11-tetrametyl-3,6,9,12-tetraoksapentadekansyre (5x3-PFECA);IJDRCJGYWUCJTR-UHFFFAOYSA-N
39049-04-2;147;Zirkonium salt av neodekansyre;IJEFAHUDTLUXDY-UHFFFAOYSA-J
65578-62-3;78;Perfluortetrahydro-2-furankarboksylsyre (Furan-PFECA);IJSPOBHLFLGFMQ-UHFFFAOYSA-N
30784-30-6;6;4-tert-Nonylfenol;IJWXCYSPVNCDMA-UHFFFAOYSA-N
597-82-0;113;Trifenylfosfortioat;IKXFIBBKEARMLL-UHFFFAOYSA-N
68140-48-7;234;Traseolid;IMRYETFJNLKUHK-UHFFFAOYSA-N
3622-84-2;85;n-Butylbensene sulfonamid;IPRJXAGUEGOFGG-UHFFFAOYSA-N
375-45-1;149;Tetraklorheksafluorbutan;IRHYACQPDDXBCB-UHFFFAOYSA-N
68105-02-2 ;152;dimethylditetradecylammonium (DADMAC-C14);IRMGVPILCPGYNQ-UHFFFAOYSA-M
1319-77-3;7;Sum Cresol;ISWSIDIOOBJBQZ-UHFFFAOYSA-N
1493-13-6;5;Perflourmetasulfonsyre;ITMCEJHCFYSIIV-UHFFFAOYSA-N
37350-58-6;147;Metoprolol (legemiddel);IUBSYMUCCVWXPE-UHFFFAOYSA-N
51384-51-1;285;Metoprolol (legemiddel);IUBSYMUCCVWXPE-UHFFFAOYSA-N
147622-85-3;133;[1,1'-Bicyclohexyl]-4-one, 4'-(3,4-difluorophenyl)-, trans-;IUJMYVYPSSBPCX-UHFFFAOYSA-N
90-00-6;15;2-etylfenol;IXQGCWUGDFDQMF-UHFFFAOYSA-N
338-83-0;52;Perfluortripropylamin;JAJLKEVKNDUJBG-UHFFFAOYSA-N
139-07-1;152;benzyldimethyldodecylammonium (BAC-C12);JBIROUFYLSSYDX-UHFFFAOYSA-M
105-60-2;147;e-Caprolactam;JBKVHLHDHHXQEQ-UHFFFAOYSA-N
108-78-1;147;Melamine;JDSHMPZPIAZGSV-UHFFFAOYSA-N
39635-79-5;87;4,4'-Sulfonylbis(2,6-dibromfenol);JHJUYGMZIWDHMO-UHFFFAOYSA-N
723-46-6;432;Sulfametoxazol (legemiddel);JLKIGFTWXXRPMT-UHFFFAOYSA-N
58802-20-3;85;1,2,7,8-TCDF;JODWPAQNABOHDG-UHFFFAOYSA-N
1643-19-2;147;Tetrabutylammoniumbromid;JRMUNVKIHCOMHV-UHFFFAOYSA-M
2381-21-7;13;1-metylpyren;KBSPJIWZDWBDGM-UHFFFAOYSA-N
144808-89-9;78;Oktafluorsyklopentankarboksylsyre (cycC5F8-COOH);KCIRACURDCXMQC-UHFFFAOYSA-N
18323-44-9;393;Klindamysin (legemiddel);KDLRVYVGXIQJDK-AWPVFWJPSA-N
549-18-8;147;Amitryptyline (legemiddel);KFYRPLNVJVHZGT-UHFFFAOYSA-N
13080-86-9;147;4,4'-(Isopropylidenebis(4,1-phenyleneoxy))dianiline;KMKWGXGSGPYISJ-UHFFFAOYSA-N
50594-77-9;52;Klortrifluormetylfenoksyfenylasetat;KNFRYRRZMRETJX-UHFFFAOYSA-N
19406-51-0;3;4-amino-2,6-dinitrotoluen;KQRJATLINVYHEZ-UHFFFAOYSA-N
7116-95-2;60;4-Isopropylbifenyl;KWSHGRJUSUJPQD-UHFFFAOYSA-N
93413-62-8;432;Desvenlafaksin (legemiddel);KYYIDSXMWOZKMP-UHFFFAOYSA-N
67375-30-8;307;alfa-Cypermetrin, Alfametrin;KAATUXNTWXVJKI-DXCJPMOASA-N
19982-08-2;432;Memantin (legemiddel);LDDHMLJTFXJGPI-UHFFFAOYSA-N
355-24-8;26;1,4-Dikloroktafluorbutan;LGBGVSJBKFDYKH-UHFFFAOYSA-N
335-57-9;27;Perfluorheptan;LGUZHRODIJCVOC-UHFFFAOYSA-N
81-48-1;147;D and C Violet 2;LJFWQNJLLOFIJK-UHFFFAOYSA-N
5495-84-1;133;Thioxanthen-9-one, 2-isopropyl-;KTALPKYXQZGAEG-UHFFFAOYSA-N
255393-52-3;48;2-Aminomusk keton;LJSWALFRJPDUQU-UHFFFAOYSA-N
52-86-8;352;Haloperidol (legemiddel);LNEPOXFFQSENCJ-UHFFFAOYSA-N
64325-78-6;147;N-benzoyl-5'-O-[bis(4-methoxyphenyl)phenylmethyl]-2'-deoxyadenosine;LPICNYATEWGYHI-WIHCDAFUSA-N
98-95-3;3;Nitrobenzen;LQNUZADURLCDLV-UHFFFAOYSA-N
870-08-6;85;Di-n-oktyltinoksid;LQRUPWUPINJLMU-UHFFFAOYSA-N
71-36-3;6;n-Butanol;LRHPLDYGYMQRHN-UHFFFAOYSA-N
136-85-6;96;Tolutriazol;LRUDIIUSNGCQKF-UHFFFAOYSA-N
53826-12-3;2;2H,2H-Perfluoroktansyre (6:2 FTCA);LRWIIEJPCFNNCZ-UHFFFAOYSA-N
68957-62-0;330;N-etyl perfluorheptansulfonamid (N-EtFHpSA);LSYHEHNUOBEHMG-UHFFFAOYSA-N
862374-87-6;57;Perfluortridekanoat (PFTrDS);LVDGGZAZAYHXEY-UHFFFAOYSA-M
27753-52-2;5;Sum Nonabrombifenyl;LWICCBMIAPTSTO-UHFFFAOYSA-N
57-09-0;152;hexadecyltrimethylammonium (ATAC-C16);LZZYPRNAOMGNLH-UHFFFAOYSA-M
95759-44-7;133;1,1':4',1''-Terphenyl, 4''-ethyl-2'-fluoro-4-propyl-;MBGFTFFIFLHYQU-UHFFFAOYSA-N
21072-39-9;60;cis-1,3-difenylsykloheksan;MCHONHDBIWWITD-HDICACEKSA-N
2587-76-0;13;Trioktyltinnklorid;MCNGJXAXOJDJKO-UHFFFAOYSA-M
2440-22-4;96;2-(2H-bensotriasol-2-yl)-4-metyl-fenol;MCPKSFINULVDNX-UHFFFAOYSA-N
57678-05-4;81;1H,1H,2H,2H-perfluordodecylfosfat (10:2 PAP);MCYKSXMNSXNCIY-UHFFFAOYSA-N
122931-48-0;58;Rimsulfuron;MEFOUWRMVYJCQC-UHFFFAOYSA-N
131-53-3;85;Benzofenon-8;MEZZCSHVIGVWFI-UHFFFAOYSA-N
89-83-8;5;Tymol;MGSRCZKZVOBKFT-UHFFFAOYSA-N
88401-65-4;233;Celestolid;MHUNAMWYXWYEMX-PLTLGRIDSA-N
57678-03-2;84;1H,1H,2H,2H-perfluordecylfosfat (8:2 PAP);MIABSAQIFYEDJP-UHFFFAOYSA-N
145-39-1;229;Musk tibeten;MINYPECWDZURGR-UHFFFAOYSA-N
35045-02-4;58;Deaminometribuzin;MIWRSUQXSCLDNV-UHFFFAOYSA-N
51202-79-0;5;Sum Tribrombifenyl;MKDZJIHLRSIZOV-UHFFFAOYSA-N
134-62-3;134;N,N-dimetyl-m-toluamid;MMOXZBCLCQITDF-UHFFFAOYSA-N
378-03-0;78;2,2,3,3-tetrafluor-3-(heptafluorpropoksy)propionsyre;MPQDGDVBZJSJIA-UHFFFAOYSA-N
83905-01-5;462;Azitromycin (legemiddel);MQTOSJVFKKJCRP-OHJWJPDZSA-N
20273-27-2;60;4-fenyl-bisykloheksyl;MRGBGAHKAGKZID-UHFFFAOYSA-N
4184-79-6;96;Xylyltriazol;MVPKIPGHRNIOPT-UHFFFAOYSA-N
2303-17-5;30;Triallat;MWBPRDONLNQCFV-UHFFFAOYSA-N
1912-24-9;9;Atrazin;MXWJVTOOROXGIU-UHFFFAOYSA-N
120-32-1;5;2-Benzyl-4-klorfenol;NCKMMSIFQUPKCK-UHFFFAOYSA-N
27858-07-7;5;Sum Oktabrombifenyl;NDRKXFLZSRHAJE-UHFFFAOYSA-N
2687-96-9;109;Laurylpyrrolidon;NJPQAIBZIHNJDO-UHFFFAOYSA-N
4640-01-1;90;Metyltriklosan;NLYDHBBTVWMLFD-UHFFFAOYSA-N
51437-90-2;15;4-n-Oktylfenol dietoksylat;NMTRTIUWHYPKTQ-UHFFFAOYSA-N
11067-80-4;1;iso-Dodecylfenol;NNAVBEAARXTLEG-UHFFFAOYSA-N
1861-32-1;113;Daktal;NPOJQCVWMSKXDN-UHFFFAOYSA-N
10448-09-6;56;Heptametylsyklotetrasiloksan;NSLNFHKUIKHPGY-UHFFFAOYSA-N
92142-32-0;2;Anatoksin-a(S);NTWUAOHAQNZERF-UHFFFAOYSA-N
2682-20-4;96;Methylisothiazolinone;NVQOTQXRJHBSOP-UHFFFAOYSA-N
13680-35-8;147;4,4'-Methylenebis(2,6-diethylaniline);NWIVYGKSHSJHEF-UHFFFAOYSA-N
153719-23-4;30;Tiametoksam;NWWZPOKUUAIXIW-FLIBITNWSA-N
483-65-8;191;Reten;NXLOLUFNDSBYTP-UHFFFAOYSA-N
52434-90-9;147;1,3,5-tris(2,3-dibromopropyl)-1,3,5-triazinane-2,4,6-trione;NZUPFZNVGSWLQC-UHFFFAOYSA-N
139-08-2;152;benzyldimethyltetradecylammonium (BAC-C14);OCBHHZMJRVXXQK-UHFFFAOYSA-M
5103-73-1;199;cis-Nonaklor;OCHOKXCPKDPNQU-KCCZGPNFSA-N
569-65-3;80;Meklozin (legemiddel);OCJYIGYOJCODJL-UHFFFAOYSA-N
67888-96-4;22;PBB101;OELBLPCWLAWABI-UHFFFAOYSA-N
68479-98-1;109;Dietylmetylbenzendiamin;OHJDDRJXKMWSFJ-UHFFFAOYSA-N
1795-19-3;60;p-tersykloheksyl;OHLFVTCARHBZDH-UHFFFAOYSA-N
15087-24-8;163;3-Bensylidenkamfor;OIQXFRANQVWXJF-ACCUITESSA-N
30784-32-8;62;Etylmetylbutylfenol;OJWSGKXEVFIBNL-UHFFFAOYSA-N
577-55-9;60;1,2- Diisopropylbenzen;OKIRBHVFJGXOIS-UHFFFAOYSA-N
70321-86-7;134;UV-234;OLFNXLXEGXRUOI-UHFFFAOYSA-N
82657-04-3;186;Bifentrin;OMFRMAHOUUJSGP-UNOMPAQXSA-N
1222-05-5;520;Galaksolid;ONKNPOPIGWHAQC-UHFFFAOYSA-N
20273-26-1;60;3-fenylbisyckoheksyl;ONQUBGYEUGJCEM-UHFFFAOYSA-N
97-39-2;147;1,3-Di-o-tolylguanidine;OPNUROKCUBTKLF-UHFFFAOYSA-N
76-57-3;80;Kodein (legemiddel);OROGSEYTTFOCAN-DNJOTXNNSA-N
88-04-0;229;Klorxylenol;OSDLLIBGSJNGJE-UHFFFAOYSA-N
57583-54-7;205;Tetrafenylresorcinoldifosfat;OWICEWMBIBPFAH-UHFFFAOYSA-N
102-06-7;146;1,3-Diphenylguanidine;OWRCNXZUPFZXOS-UHFFFAOYSA-N
88-89-1;3;Pikrinsyre;OXNIZHLAWKMVMX-UHFFFAOYSA-N
61397-56-6;133;[2-(bromomethyl)-2-(2,4-dichlorophenyl)-1,3-dioxolan-4-yl]methyl benzoate;OXUPOIXSQGXRGF-UHFFFAOYSA-N
84268-36-0;25;M1-UV328;OYGYNUPKLMDVHM-UHFFFAOYSA-N
125304-04-3;134;UV-571;PACBIGNRUWABMA-UHFFFAOYSA-N
96-45-7;30;Etylenetiourea;PDQAZBWRQCGBEV-UHFFFAOYSA-N
1735-48-4;52;Dodekafluortrifluormetylheksan;PEKFONNGBPBJRU-UHFFFAOYSA-N
2810-62-0;60;F-D3b;
85-60-9;180;4,4'-Butan-1,1- diylbis(2-tert-butyl- 5-metylfenol);PFANXOISJYKQRP-UHFFFAOYSA-N
507442-49-1;123;Galaxolidon;PGMHPYRIXBRRQD-UHFFFAOYSA-N
210880-92-5;30;Klotianidin;PGOOBECODWQEAB-UHFFFAOYSA-N
29589-57-9;50;Dibenzyltoluen;PKQYSCBUFZOAPE-UHFFFAOYSA-N
26898-17-9;153;2,3-Dibenzyltoluen;PKQYSCBUFZOAPE-UHFFFAOYSA-N
1737-93-5;52;Diklortrifluorpyridin;PKSORSNCSXBXOT-UHFFFAOYSA-N
88-72-2;3;2-Nitrotoluen;PLAZTCDQAHEYBI-UHFFFAOYSA-N
2082-84-0;152;decyltrimethylammonium (ATAC-C10);PLMFYJJFUUUCRZ-UHFFFAOYSA-M
1215-74-3;6;2,2'-Metylen bis(5-klorofenol);PMYWWZKCZCXDPU-UHFFFAOYSA-N
93413-69-5;432;Venlafaksin (legemiddel);PNVNVHUZROJLTJ-UHFFFAOYSA-N
3700-67-2 ;152;dimethyldioctadecylammonium (DADMAC-C18);PSLWZOIUBRXAQW-UHFFFAOYSA-M
4809-35-2;62;Bisfenol A bis(3-klor-2-hydroksypropyl)eter;PTCFDJRJOGPUFE-UHFFFAOYSA-N
144025-14-9;96;Desmetylcitalopram (legemiddel);PTJADDMMFYXMMG-UHFFFAOYSA-N
36355-01-8;5;Sum Heksabrombifenyl;PTJQVJQAZSLKJO-UHFFFAOYSA-N
56392-14-4;412;Metoprololsyre (legemiddel);PUQIRTNPJRFRCZ-UHFFFAOYSA-N
107342-55-2;48;4-Aminomusk xylen;PWFQZSWKBRPKJI-UHFFFAOYSA-N
959-55-7;152;Benzyldimethyloctylammonium (BAC-C8);PXFDQFDPXWHEEP-UHFFFAOYSA-M
107534-96-3;114;Tebukonasol;PXMNMQRDXWABCY-UHFFFAOYSA-N
599-64-4;84;4-(a,a-dimetylbenzyl)fenol;QBDSZLJBMIMQRS-UHFFFAOYSA-N
34454-97-2;69;N-metyl perfluorbutansulfonamid etanol (N-MeFBSE);QCIOYSZTOIGIQT-UHFFFAOYSA-N
15720-98-6;52;oktadekafluortrifluormetyldekanoylfluorid;QEIRHBKKYVWAOM-UHFFFAOYSA-N
36483-57-5;133;2,2-dimethylpropan-1-ol, tribromo derivative;QEJPOEGPNIVDMK-UHFFFAOYSA-N
94200-54-1;78;1H,1H,2H,2H-perfluorheksadecylfosfat (14:2 PAP);QIZXNATWTHMMHR-UHFFFAOYSA-N
306-91-2;57;Perfluorperhydrofenantren;QKENRHXGDUPTEM-UHFFFAOYSA-N
69278-62-2;23;PBB206;QLERKXRXNDBTDM-UHFFFAOYSA-N
1087-02-1;60;1,4-disyckoheksylbenzen;QQFSIGWYINAJOB-UHFFFAOYSA-N
85507-79-5;129;Diundecylftalat, forgrenet og lineær;QQVHEQUEHCEAKS-UHFFFAOYSA-N
95-14-7;186;Bensotriasol;QRUDEWIWKLJBPS-UHFFFAOYSA-N
1843-05-6;153;Oktabenzon;QUAMTGJKVDWJEQ-UHFFFAOYSA-N
83-98-7;352;Orfenadrin (legemiddel);QVYRGXJJSLMXQH-UHFFFAOYSA-N
82799-44-8;133;2,4-diethyl-9H-thioxanthen-9-one;QYLFHLNFIHBCPR-UHFFFAOYSA-N
55965-84-9;81;Metylisotia zolinon;QYYMDNHUJFIDDQ-UHFFFAOYSA-N
99-08-1;3;3-Nitrotoluen;QZYHIOPPLUPUJF-UHFFFAOYSA-N
53179-11-6;432;Loperamid (legemiddel);RDOIQAHITMMDAJ-UHFFFAOYSA-N
1430-97-3;2;2-metylfluoren;RKJHJMAZNPASHY-UHFFFAOYSA-N
144701-48-4;80;Telmisartan (legemiddel);RMMXLENWKUUMAY-UHFFFAOYSA-N
52485-79-7;24;Buprenorfin (legemiddel);RMRJXGBAOAMLHD-IHFGGWKQSA-N
61337-67-5;432;Mirtazapin (legemiddel);RONZAEMNMFQXRA-UHFFFAOYSA-N
124-40-3;12;Dimetylamin;ROSDSFDQCJNGOL-UHFFFAOYSA-N
72869-86-4;147;7,7,9(or 7,9,9)-trimethyl-4,13-dioxo-3,14-dioxa-5,12-diazahexadecane-1,16-diyl bismethacrylate;ROYPHECTKAJPDP-UHFFFAOYSA-N
67733-52-2;23;PBB180;RPGHQOFAFNAVNA-UHFFFAOYSA-N
35523-89-8;5;Saxitoksin;RPQXVSUAYFXFJA-AOPOZUIUSA-N
132123-39-8;133;1,1'-Biphenyl, 3,4,5-trifluoro-4'-(trans-4-propylcyclohexyl)-;RRKRBRVTKIRLHH-UHFFFAOYSA-N
2374-14-3;161;F-D3a;RROGHRHLBLVQSG-QHFDZABRSA-N
74223-64-6;63;Metsulfuronmetyl;RSMUVYRMZCOLBH-UHFFFAOYSA-N
3934-23-4;26;Perfluoroktylmetakrylate;RUEKTOVLVIXOHT-UHFFFAOYSA-N
162682-16-8;332;N-etyl perfluorpentansulfonamid (N-EtFPeSA);RUIVGYDYVAXAHW-UHFFFAOYSA-N
311-89-7;52;Tris(perfluoobutyl)amin;RVZRBWKZFJCCIB-UHFFFAOYSA-N
98-82-8;154;Kumen;RWGFKTVRMDUZSP-UHFFFAOYSA-N
6422-86-2;109;Bis(2-etylheksyl)tereftalat;RWPICVVBGZBXNA-UHFFFAOYSA-N
83799-24-0;432;Feksofenadin (legemiddel);RWTNPBWLLIMQHL-UHFFFAOYSA-N
23488-38-2;9;2,3,5,6-Tetrabrom-p-xylen;RXKOKVQKECXYOT-UHFFFAOYSA-N
80214-83-1;382;Roksitromycin (legemiddel);RXZBMPWDPOLZGW-XMRMVWPWSA-N
58-08-2;432;Koffein;RYYVLZVUVIJVGH-UHFFFAOYSA-N
3194-57-8;3;alfa-Tetrabromsyklooktan;RZLXIANUDLLFHN-UHFFFAOYSA-N
103-23-1;35;Bis[2-etylheksyl] adipat;SAOKZLXYCUGLFA-UHFFFAOYSA-N
2636-26-2;153;Cyanofos;SCKHCCSZFPSHGR-UHFFFAOYSA-N
5581-32-8;62;Bisfenol A bis(2,3-dihydroksypropyl)eter;SDGPGFLEUFXPCV-UHFFFAOYSA-N
68-35-9;80;Sulfadiazin (legemiddel);SEEPANYCNGTZFQ-UHFFFAOYSA-N
1377603-17-2;326;14:2 Fluortelomersulfonsyre;SEGVHCXRUVNVCD-UHFFFAOYSA-N
122-19-0;152;benzyldimethyloctadecylammonium (BAC-C18);SFVFIFLLYFPGHH-UHFFFAOYSA-M
52-53-9;432;Verapamil (legemiddel);SGTNSNPWRIOYBX-UHFFFAOYSA-N
35194-78-6;5;Sum Heptabrombifenyl;SMVYDWVPKUOWAJ-UHFFFAOYSA-N
91-22-5;7;Kinolin;SMWDFEZZVXVKRB-UHFFFAOYSA-N
55-63-0;3;Nitroglycerin;SNIOPGDIGTZGOP-UHFFFAOYSA-N
866-97-7;147;Tetrapentylammoniumbromid;SPALIFXDWQTXKS-UHFFFAOYSA-M
33629-47-9;133;Butralin;SPNQRCTZKIBOAX-UHFFFAOYSA-N
100-18-5;60;1,4-Diisopropylbenzen;SPPWGCYEYAMHDT-UHFFFAOYSA-N
118-96-7;3;Trinitrotoluen;SPSSULHKWOKEEL-UHFFFAOYSA-N
22504-72-9;21;N,N'-Dimetylsulfamid;SQNVFBHILRFQJY-UHFFFAOYSA-N
87857-41-8;205;Norsertralin (legemiddel);SRPXSILJHWNFMK-ZBEGNZNMSA-N
60207-90-1;114;Propikonazol;STJLVHWMYQXCPB-UHFFFAOYSA-N
83-66-9;227;Musk ambrett;SUAUILGSCPYJCS-UHFFFAOYSA-N
608-71-9;159;Pentabromfenol;SVHOVVJFOWGYJO-UHFFFAOYSA-N
67584-42-3;23;Perfluor-4-etylsykoheksanesulfonat kaliumsalt;SVTVDQUXOHBSSI-UHFFFAOYSA-N
1873-88-7;101;Heptametyltrisiloksan;SWGZAKPJNWCPRY-UHFFFAOYSA-N
122-18-9;152;benzyldimethylhexadecylammonium (BAC-C16);SXPWTBGAZSPLHA-UHFFFAOYSA-M
1120-02-1;152;trimethyloctadecylammonium  (ATAC-C18);SZEMGTQCPRNXEG-UHFFFAOYSA-M
763051-92-9;78;F-53B Major;SZVGIJOITCPDPM-UHFFFAOYSA-N
2446-69-7;50;4-n-Heksylfenol;SZWBRVPZWJYIHI-UHFFFAOYSA-N
965-32-2;152;benzyldimethyldecylammonium (BAC-C10);TTZLKXKJIMOHHG-UHFFFAOYSA-M
195-19-7;4;Benzo[c]fenantren;TUAHORSUHVUKBD-UHFFFAOYSA-N
21564-17-0;151;2-(Tiosyanatometyltio)-bensotiasol;TUBQDCKAWGHZPF-UHFFFAOYSA-N
4016-06-2;60;1,3-disykloheksylbenzen;TUWRHJHVTBVNSM-UHFFFAOYSA-N
61788-32-7;133;Terphenyl, hydrogenated;TVBYFUMVFJKKNJ-UHFFFAOYSA-N
27203-92-5;432;Tramadol (legemiddel);TVYLLZQTGLZFBW-ZBFHGGJFSA-N
2027-17-0;148;2-isopropylnaftalen;TVYVQNHYIHAJTD-UHFFFAOYSA-N
354-88-1;74;Pentafluoretansulfonsyre (PFEtS);TZGTTWJQEPLKTN-UHFFFAOYSA-N
99-35-4;3;Trinitrobenzen;UATJOMSPNYCXIX-UHFFFAOYSA-N
71617-10-2;205;Isoamyl p-metoxycinnamat;UBNYRXMKIIGMKK-RMKNXTFCSA-N
9003-31-0;2;Polyisopren;UBZVSDZJBLSIJG-UHFFFAOYSA-N
24219-97-4;80;Mianserin (legemiddel);UEQUQVLFIPOEMF-UHFFFAOYSA-N
116-66-5;229;Mosken;UHWURQRPEIFIAK-UHFFFAOYSA-N
1770-80-5;53;Dibutylklorendat;UJAHPBDUQZFDLA-UHFFFAOYSA-N
441296-91-9;57;Perfluorundekanesulfonat (PFUnDS);UKHUPOMCGUFNAP-UHFFFAOYSA-M
114-07-8;382;Erytromycin (legemiddel);ULGZDMOVFRHVEP-RWJQBGPGSA-N
2390-68-3;152;didecyldimethylammonium (DADMAC-C10);UMGXUWVIJIQANV-UHFFFAOYSA-M
99-62-7;60;1,3-Diisopropylbenzen;UNEATYXSUBPPKP-UHFFFAOYSA-N
101-68-8;139;4,4'-metylendifenyl diisocyanat;UPMLOUAZCHDJJD-UHFFFAOYSA-N
628-96-6;3;Dinitroglycol;UQXKXGWGFRWILX-UHFFFAOYSA-N
121-54-0;147;BZT;UREZNYTWGJKWBI-UHFFFAOYSA-M
208709-55-1;133;Benzene, 1-butoxy-2,3-difluoro-4-(trans-4-propylcyclohexyl)-;USQRHUAOPDZNRW-WREXNOFYSA-N
74-31-7;147;N,N'-Diphenyl-1,4-phenylenediamine;UTGQNNCQYDRXCH-UHFFFAOYSA-N
27503-81-7;181;Ensulizol;UVCJGUGAGLDPAA-UHFFFAOYSA-N
3737-09-05;205;Disopyramid (legemiddel);UVTNFZQICZKOEM-UHFFFAOYSA-N
107342-67-6;48;2-Aminomusk xylen;UXBYFHLORKKOAX-UHFFFAOYSA-N
65104-67-8;69;16:2 FTOH;UYSGWTCETIRUHO-UHFFFAOYSA-N
2691-41-0;3;Oktogen;UZGLIIJVICEWHF-UHFFFAOYSA-N
73936-91-1;51;UV-928;UZUNCLSDTUBVCN-UHFFFAOYSA-N
374772-79-9;62;Bisfenol F bis(2-klor-1-propanol)eter;VAFXFEBPCUMOIF-UHFFFAOYSA-N
15323-35-0;220;Pantolid;VDBHOHJWUDKDRW-UHFFFAOYSA-N
10453-86-8;133;Resmethrin;VEMKTZHHVJILDY-UHFFFAOYSA-N
68259-14-3;332;N-metyl perfluorheptansulfonamid (N-MeFHpSA);VFQOVAUNCQXDNI-UHFFFAOYSA-N
72406-26-9;36;Bisfenol F bis(2,3-dihydroksypropyl)eter;VGJRHUPDMVWBFM-UHFFFAOYSA-N
66722-44-9;432;Bisoprolol  (legemiddel);VHYCDWMUTMEGQY-UHFFFAOYSA-N
959-24-0;176;Sotalol (legemiddel);VIDRYROWYFWGSY-UHFFFAOYSA-N
70755-47-4 ;152;dihexadecyldimethylammonium (DADMAC-C16);VIXPKJNAOIWFMW-UHFFFAOYSA-M
100-97-0;147;Urotropine (legemiddel);VKYKSIONXSXAKP-UHFFFAOYSA-N
101200-48-0;58;Tribenuron metyl;VLCQZHSMCYCDJL-UHFFFAOYSA-N
14797-73-0;3;Perklorat;VLTRZXGMWDSKGL-UHFFFAOYSA-M
2554-06-5;116;Vinyl-D4;VMAWODUEPLAHOE-UHFFFAOYSA-N
57-91-0;30;Alfa-Estradiol;VOXZDWNPVJITMN-SFFUCWETSA-N
50-28-2;30;Estradiol;VOXZDWNPVJITMN-ZBRFXRBCSA-N
191-07-1;146;Coronen;VPUGDVKSAQVFFS-UHFFFAOYSA-N
374-88-9;78;Perfluorosykloheksankarboksylsyre (cycC6F11-COOH);VTXSVMHCHVIRJR-UHFFFAOYSA-N
21072-42-4;60;trans-1,4-difenylsykloheksan;VULCFZQVCFIKNK-UHFFFAOYSA-N
1401-69-0;29;Tylosin;WBPYTXDJUQJLPQ-VMXQISHHSA-N
55589-62-3;147;Acesulfame_K;WBZFUFAFFUEMEI-UHFFFAOYSA-M
94200-55-2;79;1H,1H,2H,2H-perfluoroktadecylfosfat (16:2 PAP);WCIJLILUIZUGMK-UHFFFAOYSA-N
135410-20-7;30;Acetamiprid;WCXDHFDTOYPNIE-RIYZIHGNSA-N
99-65-0;3;Dinitrobenzen;WDCYWAQPCXBPJA-UHFFFAOYSA-N
131860-33-8;1;Azoksystrobin;WFDXOXNFNRHQEC-GHRIWEEISA-N
1212077-14-9;78;Perfluor-2,5,8,10-tetrametyl-3,6,9-trioksaundekansyre (4x3-PFECA);WGZYEJQZCIIECH-UHFFFAOYSA-N
93479-97-1;352;Glimepirid (legemiddel);WIGIZIANZCJQQY-UHFFFAOYSA-N
96513-97-2;78;Ammonium 2-perfluorpentoksy-2,3,3,3-tetrafluorpropanoat;HZVUWLKXQRJTAL-UHFFFAOYSA-N
81403-80-7;352;Alfuzosin (legemiddel);WNMJYKCGWZFFKR-UHFFFAOYSA-N
7085-19-0;57;Mecoprop;WNTGYJSOUMFZEP-UHFFFAOYSA-N
29086-39-3;4;Heptaklorstyren;WOYBAAGBIXHIGK-UPHRSURJSA-N
59729-33-8;432;Citalopram (legemiddel);WSEQXVZVJXJVFP-UHFFFAOYSA-N
288-13-1;147;Pyrazole (legemiddel);WTKZEGDFNFYCGP-UHFFFAOYSA-N
81-14-1;317;Musk ketone;WXCMHFPAUCOJIG-UHFFFAOYSA-N
131-55-5;85;Benzofenon-2;WXNRYSGJLQFHBR-UHFFFAOYSA-N
51437-89-9;15;2-(4-Oktylfenoksy)etanol;WYGCMGHBEUGWNS-UHFFFAOYSA-N
101-83-7;131;Disykloheksylamin;XBPCUCUWBYBCDP-UHFFFAOYSA-N
2083-68-3;152;trimethyloctylammonium (ATAC-C8);XCOHAFVJQZPUKF-UHFFFAOYSA-M
344-04-7;145;Brompentafluorbenzen;XEKTVXADUPBFOA-UHFFFAOYSA-N
989-38-8;147;Rhodamine 6G (legemiddel);VYXSBFYARXAAKO-UHFFFAOYSA-N
52829-07-9;96;Sanol;XITRBUPOXXBIJN-UHFFFAOYSA-N
1119-94-4;152;dodecyltrimethylammonium (ATAC-C12);XJWSAJYUBXQQDR-UHFFFAOYSA-M
63393-96-4;147;Quaternary ammonium compounds, tri-C8-10-alkylmethyl, chlorides;XKBGEWXEAPTVCK-UHFFFAOYSA-M
80-43-3;148;Dicumyl peroksid;XMNIXWIUMCBBBL-UHFFFAOYSA-N
81-15-2;357;Musk xylen;XMWRWTSZNLOZFN-UHFFFAOYSA-N
423-41-6;74;Perfluorpropansulfonsyre (PFPrS);XBWQFDNGNOOMDZ-UHFFFAOYSA-N
429-67-4;93;F-D4;XOVNCWWRDSAYNE-UHFFFAOYSA-N
57678-07-6;81;1H,1H,2H,2H-perfluortetradecylfosfat (12:2 PAP);XPCZSIPRUSOJFO-UHFFFAOYSA-N
3282-73-3 ;152;didodecyldimethylammonium (DADMAC-C12);XRWMGCFJVKDVMD-UHFFFAOYSA-M
121-82-4;3;Syklonitt;XTFIVUDBNACUBN-UHFFFAOYSA-N
2095-03-6;146;Bisfenol F diglycidyleter;XUCHXOAWJMEFLF-UHFFFAOYSA-N
374-60-7;52;Undekafluor(nonafluorbutyl)sykloheksan Perfluor(butylsykloheksanan);XZZGMFAUFIVEGL-UHFFFAOYSA-N
89331-94-2;147;6'-(dibutylamino)-3'-methyl-2'-(phenylamino)spiro[isobenzofuran-1(3H),9-(9H)-xanthen]-3-one;XAAILNNJDMIMON-UHFFFAOYSA-N
147217-81-0;44;PBDE37;YALAYFVVZFORPV-UHFFFAOYSA-N
95-13-6;16;Inden;YBYIRNPNPLQARY-UHFFFAOYSA-N
2032-65-7;30;Metiocarb;YFBPRJGDJKVWAH-UHFFFAOYSA-N
191-26-4;179;Antantren;YFIJJNAKSZUOLT-UHFFFAOYSA-N
40458-98-8;150;2,7-diisopropylnafthalen;YGDMAJYAQCDTNG-UHFFFAOYSA-N
53988-10-6;147;2H-Benzimidazole-2-thione, 1,3-dihydro-4(or 5)-methyl-;YHMYGUUIMTVXNW-UHFFFAOYSA-N
49562-28-9;432;Fenofibrat (legemiddel);YMTINGFKWWXKFG-UHFFFAOYSA-N
15686-51-8;352;Klemastin (legemiddel);YNNUSGIPVFPVBX-NHCUHLMSSA-N
138402-11-6;432;Irbesartan (legemiddel);YOSHYTLCDANDAN-UHFFFAOYSA-N
2641-34-1;52;Heksafluorpropenoxidetrimer;YSIGVPOSKQLNTO-UHFFFAOYSA-N
68259-15-4;419;N-metyl perfluorheksansulfonamid (N-MeFHxSA);YTEKREICWGQLEN-UHFFFAOYSA-N
307-34-6;27;Perfluoroktan;YVBBRRALBYAZBM-UHFFFAOYSA-N
105827-78-9;35;Imidakloprid;YWTYJOPNNQFBPC-UHFFFAOYSA-N
69770-45-2;55;Flumetrin;YXWCBRDRVXHABN-UHFFFAOYSA-N
60699-51-6;69;14:2 FTOH;ZDUOTHMDVYXZBS-UHFFFAOYSA-N
87988-56-5;332;N-etyl perfluorheksanesulfonamid (N-EtFHxSA);ZIUMOXWDLICQQC-UHFFFAOYSA-N
83881-51-0;80;Cetirizin (legemiddel);ZKLPARSLTMPFCP-UHFFFAOYSA-N
2425-85-6;50;Pigment red 3;ZLFVRXUOSPRRKQ-VHEBQXMUSA-N
10238-21-8;432;Glibenklamid (legemiddel);ZNNLBTZKUZBEKO-UHFFFAOYSA-N
14938-35-3;140;4-n-pentylfenol;ZNPSUQQXTRRSBM-UHFFFAOYSA-N
25057-89-0;13;Bentazon;ZOMSMJKLGFBRBS-UHFFFAOYSA-N
17527-29-6;101;Perfluorheksyletylacrylat;ZOWGVNZMPKUDLB-UHFFFAOYSA-N
99-99-0;3;4-Nitrotoluen;ZPTVNYMJQHSSEA-UHFFFAOYSA-N
34449-89-3;69;N-etyl perfluorbutansulfonamid etanol (N-EtFBSE);ZSBOIPHQFKYRMG-UHFFFAOYSA-N
2523-37-7;1;9-metylfluoren;ZVEJRZRAUYJYCO-UHFFFAOYSA-N
131-56-6;84;Benzofenon-1;ZXDDPOHVAMWLBH-UHFFFAOYSA-N
82765-77-3;332;Perfluorheptansulfonamid (PFHpSA);ZYBNLNNCZHCXAC-UHFFFAOYSA-N
58-73-1;432;Difenhydramin (legemiddel);ZZVUWRFHKOJYTH-UHFFFAOYSA-N
141901-56-6;60;F-D4a;
141901-57-7;60;F-D4b;
141901-58-8;60;F-D4c;
141901-59-9;60;F-D4d;
2810-63-1;60;F-D3c;
