STRESSOR_NAME;DATA_TYPE;CAS_RN;INCHIKEY_STANDARD;MANUAL_CHECK;NOTE;NEW
Etylbenzen;;CAS_100-41-4;YNQLUTRBYVCPMQ-UHFFFAOYSA-N;;;
Styren;;CAS_100-42-5;PPBRXRYQALVLMV-UHFFFAOYSA-N;;;
N-nitrosopiperidin;;CAS_100-75-4;UWSDONTXWQOZFN-UHFFFAOYSA-N;;;
4,4'-Bis(1,1-dimetylbenzyl)difenylamin;;CAS_10081-67-1;UJAWGGOCYUPCPS-UHFFFAOYSA-N;;;
Mikrocystin-LR;;CAS_101043-37-2;ZYZCGGRZINLQBL-GWRQVWKTSA-N;;;
Triallylcyanurat;;CAS_101-37-1;BJELTSYBAHKXRW-UHFFFAOYSA-N;;;
indeno(1,2,3-cd)perylen;;CAS_101686-49-1;YTUILTQRCVAYNB-UHFFFAOYSA-N;;;
4,4'-Metmylendianilin;;CAS_101-77-9;YBRVSVVVWCFQMG-UHFFFAOYSA-N;;;
Heptaklorepoksid;;CAS_1024-57-3;ZXFXBSWRVIQKOD-UOFFAGTMSA-N;;;
Triallyl isocyanurat;;CAS_1025-15-6;KOMNUTZXSVSERR-UHFFFAOYSA-N;;;
Paracetamol (legemiddel);;CAS_103-90-2;RZVAJINKPMORJF-UHFFFAOYSA-N;;;
2,6-ditert-butyl-4-metyl-4-hydroksybenzen-1(4H)-on (BHT-quinol);;CAS_10396-80-2;DQBHJILNHNRDTM-UHFFFAOYSA-N;;;
4-Nonylfenol monoetoksylat (NP1EO);;CAS_104-35-8;KUXGUCNZFCVULO-UHFFFAOYSA-N;;;
4-n-Nonylfenol;;CAS_104-40-5;IGFHQQFPSIBGKE-UHFFFAOYSA-N;;;
4-dodecylfenol;;CAS_104-43-8;KJWMCPYEODZESQ-UHFFFAOYSA-N;;;
Difetialone;;CAS_104653-34-1;VSVAQRUUFVBBFS-UHFFFAOYSA-N;;;
alfa-Terpineol;;CAS_10482-56-1;WUOACPNHFRMFPN-SECBINFHSA-N;;;
Tamoksifen (legemiddel);;CAS_10540-29-1;NKANXQFJJICGDU-QPLCGJKRSA-N;;;
2,4-dimetylfenol;;CAS_105-67-9;KUFFULVDNCHOFZ-UHFFFAOYSA-N;;;
N-nitrosometyletylamin;;CAS_10595-95-6;RTDCJKARQCRONF-UHFFFAOYSA-N;;;
p-Xylen;;CAS_106-42-3;URLKBWYHVLBVBO-UHFFFAOYSA-N;;;
p-Cresol;;CAS_106-44-5;IWDCLRJOBJJRNH-UHFFFAOYSA-N;;;
1,4-diklorbenzen;;CAS_106-46-7;OCJBOOLMMGQPQU-UHFFFAOYSA-N;;;
4-klorfenol;;CAS_106-48-9;WXNZTHHGJRFXKQ-UHFFFAOYSA-N;;;
1,2-dibrometan;;CAS_106-93-4;PAAZPARNPHGIKF-UHFFFAOYSA-N;;;
1,2-dikloretan;;CAS_107-06-2;WSLDOOZREJYCGB-UHFFFAOYSA-N;;;
Glykol;;CAS_107-21-1;LYCAIKOWRPUZTN-UHFFFAOYSA-N;;;
Heksametyldisiloksan (MM);;CAS_107-46-0;UQEAIHBTYFGYIE-UHFFFAOYSA-N;;;
Tetradekametylsykloheptasiloksan (D7);;CAS_107-50-6;GSANOGQCVHBHIF-UHFFFAOYSA-N;;;
Oktametyltrisiloksan (L3);;CAS_107-51-7;CXQXSVUQTKDNFP-UHFFFAOYSA-N;;;
m-Xylen;;CAS_108-38-3;IVSZLXZYQVIEFR-UHFFFAOYSA-N;;;
m-Cresol;;CAS_108-39-4;RLSSMJSEOOYNOY-UHFFFAOYSA-N;;;
3-klorfenol;;CAS_108-43-0;HORNXRXVQWOLPJ-UHFFFAOYSA-N;;;
1,3,5-trimetylbenzen;;CAS_108-67-8;AUHZEENZYGFFBQ-UHFFFAOYSA-N;;;
3,5-dimetylfenol;;CAS_108-68-9;TUAMRELNJMMDMT-UHFFFAOYSA-N;;;
1,3,5-triklorbenzen;;CAS_108-70-3;XKEFYDZQGKAQCN-UHFFFAOYSA-N;;;
Toluen;;CAS_108-88-3;YXFVVABEGXRONW-UHFFFAOYSA-N;;;
Klorbenzen;;CAS_108-90-7;MVPPADPHJFYWMZ-UHFFFAOYSA-N;;;
Fenol;;CAS_108-95-2;ISWSIDIOOBJBQZ-UHFFFAOYSA-N;;;
Piperazin;;CAS_110-85-0;GLUUGHFHXGJENI-UHFFFAOYSA-N;;;
N-nitrosodietanolamin;;CAS_1116-54-7;YFCDLVPYFMHRQZ-UHFFFAOYSA-N;;;
N,N-Dimetyldodecylamin;;CAS_112-18-5;YWFWDNVOPHGWMX-UHFFFAOYSA-N;;;
N,N-Dimetylheksadecylamin;;CAS_112-69-6;NHLUVTZJQOJKCC-UHFFFAOYSA-N;;;
N,N-dimetyltetradecylamin;;CAS_112-75-4;SFBHPFQSSDCYSL-UHFFFAOYSA-N;;;
Perfluor(2-etoksyetan)sulfonsyre;;CAS_113507-82-7;RJGUAQKOHAABLK-UHFFFAOYSA-N;;;
Docetaxel (legemiddel);;CAS_114977-28-5;ZDZOTLJHXYCWBA-VCVYQWHSSA-N;;;
Klorendik anhydrid;;CAS_115-27-5;FLBJFXNAEMSXGL-UHFFFAOYSA-N;;;
Endosulfan;;CAS_115-29-7;RDYMFSUJUZBWLH-UHFFFAOYSA-N;;;
Dicofol;;CAS_115-32-2;UOAMTSKGCBMZTC-UHFFFAOYSA-N;;;
Trifenylfosfat (TPhP);;CAS_115-86-6;XZZNDPSIHUTMOC-UHFFFAOYSA-N;;;
Tri(2-kloroetyl)fosfat (TCEP);;CAS_115-96-8;HQUQLFOMPYWACS-UHFFFAOYSA-N;;;
Linalylformat;;CAS_115-99-1;JZOCDHMHLGUPFI-UHFFFAOYSA-N;;;
N-(4-Bromfenyl)-4-difenylamin;;CAS_1160294-93-8;RDSXVQDXXSPFHG-UHFFFAOYSA-N;;;
PBDE209;;CAS_1163-19-5;WHHGLZMJPXIBIX-UHFFFAOYSA-N;;;
Bis(2-etylheksyl)ftalat;;CAS_117-81-7;BJQHLKABXJIVAM-UHFFFAOYSA-N;;;
Bis(2-metoksyetyl)ftalat;;CAS_117-82-8;HSUIVCLOAAJSRE-UHFFFAOYSA-N;;;
Bis(2-butoksyetyl)ftalat;;CAS_117-83-9;CMCJNODIWQEOAI-UHFFFAOYSA-N;;;
Dioktylftalat;;CAS_117-84-0;MQIUGAXCHLFZKX-UHFFFAOYSA-N;;;
PBDE184;;CAS_117948-63-7;JHDCZVAQPRXHEL-UHFFFAOYSA-N;;;
PBDE197;;CAS_117964-21-3;AAFUUKPTSPVXJH-UHFFFAOYSA-N;;;
Homosalat;;CAS_118-56-9;WSSJONWNBBTCMG-UHFFFAOYSA-N;;;
Heksaklorbenzen;;CAS_118-74-1;CKAPSXZOOQJIBF-UHFFFAOYSA-N;;;
Tribromfenol;;CAS_118-79-6;BSWWXRFVMJHFBN-UHFFFAOYSA-N;;;
4,4'-Metylen bis(2,6-ditertbutylfenol);;CAS_118-82-1;MDWVSAYEQPLWMX-UHFFFAOYSA-N;;;
Antioksidant 2246;;CAS_119-47-1;KGRVJHAUYBGFFP-UHFFFAOYSA-N;;;
Emamektin;;CAS_119791-41-2;CXEGAUYXQAKHKJ-APFPJSSDSA-N;;;
Sum triklorbenzener (alle isomere);Stressor;CAS_12002-48-1;NA;;Mixture;
Antracen;;CAS_120-12-7;MWPLVEDNUUSJAV-UHFFFAOYSA-N;;;
1H,1H,2H,2H-perfluordodekansulfonsyre (10:2 FTS);;CAS_120226-60-0;AJMAYLFJZQYRHN-UHFFFAOYSA-N;;;
Diklorprop;;CAS_120-36-5;MZHCENGPTKEIGP-UHFFFAOYSA-N;;;
1,3-DPMA;;CAS_120442-40-2;BUHVIAUBTBOHAG-DXOKPZAMSA-N;;;
Dibenzoylmetan;;CAS_120-46-7;NZZIMKJIVMHWJC-UHFFFAOYSA-N;;;
Etylparaben;;CAS_120-47-8;NUVBSKCKDOMJSU-UHFFFAOYSA-N;;;
2-Metylbenzotiazol;;CAS_120-75-2;DXYYSGDWQCSKKO-UHFFFAOYSA-N;;;
2,2'-Ditiobisbenzotiazol;;CAS_120-78-5;AFZSMODLJJCVPP-UHFFFAOYSA-N;;;
1,2,4-triklorbenzen;;CAS_120-82-1;PBKONEOXTCPAFI-UHFFFAOYSA-N;;;
2,4-diklorfenol;;CAS_120-83-2;HFZWRUODUSTPEG-UHFFFAOYSA-N;;;
2,4-di-tert-pentylfenol;;CAS_120-95-6;WMVJWKURWRGJCI-UHFFFAOYSA-N;;;
3-tert-butyl-4-hydroksyanisol;;CAS_121-00-6;MRBKEAMVRSLQPH-UHFFFAOYSA-N;;;
Simazin;;CAS_122-34-9;ODCWYMIRDDJXKW-UHFFFAOYSA-N;;;
4-etylfenol;;CAS_123-07-9;HXDOZKJGKXYMEW-UHFFFAOYSA-N;;;
2-metyl-2-(nitroamino)-1-propanol;;CAS_1239666-60-4;WTIFXEKZEYZXMJ-UHFFFAOYSA-N;;;
Sum tetraklorbenzen (alle isomere);Stressor;CAS_12408-10-5;NA;;Mixture;
2-Etylhexyldifenylfosfat (EHDPP);;CAS_1241-94-7;CGSLYBDCEGBZCG-UHFFFAOYSA-N;;;
N,N-dimethyloctadecan-1-amine;;CAS_124-28-7;NAPSCFZYZVSQHF-UHFFFAOYSA-N;;;
Quinoxyfen;;CAS_124495-18-7;WRPIRSINYZBGPK-UHFFFAOYSA-N;;;
2-Amino-2-metylpropanol;;CAS_124-68-5;CBTVGIZVANVGBH-UHFFFAOYSA-N;;;
Triisobutylfosfat (TIBP);;CAS_126-71-6;HRKAMJBPFPHCSD-UHFFFAOYSA-N;;;
Tributylfosfat (TBP);;CAS_126-73-8;STCOOQWBFONSKY-UHFFFAOYSA-N;;;
1,1,2,2-Tetrakloreten;;CAS_127-18-4;CYTYCFOTNPOANT-UHFFFAOYSA-N;;;
Bisfenol G;;CAS_127-54-8;IJWIRZQYWANBMP-UHFFFAOYSA-N;;;
beta-Pinen;;CAS_127-91-3;WTARULDDTDQWMU-UHFFFAOYSA-N;;;
Butylert hydroksytoluen (BHT);;CAS_128-37-0;NLZUEZXRPGMBCV-UHFFFAOYSA-N;;;
2,6-ditert-butylfenol;;CAS_128-39-2;DKCPKDPYUFEZCP-UHFFFAOYSA-N;;;
Tetrabrompyren;;CAS_128-63-2;ZKBKRTZIYOKNRG-UHFFFAOYSA-N;;;
Pyren;;CAS_129-00-0;BBEAQIROQSPTKN-UHFFFAOYSA-N;;;
Bisfenol TMC;;CAS_129188-99-4;UMPGNGRIGSEMTC-UHFFFAOYSA-N;;;
3,4-DCBTC;;CAS_13014-24-9;ATYLRBXENHNROH-UHFFFAOYSA-N;;;
Dimetylftalat;;CAS_131-11-3;NIQCNGHVCWTJSM-UHFFFAOYSA-N;;;
Dipropylftalat;;CAS_131-16-8;MQHNKCZKNAJROC-UHFFFAOYSA-N;;;
Dipentylftalat;;CAS_131-18-0;IPKKHRVROFYTEK-UHFFFAOYSA-N;;;
Fosforpentoksid (P2O5);;CAS_1314-56-3;YWEUIGNSBFLMFL-UHFFFAOYSA-N;;;
Benzofenon-3;;CAS_131-57-7;DXGLGDHPHMLXJC-UHFFFAOYSA-N;;;
Pentaklornaftalen;;CAS_1321-64-8;JRZKNHITLINYHV-UHFFFAOYSA-N;;;
Triklornaftalen;;CAS_1321-65-9;QEPTXDCPBXMWJC-UHFFFAOYSA-N;;;
C1-Naftalener;;CAS_1321-94-4;NA;;;
Decylbenzensulfonat (C10);;CAS_1322-98-1;RLJSXMVTLMHXJS-UHFFFAOYSA-M;;;
Heksafluorpropylenoksid dimersyre (HFPO-DA);;CAS_13252-13-6;CSEBNABAWMZWIF-UHFFFAOYSA-N;;;
Perfluor-2,5-dimetyl-3,6-dioksanonansyre;;CAS_13252-14-7;OIVQVBDAMYDDEM-UHFFFAOYSA-N;;;
Dibenzofuran;;CAS_132-64-9;TXCDCPKCNAJMEE-UHFFFAOYSA-N;;;
Dibenzotiofen;;CAS_132-65-0;IYYZUPMFVPLQIF-UHFFFAOYSA-N;;;
Xylen (sum alle isomerer);Stressor;CAS_1330-20-7;NA;;Mixture;
Trikresylfosfat (TCrP);;CAS_1330-78-5;BOSMZFBHAYFUBJ-UHFFFAOYSA-N;;;
3-Hydroksybenzo[a]pyren;;CAS_13345-21-6;SPUUWWRWIAEPDB-UHFFFAOYSA-N;;;
Heksaklornaftalen;;CAS_1335-87-1;CTLMCQOGOWNFHA-UHFFFAOYSA-N;;;
Tetraklornaftalen;;CAS_1335-88-2;NAQWICRLNQSPPW-UHFFFAOYSA-N;;;
Sum PCB (må spesifiseres);Stressor;CAS_1336-36-3;NA;;Mixture;
a-HBCDD;;CAS_134237-50-6;DEIGXXQKDWULML-PQTSNVLCSA-N;;;
b-HBCDD;;CAS_134237-51-7;DEIGXXQKDWULML-UFVWWTPHSA-N;;;
g-HBCDD;;CAS_134237-52-8;DEIGXXQKDWULML-MOCCIAMBSA-N;;;
Atorvastatin (legemiddel);;CAS_134523-00-5;XUKUURHRXDUEBC-KAYWLYCHSA-N;;;
3-Caren;;CAS_13466-78-9;BQOFWKZOCNGFEC-UHFFFAOYSA-N;;;
Tellur;;CAS_13494-80-9;PORWMNRCUJJQNO-UHFFFAOYSA-N;;;
N,N'-ditiodi-o-fenylenedibenzamid;;CAS_135-57-9;ZHMIOPLMFZVSHY-UHFFFAOYSA-N;;;
Mefenpyr-dietyl;;CAS_135590-91-9;OPGCOAPTHCZZIW-UHFFFAOYSA-N;;;
Dekloran A;;CAS_13560-89-9;UGQQAJOWXNCOPY-UHFFFAOYSA-N;;;
Dekloran 601;;CAS_13560-90-2;COOHPPAZRZIWHM-UHFFFAOYSA-N;;;
Klorden Plus;;CAS_13560-91-3;FUVVGRBPINDFIQ-UHFFFAOYSA-N;;;
Dekloran 603;;CAS_13560-92-4;WSEXCYJMFQVEIN-UHFFFAOYSA-N;;;
Dekloran Plus syn;;CAS_135821-03-3;UGQQAJOWXNCOPY-MXYLTYEXSA-N;;;
1,5-DPMA;;CAS_135821-04-4;NA;;Not found;
Dekloran Plus anti;;CAS_135821-74-8;UGQQAJOWXNCOPY-VBCJEVMVSA-N;;;
Bisfenol M;;CAS_13595-25-0;PVFQHGDIOXNKIC-UHFFFAOYSA-N;;;
PBB209;;CAS_13654-09-6;AQPHBYQUCKHJLT-UHFFFAOYSA-N;;;
Sum PCDF;Stressor;CAS_136677-10-6;NA;;Mixture;
Tri(1-klor-2-propyl) fosfat;;CAS_13674-84-5;KVMPUXDNESXNOH-UHFFFAOYSA-N;;;
Tri(1,3-diklor-2-propyl) fosfat (TDCP);;CAS_13674-87-8;ASLWPAWFJZFCKF-UHFFFAOYSA-N;;;
Bensotiasol-2-ylamin;;CAS_136-95-8;UHGULLIUJBCTEF-UHFFFAOYSA-N;;;
Perfluorpentadekanesulfonsyre (PFPeS)(;;CAS_1379460-34-0;XEMFUSUHNOPSDA-UHFFFAOYSA-N;;;
Perfluortetradekansulfonsyre (PFTS);;CAS_1379460-39-5;APTHHQMMNKGQCK-UHFFFAOYSA-N;;;
IN-70941;;CAS_138724-53-5;YKUAHBLGZCTWPS-UHFFFAOYSA-N;;;
Kalium-40;;CAS_13966-00-2;ZLMJMSJWJFRBEC-OUBTZVSYSA-N;;;
Uran-234;;CAS_13966-29-5;JFALSRSLKYAFGM-AHCXROLUSA-N;;;
4-tert-Oktylfenol;;CAS_140-66-9;ISAVYTVYFVQUDY-UHFFFAOYSA-N;;;
Perfluorpentadekansyre (PFPeDA);;CAS_141074-63-7;BJNCSIWIMCWIMS-UHFFFAOYSA-N;;;
Monoetanolamin;;CAS_141-43-5;HZAXFHJVJLSVMW-UHFFFAOYSA-N;;;
Dekametyltetrasiloksan (L4);;CAS_141-62-8;YFCGDEUVHLPRCZ-UHFFFAOYSA-N;;;
Dodekametylpentasiloksan (L5);;CAS_141-63-9;FBZANXDWQAVSTQ-UHFFFAOYSA-N;;;
Guanylurea (legemiddel);;CAS_141-83-3;SQSPRWMERUQXNE-UHFFFAOYSA-N;;;
3,5-ditert-butyl-4-hydroksybenzosyre;;CAS_1421-49-4;YEXOWHQZWLCHHD-UHFFFAOYSA-N;;;
Bly-210;;CAS_14255-04-0;WABPQHHGFIMREM-AKLPVKDBSA-N;;;
OH-PCB146;;CAS_145413-90-7;KVRQWFNZIYFJRU-UHFFFAOYSA-N;;;
Tetrabutyltinn (TTBT);;CAS_1461-25-2;AFCAKJKUYFLYFK-UHFFFAOYSA-N;;;
Oksolinsyre;;CAS_14698-29-4;KYGZCKSPAKDVKC-UHFFFAOYSA-N;;;
PBDE17;;CAS_147217-75-2;VYBFILXLBMWOLI-UHFFFAOYSA-N;;;
PBDE35;;CAS_147217-80-9;CDVYKQPKJYPWRO-UHFFFAOYSA-N;;;
Bisfenol AF;;CAS_1478-61-1;ZFVMWEVVKGLCIJ-UHFFFAOYSA-N;;;
Nitrat;;CAS_14797-55-8;NHNBFGGVMKEFGY-UHFFFAOYSA-N;;;
Nitritt;;CAS_14797-65-0;IOVCWXUNBOPUCH-UHFFFAOYSA-M;;;
Ammonium;;CAS_14798-03-9;QGZKDVFQNNGYKY-UHFFFAOYSA-O;;;
1H,2H-perfluortetradekansulfonsyre (12:2 FTS);;CAS_149246-64-0;HROXNRPVGFCRKZ-UHFFFAOYSA-N;;;
2-Mercaptobenzotiazol;;CAS_149-30-4;YXIWHUQXZSMYRE-UHFFFAOYSA-N;;;
OH-PCB138;;CAS_149589-59-3;IFMBZIUKIZYLED-UHFFFAOYSA-N;;;
Uran-235;;CAS_15117-96-1;JFALSRSLKYAFGM-OIOBTWANSA-N;;;
Natriumdodecylsulfat;;CAS_151-21-3;DBMJMQXJHONAFJ-UHFFFAOYSA-M;;;
IN-70942;;CAS_151331-80-5;AFOZBVKCZXHDER-UHFFFAOYSA-N;;;
Perfluor-3,6-dioksaheptansyre (36O2-PFHpA);;CAS_151772-58-6;PPWRLPJIHGWGFH-UHFFFAOYSA-N;;;
Tribromneopentylalkohol;;CAS_1522-92-5;QEJPOEGPNIVDMK-UHFFFAOYSA-N;;;
Dioktyltinn kation (DOT);;CAS_15231-44-4;IFYGUNVJGWHEBO-UHFFFAOYSA-N;;;
Monooktyltinn kation (MOT);;CAS_15231-57-9;ZMHZSHHZIKJFIR-UHFFFAOYSA-N;;;
Radium-228;;CAS_15262-20-1;HCWPIIXVSYCSAN-NJFSPNSNSA-N;;;
OH-PCB107;;CAS_152969-11-4;WGNCTWHUJUDFCH-UHFFFAOYSA-N;;;
6-Hydroksypaclitaxel (legemiddelrest);;CAS_153212-75-0;NDCWHEDPSFRTDA-FJMWQILYSA-N;;;
Cefalotin (legemiddel);;CAS_153-61-7;XIURVHNZVLADCM-IUODEOHRSA-N;;;
Jern(II);;CAS_15438-31-0;CWYNVVGOOAEACU-UHFFFAOYSA-N;;;
7H-dodekafluorheptansyre (HPFHpA);;CAS_1546-95-8;JZHDEEOTEUVLHR-UHFFFAOYSA-N;;;
Iscotrizinol (UV-310);;CAS_154702-15-5;OSCJHTSDLYVCQC-UHFFFAOYSA-N;;;
cis-1,2-dikloreten;;CAS_156-59-2;KFUSEUYYWQURPO-UPHRSURJSA-N;;;
trans-1,2-dikloreten;;CAS_156-60-5;KFUSEUYYWQURPO-OWOJBTEDSA-N;;;
Bisfenol AP;;CAS_1571-75-1;VOWWYDCFAISREI-UHFFFAOYSA-N;;;
4,4'-di-tert-oktyldifenylamin;;CAS_15721-78-5;GQBHYWDCHSZDQU-UHFFFAOYSA-N;;;
3,6-dimetylfenantren;;CAS_1576-67-6;OMIBPZBOAJFEJS-UHFFFAOYSA-N;;;
OH-PCB159;;CAS_158076-63-2;PZAKBNHYWBSZAF-UHFFFAOYSA-N;;;
OH-PCB172;;CAS_158076-64-3;NMAGXCAAKZMNOI-UHFFFAOYSA-N;;;
OH-PCB187;;CAS_158076-68-7;RPXRFGDJHIVRSM-UHFFFAOYSA-N;;;
OH-PCB180;;CAS_158076-69-8;JCUBQOKFGUXHFL-UHFFFAOYSA-N;;;
Trifluralin;;CAS_1582-09-8;ZSDSQXJSNMTJDA-UHFFFAOYSA-N;;;
Natriumlauretsulfat;;CAS_15826-16-1;ASEFUFIKYOCPIJ-UHFFFAOYSA-M;;;
2,3,4-triklorfenol;;CAS_15950-66-0;HSQFVBWFPBKHEB-UHFFFAOYSA-N;;;
Alaklor;;CAS_15972-60-8;XCSGPAVHZFQHGE-UHFFFAOYSA-N;;;
3,5-ditert-butyl-4-hydroksybenzaldehyd;;CAS_1620-98-0;DOZRDZLFLOODMB-UHFFFAOYSA-N;;;
Metyl tert-butyleter;;CAS_1634-04-4;BZLVMXJERCGZMT-UHFFFAOYSA-N;;;
N,N-Dimetyldodecylamin N-oksid;;CAS_1643-20-5;SYELZBGXAIXKHU-UHFFFAOYSA-N;;;
Perfluoroktadekansyre (PFOcDA);;CAS_16517-11-6;ZTSDOGSKTICNPQ-UHFFFAOYSA-N;;;
PCB31;;CAS_16606-02-3;VAHKBZSAUKPEOV-UHFFFAOYSA-N;;;
2-amino-4-metoksy-6-metyl-1,3,5-triazin (IN-A4098);;CAS_1668-54-8;NXFQWRWXEYTOTK-UHFFFAOYSA-N;;;
N-etyl perfluoroktansulfonamid etanol (N-EtFOSE);;CAS_1691-99-2;HUFHNYZNTFSKCT-UHFFFAOYSA-N;;;
OH-PCB118;;CAS_170946-11-9;JROZAXVKMMXVBS-UHFFFAOYSA-N;;;
3-Nitrobenzantron (3-NBA);;CAS_17117-34-9;QAJOWHGESRCVLY-UHFFFAOYSA-N;;;
Perfluornonansulfonsyre (PFNS);;CAS_17202-41-4;CCLOSADEZDSARB-UHFFFAOYSA-N;;;
Perfluor-3,7-dimetyloktansyre (PF-3,7-DMOA);;CAS_172155-07-6;KZUSAXRVIONPJU-UHFFFAOYSA-N;;;
Behentrimonium chloride (ATAC-C22);;CAS_17301-53-0;YSJGOMATDFSEED-UHFFFAOYSA-M;;;
TCDD (D48);;CAS_1746-01-6;HGUFODBRKLSHSI-UHFFFAOYSA-N;;;
2,6 ditert-butyl-4-sec-butylfenol (Vanox);;CAS_17540-75-9;BFZOTKYPSZSDEV-UHFFFAOYSA-N;;;
Perfluoroktansulfonsyre (PFOS);;CAS_1763-23-1;YFSUTJLHUFNCNZ-UHFFFAOYSA-N;;;
(Z)-EHMC;;CAS_177352-99-7;YBGZDTIWKVFICR-RAXLEYEMSA-N;;;
Metyltris(trimetylsiloksy)silan;;CAS_17928-28-8;RGMZNZABJYWAEC-UHFFFAOYSA-N;;;
Bortezomib (legemiddel);;CAS_179324-69-7;GXJABQQUPOEUTA-RDJZCZTQSA-N;;;
4-n-Oktylfenol;;CAS_1806-26-4;NTDQQZYCCIDJRK-UHFFFAOYSA-N;;;
PBDE85;;CAS_182346-21-0;DMLQSUZPTTUUDP-UHFFFAOYSA-N;;;
PBDE138;;CAS_182677-30-1;IZFQCEZFGCMHOM-UHFFFAOYSA-N;;;
2-Etylheksyl 2,3,4,5-tetrabrombenzoat;;CAS_183658-27-7;HVDXCGSGEQKWGB-UHFFFAOYSA-N;;;
Bisfenol BP;;CAS_1844-01-5;BATCUENAARTUKW-UHFFFAOYSA-N;;;
Krom, seksverdig;;CAS_18540-29-9;JOPOVCBBYLSVDA-UHFFFAOYSA-N;;;
PBDE66;;CAS_189084-61-5;DHUMTYRHKMCVAG-UHFFFAOYSA-N;;;
PBDE71;;CAS_189084-62-6;COPAGYRSCJVION-UHFFFAOYSA-N;;;
PBDE75;;CAS_189084-63-7;BWCNKMFFUGBFGB-UHFFFAOYSA-N;;;
PBDE100;;CAS_189084-64-8;NSKIRYMHNFTRLR-UHFFFAOYSA-N;;;
PBDE119;;CAS_189084-66-0;KXEOYBYEJCRPGB-UHFFFAOYSA-N;;;
PBDE181;;CAS_189084-67-1;GVNRIAPLVGNZPL-UHFFFAOYSA-N;;;
PBDE190;;CAS_189084-68-2;OUEYHQIMJGHOQN-UHFFFAOYSA-N;;;
Dibenzo[a,i]pyren;;CAS_189-55-9;TUGYIJVAYAHHHM-UHFFFAOYSA-N;;;
Dibenzo[a,h]pyren;;CAS_189-64-0;RXUSYFJGDZFVND-UHFFFAOYSA-N;;;
Benzo[ghi]perylen;;CAS_191-24-2;GYFAGKUZYNFMBN-UHFFFAOYSA-N;;;
Dibenzo[a,e]pyren;;CAS_192-65-4;KGHMWBNEMFNJFZ-UHFFFAOYSA-N;;;
Benzo[e]pyren;;CAS_192-97-2;TXVHTIQJNYSSKO-UHFFFAOYSA-N;;;
Indeno[1,2,3-cd]pyren;;CAS_193-39-5;SXQBHARYMNFBPS-UHFFFAOYSA-N;;;
HxCDD (D70);;CAS_19408-74-3;LGIRBUBHIWTVCK-UHFFFAOYSA-N;;;
2-tert-butylhydroquinon;;CAS_1948-33-0;BGNXCDMCOKJUMV-UHFFFAOYSA-N;;;
Perylen;;CAS_198-55-0;CSHWQDPOILHKBI-UHFFFAOYSA-N;;;
4-n-heptylfenol;;CAS_1987-50-4;KNDDEFBFJLKPFE-UHFFFAOYSA-N;;;
Jern(III);;CAS_20074-52-6;VTLYFUHAOXGGBS-UHFFFAOYSA-N;;;
3-(3,5-ditert-butyl-4-hydroksyfenyl)propionsyre (Fenozansyre);;CAS_20170-32-5;WPMYUUITDBHVQZ-UHFFFAOYSA-N;;;
7-Nitrobenz[a]antracen (7-NBAA);;CAS_20268-51-3;KOPVBVBUIYTJBG-UHFFFAOYSA-N;;;
Benzo[ghi]fluoranten;;CAS_203-12-3;YEIHPPOCKIHUQJ-UHFFFAOYSA-N;;;
Benzo[a]fluoranten;;CAS_203-33-8;OQDXASJSCOTNQS-UHFFFAOYSA-N;;;
Dibromaldrin;;CAS_20389-65-5;SUSUGGDVAULJNM-UHFFFAOYSA-N;;;
4-Nonylfenol dietoksylat (NP2EO);;CAS_20427-84-3;BLXVTZPGEOGTGG-UHFFFAOYSA-N;;;
1H,1H,2H,2H-perfluorheksanol (4:2 FTOH);;CAS_2043-47-2;JCMNMOBHVPONLD-UHFFFAOYSA-N;;;
PCB209;;CAS_2051-24-3;ONXPZLFXDMAPRO-UHFFFAOYSA-N;;;
Benzo[j]fluoranten;;CAS_205-82-3;KHNYNFUTFKJLDD-UHFFFAOYSA-N;;;
Perfluorundekansyre (PFUnDA);;CAS_2058-94-8;SIDINRCMMRKXGQ-UHFFFAOYSA-N;;;
Benzo[b]fluoranten;;CAS_205-99-2;FTOVXSOBNPWTSH-UHFFFAOYSA-N;;;
Fluoranten;;CAS_206-44-0;GVEPBJHOBDJJJI-UHFFFAOYSA-N;;;
Benzo[k]fluoranten;;CAS_207-08-9;HAXBIWFMXWRORI-UHFFFAOYSA-N;;;
PBDE154;;CAS_207122-15-4;VHNPZYZQKWIWOD-UHFFFAOYSA-N;;;
PBDE183;;CAS_207122-16-5;ILPSCQCLBHQUEM-UHFFFAOYSA-N;;;
Bisfenol E;;CAS_2081-08-5;HCNHNBLSNVSJTJ-UHFFFAOYSA-N;;;
Oktadecyl 3-(3,5-ditert-butyl-4-hydroksyfenyl)propionat (Irganox);;CAS_2082-79-3;SSDSCDGVMJFTEQ-UHFFFAOYSA-N;;;
Acenaftylen;;CAS_208-96-8;HXGDTGSAIMULJN-UHFFFAOYSA-N;;;
Polyfenylmetylsiloksan;;CAS_2116-84-9;LINXHFKHZLOLEI-UHFFFAOYSA-N;;;
Oktyldimetyl-p-aminobenzoat;;CAS_21245-02-3;WYWZRNAHINYAEF-UHFFFAOYSA-N;;;
N,N-Dimetyldocosylamin;;CAS_21542-96-1;ICZKASVWFUJTEI-UHFFFAOYSA-N;;;
Bisfenol P;;CAS_2167-51-3;GIXXQTYGFOHYPT-UHFFFAOYSA-N;;;
Trifenylen;;CAS_217-59-4;SLGBZMMZGDRARJ-UHFFFAOYSA-N;;;
Crysen;;CAS_218-01-9;WDECIBYCCFPHNR-UHFFFAOYSA-N;;;
Tetrabromobisfenol A bis (dibrompropyl eter);;CAS_21850-44-2;LXIZRZRTWSDLKK-UHFFFAOYSA-N;;;
Naproxen (legemiddel);;CAS_22204-53-1;CMWTZPSULFXXJA-VIFPVBQESA-N;;;
Oktaklornaftalen;;CAS_2234-13-1;RTNLUFLDZOAXIC-UHFFFAOYSA-N;;;
2,3,5-trimetylnaftalen;;CAS_2245-38-7;JBXULKRNHAQMAS-UHFFFAOYSA-N;;;
Metylkvikksølv;;CAS_22967-92-6;DBUXSCUEGJMZAE-UHFFFAOYSA-N;;;
4-tert-Oktylfenol dietoksylat (OP2EO);;CAS_2315-61-9;LBCZOTMMGHGTPH-UHFFFAOYSA-N;;;
4-tert-Oktylfenol trietoksylat (OP3EO);;CAS_2315-62-0;OLOHNJXENGJYTB-UHFFFAOYSA-N;;;
4-tert-Oktylfenol monoetoksylat (OP1EO);;CAS_2315-67-5;JYCQQPHGFMYQCF-UHFFFAOYSA-N;;;
Doksorubicin (legemiddel);;CAS_23214-92-8;AOJJSUZBOXZQNB-TZSSRYMLSA-N;;;
N-metyl perfluoroktansulfonamido eddiksyre (Me-FOSAA);;CAS_2355-31-9;QNDHIRFIMVNHBN-UHFFFAOYSA-N;;;
Dekloran (Mirex);;CAS_2385-85-5;GVYLCNUFSHDAAW-UHFFFAOYSA-N;;;
Benzo[a]fluoren;;CAS_238-84-6;HKMTVMBEALTRRR-UHFFFAOYSA-N;;;
2-Etoksy-2'-etyloksanilid (UV-312);;CAS_23949-66-8;YIMHRDBSVCPJOV-UHFFFAOYSA-N;;;
Monofenyltinn kation (MPhT);;CAS_2406-68-0;JDWJZEXJARCHAT-UHFFFAOYSA-N;;;
2-Heksyldekanol;;CAS_2425-77-6;XULHFMYCBKQGEE-UHFFFAOYSA-N;;;
Benzo[b]fluoren;;CAS_243-17-4;HAPOJKSPCGLOOD-UHFFFAOYSA-N;;;
1-Hydroksyfenantren;;CAS_2433-56-9;GTBXZWADMKOZQJ-UHFFFAOYSA-N;;;
PCB47;;CAS_2437-79-8;QORAVNMWUNPXAO-UHFFFAOYSA-N;;;
PBDE49;;CAS_243982-82-3;QWVDUBDYUPHNHY-UHFFFAOYSA-N;;;
N-metyl perfluoroktansulfonamid etanol (N-MeFOSE);;CAS_24448-09-7;PLGACQRCZCVKGK-UHFFFAOYSA-N;;;
2,2'-Bisfenol F;;CAS_2467-02-9;MQCPOLNSJCWPGT-UHFFFAOYSA-N;;;
2,4'-Bisfenol F;;CAS_2467-03-0;LVLNPXCISNPHLE-UHFFFAOYSA-N;;;
Butylert hydroksyanisol;;CAS_25013-16-5;MRBKEAMVRSLQPH-UHFFFAOYSA-N;;;
Polykarbonat;;CAS_25037-45-0;PWULOAPIBVMKBN-UHFFFAOYSA-N;;;
Polyamid 6 (Nylon 6);;CAS_25038-54-4;ALBYIUDWACNRRB-UHFFFAOYSA-N;;;
Polyetylentereftalat;;CAS_25038-59-9;FYIBGDKNYYMMAG-UHFFFAOYSA-N;;;
Nonylfenol;;CAS_25154-52-3;SNQQPOLDUKLAAF-UHFFFAOYSA-N;;;
Trixylylfosfat;;CAS_25155-23-1;LLPMAOBOEQFPRE-UHFFFAOYSA-N;;;
Dodecylbenzensulfonat (C12);;CAS_25155-30-0;HOXWFOVSCUWIEH-UHFFFAOYSA-M;;;
2-[[(heptadekafluoroktyl)sulfonyl]metylamino]etyl akrylat) (N-MeFOSEA);;CAS_25268-77-3;GTPCZYUMOVUFSW-UHFFFAOYSA-N;;;
Dibutylfenylfosfat (DBPhP);;CAS_2528-36-1;YICSVBJRVMLQNS-UHFFFAOYSA-N;;;
2-metylfenantren;;CAS_2531-84-2;KANLOADZXMMCQA-UHFFFAOYSA-N;;;
Sum diklorbenzen (alle isomere);Stressor;CAS_25321-22-6;RFFLAFLAYFXFSW-UHFFFAOYSA-N;;Mixture;
Sum Triklorbifenyl;Stressor;CAS_25323-68-6;IUYHQGMDSZOPDZ-UHFFFAOYSA-N;;Mixture;
2,2',6,6'-Tetrabrombisfenol A diallyleter;;CAS_25327-89-3;PWXTUWQHMIFLKL-UHFFFAOYSA-N;;;
Sum Pentaklorbifenyl;Stressor;CAS_25429-29-2;GGMPTLAAIUQMIE-UHFFFAOYSA-N;;Mixture;
1,3,5,7,9,11-HBCDD;;CAS_25637-99-4;LEOCKULGXOQRTQ-UHFFFAOYSA-N;;;
Tri(3,5-dimetylfenyl) fosfat;;CAS_25653-16-1;LLPMAOBOEQFPRE-UHFFFAOYSA-N;;;
UV-328;;CAS_25973-55-1;ZMWRRFHBXARRRT-UHFFFAOYSA-N;;;
Bis(2-etylheksyl)tetrabromftalat;;CAS_26040-51-7;UUEDINPOVKWVAZ-UHFFFAOYSA-N;;;
N,N-Dimetyldecylamin N-oksid;;CAS_2605-79-0;ZRKZFNZPJKEWPC-UHFFFAOYSA-N;;;
Tridecylbenzensulfonat (C13);;CAS_26248-24-8;DUXXGJTXFHUORE-UHFFFAOYSA-M;;;
Sum Heksaklorbifenyl;Stressor;CAS_26601-64-9;RUEIBQJFGMERJD-UHFFFAOYSA-N;;Mixture;
Diisodecylftalat;;CAS_26761-40-0;ZVFDTKUVRCTHQE-UHFFFAOYSA-N;;;
Amoksicillin (legemiddel);;CAS_26787-78-0;LSQZJLSUYDQPKJ-NJBDSQKTSA-N;;;
Sum Tetraklorbifenyl;Stressor;CAS_26914-33-0;HLQDGCWIOSOMDP-UHFFFAOYSA-N;;Mixture;
Tris(4-isopropylfenyl) fosfat;;CAS_26967-76-0;JFUPPPQAMSJQBF-UHFFFAOYSA-N;;;
Perfluorpentansyre (PFPeA);;CAS_2706-90-3;CXZGQIAOTKWCDB-UHFFFAOYSA-N;;;
Perfluorpentansulfonsyre (PFPS);;CAS_2706-91-4;ACEKLXZRZOWKRY-UHFFFAOYSA-N;;;
1,2,4-trimetylnaftalen;;CAS_2717-42-2;JCNGSJUYPCVGAM-UHFFFAOYSA-N;;;
Nonylfenol dietoksylat;;CAS_27176-93-8;RRLGETDMEIMLQU-UHFFFAOYSA-N;;;
Dodecylfenol;;CAS_27193-86-8;CYEJMVLDXAUOPN-UHFFFAOYSA-N;;;
Oksyklordan;;CAS_27304-13-8;VWGNQYSIWFHEQU-KGEUUOKHSA-N;;;
Tinopal (FB-351);;CAS_27344-41-8;PMPJQLCPEQFEJW-UHFFFAOYSA-L;;;
Butyldifenylfosfat (DPhBP);;CAS_2752-95-6;DIBUFQMCUZYQKN-UHFFFAOYSA-N;;;
1H,1H,2H,2H-perfluoroktansulfonsyre (6:2 FTS);;CAS_27619-97-2;VIONGDJUYAYOPU-UHFFFAOYSA-N;;;
Undecylbenzensulfonat (C11);;CAS_27636-75-5;CZPODFALZXLJJI-UHFFFAOYSA-M;;;
Benzyltoluen;;CAS_27776-01-8;PQTAUFTUHHRKSS-UHFFFAOYSA-N;;;
2H,2H-Perfluordekansyre (8:2 FTCA);;CAS_27854-31-5;XTBXSCIWOVSSGB-UHFFFAOYSA-N;;;
Nonylfenol monoetoksylat;;CAS_27986-36-3;IEORSVTYLWZQJQ-UHFFFAOYSA-N;;;
trans-Heptaklorepoksid;;CAS_28044-83-9;ZXFXBSWRVIQKOD-WOBUKFROSA-N;;;
Perfluoroktansulfonamid eddiksyre (FOSAA);;CAS_2806-24-8;AYLOUUCBACYHAB-UHFFFAOYSA-N;;;
Irgarol;;CAS_28159-98-0;HDHLIWCXDDZUFH-UHFFFAOYSA-N;;;
Ditolyleter;;CAS_28299-41-4;CYXMOAZSOPXQOD-UHFFFAOYSA-N;;;
Diisononylftalat;;CAS_28553-12-0;HBGGXOJOCNVPFY-UHFFFAOYSA-N;;;
C3-Naftalener;;CAS_28652-77-9;XYTKCJHHXQVFCK-UHFFFAOYSA-N;;;
Sum Heptaklorbifenyl;Stressor;CAS_28655-71-2;PAYFWJAKKLILIT-UHFFFAOYSA-N;;Mixture;
Bromadiolon;;CAS_28772-56-7;OWNRRUFOJXFKCU-UHFFFAOYSA-N;;;
C2-Naftalener;;CAS_28804-88-8;QNLZIZAQLLYXTC-UHFFFAOYSA-N;;;
Oktaklorstyren;;CAS_29082-74-4;RUYUCCQRWINUHE-UHFFFAOYSA-N;;;
Klorpyrifos;;CAS_2921-88-2;SBPBAQFWLVIOKP-UHFFFAOYSA-N;;;
Isopropylnaftalen;;CAS_29253-36-9;PMPBFICDXLLSRM-UHFFFAOYSA-N;;;
SN-diPAP (FC 807);;CAS_2965-52-8;BZZAKKWGRKFWJJ-UHFFFAOYSA-N;;;
Isodecyldifenylfosfat;;CAS_29761-21-5;RYUJRXVZSJCHDZ-UHFFFAOYSA-N;;;
2-(Trifluormetyl)-3-etoksydodekafluorheksan;;CAS_297730-93-9;HHBBIOLEJRWIGU-UHFFFAOYSA-N;;;
Isobenzan;;CAS_297-78-9;LRWHHSXTGZSMSN-UHFFFAOYSA-N;;;
Carbamazepin (legemiddel);;CAS_298-46-4;FFGPTBGBLSHEPO-UHFFFAOYSA-N;;;
N-etyl perfluoroktansulfonamid eddiksyre (Et-FOSAA);;CAS_2991-50-6;CKRXVVGETMYFIO-UHFFFAOYSA-N;;;
Perfluorbutansulfonamid;;CAS_30334-69-1;FUVKFLJWBHVMHX-UHFFFAOYSA-N;;;
Perfluorheksansyre (PFHxA);;CAS_307-24-4;PXUULQAPEKKVAH-UHFFFAOYSA-N;;;
Perfluordodekansyre (PFDoDA);;CAS_307-55-1;CXGONMQFMIYUJR-UHFFFAOYSA-N;;;
Aldrin;;CAS_309-00-2;QBYJBZPUGVGKQQ-SJJAEHHWSA-N;;;
Monooktyltinntriklorid;;CAS_3091-25-6;INTLMJZQCBRQAT-UHFFFAOYSA-K;;;
Dekloran 602;;CAS_31107-44-5;CDBKZZACXQLFMK-UHFFFAOYSA-N;;;
UV-329;;CAS_3147-75-9;IYAZLDLPUNDVAG-UHFFFAOYSA-N;;;
N-metyl oktansulfonamid (N-MeFOSA);;CAS_31506-32-8;SRMWNTGHXHOWBT-UHFFFAOYSA-N;;;
PCB118;;CAS_31508-00-6;IUTPYMGCWINGEY-UHFFFAOYSA-N;;;
1,2,5,6,9,10-HBCDD;;CAS_3194-55-6;DEIGXXQKDWULML-UHFFFAOYSA-N;;;
a-HCH;;CAS_319-84-6;JLYXXMFPNIAWKQ-UHFFFAOYSA-N;;;
b-HCH;;CAS_319-85-7;JLYXXMFPNIAWKQ-UHFFFAOYSA-N;;;
d-HCH;;CAS_319-86-8;JLYXXMFPNIAWKQ-UHFFFAOYSA-N;;;
N-fenyl-4-difenylamin;;CAS_32228-99-2;YGNUPJXMDOFFDO-UHFFFAOYSA-N;;;
Heptaklornaftalen;;CAS_32241-08-0;QYEGXUUXWMKHHS-UHFFFAOYSA-N;;;
Bisfenol FL;;CAS_3236-71-3;YWFPGFJLYRKYJZ-UHFFFAOYSA-N;;;
Acetylcedrene;;CAS_32388-55-9;YBUIAJZFOGJGLJ-SWRJLBSHSA-N;;;
Sum PentaBDE;Stressor;CAS_32534-81-9;NA;;Mixture;
Sum OktaBDE;Stressor;CAS_32536-52-0;ORYGKUIDIMIRNN-UHFFFAOYSA-N;;Mixture;
Tetrabromtalimidetan;;CAS_32588-76-4;DYIZJUDNMOIZQO-UHFFFAOYSA-N;;;
PCB66;;CAS_32598-10-0;RKLLTEAEZIJBAU-UHFFFAOYSA-N;;;
PCB70;;CAS_32598-11-1;KENZYIHFBRWMOD-UHFFFAOYSA-N;;;
PCB77;;CAS_32598-13-3;UQMGJOKDKOLIDP-UHFFFAOYSA-N;;;
PCB105;;CAS_32598-14-4;WIDHRBRBACOVOY-UHFFFAOYSA-N;;;
OCDD (D75);;CAS_3268-87-9;FOIBFBMSLDGNHL-UHFFFAOYSA-N;;;
PCB74;;CAS_32690-93-0;TULCXSBAPHCWCF-UHFFFAOYSA-N;;;
PCB169;;CAS_32774-16-6;ZHLICBPIXDOFFG-UHFFFAOYSA-N;;;
TBP-AE (ATE);;CAS_3278-89-5;RZLLIOPGUFOWOD-UHFFFAOYSA-N;;;
Pivmecillinam (legemiddel);;CAS_32886-97-8;NPGNOVNWUSPMDP-HLLBOEOZSA-N;;;
Diuron;;CAS_330-54-1;XMTQQYYKAHVGBJ-UHFFFAOYSA-N;;;
Paclitaxel (legemiddel);;CAS_33069-62-4;RCINICONZNJXQF-VAZQATRQSA-N;;;
beta-Endosulfan;;CAS_33213-65-9;RDYMFSUJUZBWLH-LLXUDWAZSA-N;;;
alfa-TBECH;;CAS_3322-93-8;PQRRSJBLKOPVJV-UHFFFAOYSA-N;;;
beta-TBECH;;CAS_3322-93-8;PQRRSJBLKOPVJV-UHFFFAOYSA-N;;;
gamma-TBECH;;CAS_3322-93-8;PQRRSJBLKOPVJV-UHFFFAOYSA-N;;;
N,N-dimetyltetradecylamin N-oksid;;CAS_3332-27-2;ONHFWHCMZAJCFB-UHFFFAOYSA-N;;;
Perfluoroktansyre (PFOA);;CAS_335-67-1;SNGREZUHAYWORS-UHFFFAOYSA-N;;;
Perfluordekansyre (PFDA);;CAS_335-76-2;PCIUEQPBYFRTEM-UHFFFAOYSA-N;;;
Perfluordekansulfonsyre (PFDS);;CAS_335-77-3;HYWZIAVPBSTISZ-UHFFFAOYSA-N;;;
PBDE203;;CAS_337513-72-1;RTUZOQFRIPIWPS-UHFFFAOYSA-N;;;
Triclosan;;CAS_3380-34-5;XEFQLINVKFYRCS-UHFFFAOYSA-N;;;
Isoproturon;;CAS_34123-59-6;PUIYMUZLKQOUOZ-UHFFFAOYSA-N;;;
op'-DDE;;CAS_3424-82-6;ZDYJWDIWLRZXDB-UHFFFAOYSA-N;;;
Solvent yellow 124;;CAS_34432-92-3;BATVZJPOLFSGTD-WCWDXBQESA-N;;;
Dekloran 604;;CAS_34571-16-9;OFMIYVOTMGHOEI-UHFFFAOYSA-N;;;
2H,2H,3H,3H-perfluorundekansyre (H4PFUnA);;CAS_34598-33-9;JZRCRCFPVAXHHQ-UHFFFAOYSA-N;;;
PCB153;;CAS_35065-27-1;MVWHGTYKUMDIHL-UHFFFAOYSA-N;;;
PCB138;;CAS_35065-28-2;RPUMZMSNLZHIGZ-UHFFFAOYSA-N;;;
PCB180;;CAS_35065-29-3;WBHQEUPUMONIKF-UHFFFAOYSA-N;;;
PCB170;;CAS_35065-30-6;RMPWIIKNWPVWNG-UHFFFAOYSA-N;;;
TBP-DPBE (DPTE);;CAS_35109-60-5;QXWYPAKUEHGJSG-UHFFFAOYSA-N;;;
Diflubenzuron;;CAS_35367-38-5;QQQYTWIFVNKMRW-UHFFFAOYSA-N;;;
Dioktyltinndiklorid;;CAS_3542-36-7;SBOSGIJGEHWBKV-UHFFFAOYSA-L;;;
Perfluorheksansulfonsyre (PFHxS);;CAS_355-46-4;QZHDEAJFRJCDMF-UHFFFAOYSA-N;;;
Dimetyl-N-fenylfluorenamin;;CAS_355832-04-1;RFTRFDMRINNTSI-UHFFFAOYSA-N;;;
PCB52;;CAS_35693-99-3;HCWZEPKLWVAEOV-UHFFFAOYSA-N;;;
PCB194;;CAS_35694-08-7;DTMRKGRREZAYAP-UHFFFAOYSA-N;;;
HpCDD (D73);;CAS_35822-46-9;WCLNVRQZUKYVAI-UHFFFAOYSA-N;;;
PBDE156;;CAS_35854-94-5;HRSCBOSGEKXXSI-UHFFFAOYSA-N;;;
UV-350;;CAS_36437-37-3;RTNVDKBRTXEWQE-UHFFFAOYSA-N;;;
Sum HeksaBDE;Stressor;CAS_36483-60-0;YURCHLXPAGSJHU-UHFFFAOYSA-N;;Mixture;
Tributyltinn kation (TBT);;CAS_36643-28-4;LSKGFBJLYWXIOF-UHFFFAOYSA-N;;;
PBDE126;;CAS_366791-32-4;SJNIIWPIAVQNRK-UHFFFAOYSA-N;;;
Perfluorbutansyre (PFBA);;CAS_375-22-4;YPJUNDFVDDCYIH-UHFFFAOYSA-N;;;
Perfluorbutansulfonsyre (PFBS);;CAS_375-73-5;JGTNAGYHADQMCM-UHFFFAOYSA-N;;;
Perfluorheptansyre (PFHpA);;CAS_375-85-9;ZWBAMYVPMDSJGQ-UHFFFAOYSA-N;;;
Perfluorheptansulfonsyre (PFHpS);;CAS_375-92-8;OYGQVDSRYXATEL-UHFFFAOYSA-N;;;
Perfluornonansyre (PFNA);;CAS_375-95-1;UZUFPBIDKMEQEQ-UHFFFAOYSA-N;;;
Perfluortetradekansyre (PFTeDA);;CAS_376-06-7;RUDINRUXCKIXAJ-UHFFFAOYSA-N;;;
5H-Perfluorpentansyre (5H-PFPeA);;CAS_376-72-7;VGFKXVSMDOKOJZ-UHFFFAOYSA-N;;;
PCB18;;CAS_37680-65-2;DCMURXAZTZQAFB-UHFFFAOYSA-N;;;
PCB101;;CAS_37680-73-2;LAHWLEDBADHJGA-UHFFFAOYSA-N;;;
Perfluor-3-metoksypropansyre (13-PFECA);;CAS_377-73-1;AGIMOOYNBDLMJV-UHFFFAOYSA-N;;;
1,2-Bis(2,4,6-tribromfenoksy)etan;;CAS_37853-59-1;YATIGPZCMOYEGE-UHFFFAOYSA-N;;;
V6;;CAS_38051-10-4;ZGHUDSLVQAGWEY-UHFFFAOYSA-N;;;
PCB95;;CAS_38379-99-6;GXNNLIMMEXHBKV-UHFFFAOYSA-N;;;
PCB99;;CAS_38380-01-7;LMQJBFRGXHMNOX-UHFFFAOYSA-N;;;
PCB110;;CAS_38380-03-9;ARXHIJMGSIYYRZ-UHFFFAOYSA-N;;;
PCB149;;CAS_38380-04-0;LKHLFUVHHXCNJH-UHFFFAOYSA-N;;;
PCB128;;CAS_38380-07-3;BTAGRXWGMYTPBY-UHFFFAOYSA-N;;;
PCB156;;CAS_38380-08-4;LCXMEXLGMKFLQO-UHFFFAOYSA-N;;;
PCB174;;CAS_38411-25-5;ZDLMBNHYTPHDLF-UHFFFAOYSA-N;;;
PCB26;;CAS_38444-81-4;ONNCPBRWFSKDMQ-UHFFFAOYSA-N;;;
PCB33;;CAS_38444-86-9;RIMXLXBUOQMDHV-UHFFFAOYSA-N;;;
PCB37;;CAS_38444-90-5;YZANRISAORXTHU-UHFFFAOYSA-N;;;
UV-320;;CAS_3846-71-7;LHPPDQUVECZQSW-UHFFFAOYSA-N;;;
UV-327;;CAS_3864-99-1;UWSMKYBKUPAEJQ-UHFFFAOYSA-N;;;
UV-326;;CAS_3896-11-5;OCWYEMOEOGEQAN-UHFFFAOYSA-N;;;
OCDF (F135);;CAS_39001-02-0;RHIROFAGUQOFLU-UHFFFAOYSA-N;;;
1H,1H,2H,2H-perfluordekansulfonsyre (8:2 FTS);;CAS_39108-34-4;ALVYVCQIFHTIRD-UHFFFAOYSA-N;;;
HxCDD (D66);;CAS_39227-28-6;WCYYQNSQJHPVMG-UHFFFAOYSA-N;;;
1H,1H,2H,2H-perfluortetradekan-1-ol (12:2 FTOH);;CAS_39239-77-5;QBBJBWKVSJWYQK-UHFFFAOYSA-N;;;
PCB189;;CAS_39635-31-9;XUAWBXBYHDRROL-UHFFFAOYSA-N;;;
PCB111;;CAS_39635-32-0;QMUDLTGWHILKHH-UHFFFAOYSA-N;;;
trans-Nonaklor;;CAS_39765-80-5;OCHOKXCPKDPNQU-FLVMBEMLSA-N;;;
Sum TetraBDE;Stressor;CAS_40088-47-9;VIHUMJGEWQPWOT-UHFFFAOYSA-N;;Mixture;
PCB206;;CAS_40186-72-9;JFIMDKGRGPNPRQ-UHFFFAOYSA-N;;;
1,2,3,7,8/1,2,3,4,8-PeCDF;;CAS_40321-76-4;NA;;;
PeCDD (D54);;CAS_40321-76-4;FSPZPQQWDODWAU-UHFFFAOYSA-N;;;
N-etyl perfluorbutansulfonamid (N-EtFBSA);;CAS_40630-67-9;SSTPSALUCQWOOV-UHFFFAOYSA-N;;;
PBDE28;;CAS_41318-75-6;UPNBETHEXPIWQX-UHFFFAOYSA-N;;;
PCB44;;CAS_41464-39-5;ALDJIKXAHSDLLB-UHFFFAOYSA-N;;;
N-etyl perfluoroktansulfonamid (N-EtFOSA);;CAS_4151-50-2;CCEKAJIANROZEO-UHFFFAOYSA-N;;;
Isopropylparaben;;CAS_4191-73-5;CMHMMKSPYOOVGI-UHFFFAOYSA-N;;;
Bis(4-heksylfenyl)amin;;CAS_419566-33-9;ZRXIMHFLYXQJNI-UHFFFAOYSA-N;;;
Neopentyl glycol dibenzoat;;CAS_4196-89-8;DYJIIMFHSZKBDY-UHFFFAOYSA-N;;;
Perfluorheksansulfonamid (PFHxSA);;CAS_41997-13-1;WDZLGCSJJWEQJO-UHFFFAOYSA-N;;;
2-klorotritylklorid;;CAS_42074-68-0;JFLSOKIMYBSASW-UHFFFAOYSA-N;;;
Perfluorpropansyre;;CAS_422-64-0;LRMSQVBRUNSOJL-UHFFFAOYSA-N;;;
1,6-Dinitropyrene (1,6-dNPY);;CAS_42397-64-8;GUXACCKTQWVTLG-UHFFFAOYSA-N;;;
N-nitropiperazin;;CAS_42499-41-2;KNZVXSFTGQDAPP-UHFFFAOYSA-N;;;
Bifenox;;CAS_42576-02-3;SUSRORUBZHMPCO-UHFFFAOYSA-N;;;
Flumequin;;CAS_42835-25-6;DPSPPJIUMHPXMA-UHFFFAOYSA-N;;;
2-butyl-2,3-dihydrobenzisotiazol-3-on;;CAS_4299-07-4;LUYIHWDYPAZCNN-UHFFFAOYSA-N;;;
Fenbendazol;;CAS_43210-67-9;HDDSHPAODJUKPD-UHFFFAOYSA-N;;;
PBDE207;;CAS_437701-79-6;IEEVDIAVLGLVOW-UHFFFAOYSA-N;;;
PBDE118;;CAS_446254-80-4;VTMFEPLDDHZBGI-UHFFFAOYSA-N;;;
PBDE191;;CAS_446255-30-7;BNBFKFHSIPERIM-UHFFFAOYSA-N;;;
PBDE195;;CAS_446255-38-5;GPQLSLKPHQEEOP-UHFFFAOYSA-N;;;
PBDE196;;CAS_446255-38-5;IEWFKOVTVJNWFF-UHFFFAOYSA-N;;;
PBDE205;;CAS_446255-56-7;CVMKCYDBEYHNBM-UHFFFAOYSA-N;;;
4-tert-butyldifenylamin;;CAS_4496-49-5;UOMXLEWVJZEVGP-UHFFFAOYSA-N;;;
Dicyandiamid;;CAS_461-58-5;QGBSISYHAICWAH-UHFFFAOYSA-N;;;
4,4'-di-tert-butyldifenylamin;;CAS_4627-22-9;OPEKHRGERHDLRK-UHFFFAOYSA-N;;;
Isodrin;;CAS_465-73-6;QBYJBZPUGVGKQQ-SEIHLVFNSA-N;;;
Klorfenvinfos;;CAS_470-90-6;KLXJPQNHFFMLIG-UHFFFAOYSA-N;;;
2,3,4,5-tetraklorfenol;;CAS_4901-51-3;RULKYXXCCZZKDZ-UHFFFAOYSA-N;;;
Sum TriBDE;Stressor;CAS_49690-94-0;BUQBQEYUVAKJQK-UHFFFAOYSA-N;;Mixture;
Formaldehyd;;CAS_50-00-0;WSFSSNUMVMOOMR-UHFFFAOYSA-N;;;
Bis-(9,9-dimetylfluoren-2-yl)amin;;CAS_500717-23-7;LCSMGMWMTSWXDD-UHFFFAOYSA-N;;;
pp'-DDT;;CAS_50-29-3;YVGGHNCTFXOJCH-UHFFFAOYSA-N;;;
Benzo[a]pyren;;CAS_50-32-8;FMMWHPNWAFZXNH-UHFFFAOYSA-N;;;
Amitriptylin (legemiddel);;CAS_50-48-6;KRMDCWKBEZIMAB-UHFFFAOYSA-N;;;
cis-Klordan;;CAS_5103-71-9;BIWJNBZANLAXMG-KMMBHOGFSA-N;;;
trans-Klordan;;CAS_5103-74-2;BIWJNBZANLAXMG-MPPHZFHBSA-N;;;
TCDF (F83);;CAS_51207-31-9;KSMVNVHUTQZITP-UHFFFAOYSA-N;;;
Tripropylfosfat (TPrP);;CAS_513-08-6;RXPQRKFMDQNODS-UHFFFAOYSA-N;;;
4-Nonylfenol trietoksylat (NP3EO);;CAS_51437-95-7;ZIJRVWRFZGXKMY-UHFFFAOYSA-N;;;
PCB146;;CAS_51908-16-8;BQHCQAQLTCQFJZ-UHFFFAOYSA-N;;;
Deaminodiketometribuzin;;CAS_52236-30-3;ZARIFGFXSIZTAK-UHFFFAOYSA-N;;;
Cypermetrin;;CAS_52315-07-8;KAATUXNTWXVJKI-UHFFFAOYSA-N;;;
Propranolol (legemiddel);;CAS_525-66-6;AQHHHDLHHXJYJD-UHFFFAOYSA-N;;;
Permetrin;;CAS_52645-53-1;RLLPVAHGXHCWKJ-UHFFFAOYSA-N;;;
PCB187;;CAS_52663-68-0;UDMZPLROONOSEF-UHFFFAOYSA-N;;;
PCB183;;CAS_52663-69-1;KQBFUDNJKCZEDQ-UHFFFAOYSA-N;;;
PCB167;;CAS_52663-72-6;AZXHAWRMEPZSSV-UHFFFAOYSA-N;;;
1,2,3-trimetylbenzen;;CAS_526-73-8;FYGHSUNMUKGBRK-UHFFFAOYSA-N;;;
2,3-dimetylfenol;;CAS_526-75-0;QWBBPBRQALCEIZ-UHFFFAOYSA-N;;;
PCB141;;CAS_52712-04-6;UCLKLGIYGBLTSM-UHFFFAOYSA-N;;;
2,4,6-trimetylfenol;;CAS_527-60-6;BPRYUXCVCCNUFE-UHFFFAOYSA-N;;;
Deltamethrin;;CAS_52918-63-5;OWZREIFADZCYQD-NSHGMRRFSA-N;;;
1-Hydroksypyren;;CAS_5315-79-7;BIJNHUAPTJVVNQ-UHFFFAOYSA-N;;;
op'-DDD;;CAS_53-19-0;JWBOIMRXGHLCPP-UHFFFAOYSA-N;;;
1,3,5-triklor-2,4,6-trimetylbenzen;;CAS_5324-68-5;VMNISWKTOHUZQN-UHFFFAOYSA-N;;;
Difenyltinn kation (DPhT);;CAS_53675-52-8;KUCPUSUXIGWHFB-UHFFFAOYSA-N;;;
Dibenzo[a,h]antracen;;CAS_53-70-3;LHRCREOYAASXPZ-UHFFFAOYSA-N;;;
2,4'-Bisfenol S;;CAS_5397-34-2;LROZSPADHSXFJA-UHFFFAOYSA-N;;;
Dodekametylsykloheksasiloksan (D6);;CAS_540-97-6;IUMSDRXLFWAGNT-UHFFFAOYSA-N;;;
Dekametylsyklopentasiloksan (D5);;CAS_541-02-6;XMSXQFUHVRWGNA-UHFFFAOYSA-N;;;
Heksametylsyklotrisiloksan (D3);;CAS_541-05-9;HTDJPCNNEPUOOQ-UHFFFAOYSA-N;;;
1,3-diklorbenzen;;CAS_541-73-1;ZPQOPVIELGIULI-UHFFFAOYSA-N;;;
Doksorubicinol (legemiddelrest);;CAS_54193-28-1;HXLDWBVPJMGMOZ-UHFFFAOYSA-N;;;
PBDE47;;CAS_5436-43-1;XYBSIYMGXVUVGY-UHFFFAOYSA-N;;;
Isosyklemon E;;CAS_54464-57-2;FVUGZKDGWGKCFE-UHFFFAOYSA-N;;;
Oktylmetoksycinnamat (EHMC);;CAS_5466-77-3;YBGZDTIWKVFICR-JLHYYAGUSA-N;;;
N-nitrosodietylamin;;CAS_55-18-5;WBNQDOYYEUMPFS-UHFFFAOYSA-N;;;
1-Nitropyren (1-NPY);;CAS_5522-43-0;ALRLPDGCPYIVHP-UHFFFAOYSA-N;;;
Prazikvantel;;CAS_55268-74-1;FSVJFNAIGNNGKK-UHFFFAOYSA-N;;;
Bis(3,4-dimetylfenyl)amin;;CAS_55389-75-8;IMQQPEKHINRTCE-UHFFFAOYSA-N;;;
3-iod-2-propynylbutylkarbamat;;CAS_55406-53-6;WYVVKGNFXHOCQV-UHFFFAOYSA-N;;;
Oktametylsyklotetrasiloksan (D4);;CAS_556-67-2;HMMGMWAXVFQUOA-UHFFFAOYSA-N;;;
Heksadekametylsyklooktasiloksan (D8);;CAS_556-68-3;XKJMJYZFAWYREL-UHFFFAOYSA-N;;;
Oktadekametylsyklononasiloksan (D9);;CAS_556-71-8;ISXOGOLHEGHGQF-UHFFFAOYSA-N;;;
HpCDF (F134);;CAS_55673-89-7;VEZCTZWLJYWARH-UHFFFAOYSA-N;;;
Sum Oktaklorbifenyl;Stressor;CAS_55722-26-4;JAHJITLFJSDRCG-UHFFFAOYSA-N;;Mixture;
4-isopropylfenyl difenylfosfat;;CAS_55864-04-5;JUHFQCKQQLMGAB-UHFFFAOYSA-N;;;
Bis(4-isopropylfenyl) fenyl fosfat;;CAS_55864-07-8;GQJZORIDXGBCCT-UHFFFAOYSA-N;;;
Sukralose;;CAS_56038-13-2;BAQAVOSOZGMPRM-QBMZZYIRSA-N;;;
Difenacoum;;CAS_56073-07-5;FVQITOLOYMWVFU-UHFFFAOYSA-N;;;
Brodifacoum;;CAS_56073-10-0;VEUZZDOCACZPRY-UHFFFAOYSA-N;;;
Karbontetraklorid;;CAS_56-23-5;VZGDMQKNWNREIO-UHFFFAOYSA-N;;;
N-nitrosopiperazin;;CAS_5632-47-3;CVTIZMOISGMZRJ-UHFFFAOYSA-N;;;
Diketometribuzin;;CAS_56507-37-0;AHBXXEZLRFCZSF-UHFFFAOYSA-N;;;
Benzo[a]antracen;;CAS_56-55-3;DXBHBZVCASKNBY-UHFFFAOYSA-N;;;
PeCDF (F114);;CAS_57117-31-4;OGBQILNBLMPPDP-UHFFFAOYSA-N;;;
PeCDF (F94);;CAS_57117-41-6;SBMIVUVRFPGOEB-UHFFFAOYSA-N;;;
HxCDF (F121);;CAS_57117-44-9;JEYJJJXOFWNEHN-UHFFFAOYSA-N;;;
Cyanid;;CAS_57-12-5;XFXPMWWXUTWYJX-UHFFFAOYSA-N;;;
1,5-dimetylnaftalen;;CAS_571-61-9;SDDBCEWUYXVGCQ-UHFFFAOYSA-N;;;
Morfin (legemiddel);;CAS_57-27-2;BQJCRHHNABKAKU-KBQPJGBKSA-N;;;
PCB126;;CAS_57465-28-8;REHONNLQRWTIFF-UHFFFAOYSA-N;;;
1,6-dimetylnaftalen;;CAS_575-43-9;CBMXCNPQDUJNHT-UHFFFAOYSA-N;;;
Propylenglykol;;CAS_57-55-6;DNIAPMSPPWPWGF-UHFFFAOYSA-N;;;
2,3-diklorfenol;;CAS_576-24-9;UMPSXRYVXUPCOS-UHFFFAOYSA-N;;;
2,6-dimetylfenol;;CAS_576-26-1;NXXYKOUNUYWIHA-UHFFFAOYSA-N;;;
HxCDD (D67);;CAS_57653-85-7;YCLUIPQDHHPDJJ-UHFFFAOYSA-N;;;
bis (1H,1H,2H,2H-perfluoroktylfosfat);;CAS_57677-95-9;ZDYYWMSLMLTXDM-UHFFFAOYSA-N;;;
4-Nitropyren (4-NPY);;CAS_57835-92-4;UISKIUIWPSPSAV-UHFFFAOYSA-N;;;
Metalaksyl;;CAS_57837-19-1;ZQEIXNIJLIKNTD-UHFFFAOYSA-N;;;
2,6-dimetylnaftalen;;CAS_581-42-0;YGYNBBAUIYTWBF-UHFFFAOYSA-N;;;
2,5-diklorfenol;;CAS_583-78-8;RANCECPPZPIPNO-UHFFFAOYSA-N;;;
3-tert-butylfenol;;CAS_585-34-2;CYEKUDPFXBLGHH-UHFFFAOYSA-N;;;
Lindan (g-HCH);;CAS_58-89-9;JLYXXMFPNIAWKQ-GNIYUCBRSA-N;;;
2,3,4,6-tetraklorfenol;;CAS_58-90-2;VGVRPFIJEJYOFN-UHFFFAOYSA-N;;;
PBB52;;CAS_59080-37-4;XEFMFJLRXHQLEM-UHFFFAOYSA-N;;;
PBB153;;CAS_59080-40-9;HMBBJSKXDBUNNT-UHFFFAOYSA-N;;;
3,5-diklorfenol;;CAS_591-35-5;VPOMSPZBQMDLTM-UHFFFAOYSA-N;;;
N-nitrosomorfolin;;CAS_59-89-2;ZKXDGKXYMTYWTB-UHFFFAOYSA-N;;;
Etylendiamintetraeddiksyre (EDTA);;CAS_60-00-4;KCXVZYZYPLLWCC-UHFFFAOYSA-N;;;
PBB49;;CAS_60044-24-8;LUASYBWZXWTYKK-UHFFFAOYSA-N;;;
9-Nitroantracen (9-NAA);;CAS_602-60-8;LSIKFJXEYJIZNB-UHFFFAOYSA-N;;;
PBDE99;;CAS_60348-60-9;WHPVYXDFIXRKLN-UHFFFAOYSA-N;;;
9,10-dimetylfenantren;;CAS_604-83-1;JUEORGSHIXFSSI-UHFFFAOYSA-N;;;
Bis(2-etoksyetyl)ftalat;;CAS_605-54-9;RMKYMNRQXYPJHL-UHFFFAOYSA-N;;;
Trisykloheksyltinn kation (TCHT);;CAS_6056-50-4;RNVJQUPAEIQUTC-UHFFFAOYSA-N;;;
Dieldrin;;CAS_60-57-1;DFBKLUNHFCTMDC-PICURKEMSA-N;;;
2,4,6-tribromanisol;;CAS_607-99-8;YXTRCOAFNXQTKL-UHFFFAOYSA-N;;;
HxCDF (F130);;CAS_60851-34-5;XTAHLACQOVXINQ-UHFFFAOYSA-N;;;
Sum HCH (må spesifiseres);Stressor;CAS_608-73-1;NA;;Mixture;
Pentabrombenzen;;CAS_608-90-2;LLVVSBBXENOOQY-UHFFFAOYSA-N;;;
Pentaklorbenzen;;CAS_608-93-5;CEOCDNVZRAIOQZ-UHFFFAOYSA-N;;;
3,4,5-triklorfenol;;CAS_609-19-8;GBNHEBQXJVDXSW-UHFFFAOYSA-N;;;
Benzylpenicillin (legemiddel);;CAS_61-33-6;JGSARLDLIJGVTE-MBNYWOFBSA-N;;;
2-(Metyltio)benzotiazol;;CAS_615-22-5;UTBVIMLZIRIFFR-UHFFFAOYSA-N;;;
Kokamidopropylbetain;;CAS_61789-40-0;MRUAUOIMASANKQ-UHFFFAOYSA-N;;;
Oktokrylen;;CAS_6197-30-4;FMJSMJQBSVNSBF-UHFFFAOYSA-N;;;
Bisfenol F;;CAS_620-92-8;PXKLMJQFEQBVLD-UHFFFAOYSA-N;;;
N-Nitrosodipropylamin;;CAS_621-64-7;YLKFDHTUAUWZPQ-UHFFFAOYSA-N;;;
Diklorvos;;CAS_62-73-7;OEBRKCOSUFCWJD-UHFFFAOYSA-N;;;
N-nitrosodimetylamin;;CAS_62-75-9;UMFJAHHVKNCGLG-UHFFFAOYSA-N;;;
PCB50;;CAS_62796-65-0;VLLVVZDKBSYMCG-UHFFFAOYSA-N;;;
Tetrabromftalsyreanhydrid;;CAS_632-79-1;QHWKHLYUUZGSCW-UHFFFAOYSA-N;;;
1,2,3,4-tetraklorbenzen;;CAS_634-66-2;GBDZXPJXOMHESU-UHFFFAOYSA-N;;;
1,2,3,5-tetraklorbenzen;;CAS_634-90-2;QZYNWJQFTJXIRN-UHFFFAOYSA-N;;;
Cefotaksim (legemiddel);;CAS_63527-52-6;GPRBEKHLDVQUJE-QSWIMTSFSA-N;;;
PBDE206;;CAS_63936-56-1;CYRHBNRLQMLULE-UHFFFAOYSA-N;;;
2-n-propylfenol;;CAS_644-35-9;LCHYEKKJCUJAKN-UHFFFAOYSA-N;;;
2-Isopropylfenyl difenylfosfat;;CAS_64532-94-1;JJXNVYMIYBNZQX-UHFFFAOYSA-N;;;
Tri(isopropylfenyl) fosfat;;CAS_64532-95-2;LIPMRGQQBZJCTM-UHFFFAOYSA-N;;;
4-n-propylfenol;;CAS_645-56-7;KLSLBUSXWBJMEC-UHFFFAOYSA-N;;;
Perfluor-4-(perfluoretyl)sykloheksylsulfonsyre (PFECHS);;CAS_646-83-3;ICKAEAFPESRWOT-UHFFFAOYSA-N;;;
1H,1H,2H,2H-perfluoroktanol (6:2 FTOH);;CAS_647-42-7;GRJRKPMIRMSBNK-UHFFFAOYSA-N;;;
Perfluor-2,5,8-trimetyl-3,6,9-trioksadodekansyre (369O3-PFDoDA);;CAS_65294-16-8;HPNULWLLEOKCID-UHFFFAOYSA-N;;;
PCB123;;CAS_65510-44-3;YAHNWSSFXMVPOU-UHFFFAOYSA-N;;;
Metformin (legemiddel);;CAS_657-24-9;XZWYZXLIPXDOLR-UHFFFAOYSA-N;;;
Ioheksol (legemiddel);;CAS_66108-95-0;NTHXOOBQLCIOLC-UHFFFAOYSA-N;;;
Alkoholpolyetoksilat (C10-C14);;CAS_66455-15-0;NA;;;
O-klorfenylmetanol;;CAS_66774-02-5;KTVAHLGKTSPDOG-UHFFFAOYSA-N;;;
Trifenyltinn kation (TPhT);;CAS_668-34-8;XBRCDWHXULVEFB-UHFFFAOYSA-N;;;
HpCDF (F131);;CAS_67562-39-4;WDMKCPIVJOGHBF-UHFFFAOYSA-N;;;
Triklormetan;;CAS_67-66-3;HEDRZPFGACZZDS-UHFFFAOYSA-N;;;
Heksakloretan;;CAS_67-72-1;VHHHONWQHHHLTI-UHFFFAOYSA-N;;;
PBDE202;;CAS_67797-09-5;AHNZLQAZTWRRDW-UHFFFAOYSA-N;;;
1H,1H,2H,2H-perfluordekanol (8:2 FTOH);;CAS_678-39-7;JJUBFBTUBACDHW-UHFFFAOYSA-N;;;
bis (1H,1H,2H,2H-perfluordecylfosfat);;CAS_678-41-1;AFWOYEYXUDHGHF-UHFFFAOYSA-N;;;
Perfluorheksadekansyre (PFHxDA);;CAS_67905-19-5;OJMBMWRMTMHMSZ-UHFFFAOYSA-N;;;
Perfluordekansulfonsyre ammoniumsalt (PFDcS);;CAS_67906-42-7;KVTQOQYMILOCBD-UHFFFAOYSA-N;;;
N-metyl perfluorbutansulfonamid (N-MeFBSA);;CAS_68298-12-4;BEIWUHUHJDEMQO-UHFFFAOYSA-N;;;
PBDE153;;CAS_68631-49-2;RZXIRSKYBISPGF-UHFFFAOYSA-N;;;
4-tert-oktylfenylfenylamin;;CAS_68921-45-9;OSFOTMWFXQGWKZ-UHFFFAOYSA-N;;;
Sum NonaBDE;Stressor;CAS_68928-79-0;NA;;Mixture;
Sum HeptaBDE;Stressor;CAS_68928-80-3;NLBLNZDNOSSGPW-UHFFFAOYSA-N;;Mixture;
Cetrimonium;;CAS_6899-10-1;RLGQACBPNDBWTB-UHFFFAOYSA-N;;;
Diisopropylbifenyl;;CAS_69009-90-1;AMBHHSBRXZAGDZ-UHFFFAOYSA-N;;;
2,3,5-trimetylfenol;;CAS_697-82-5;OGRAOKJKVGDSFR-UHFFFAOYSA-N;;;
PCB157;;CAS_69782-90-7;YTWXDQVNPCIEOX-UHFFFAOYSA-N;;;
PCB28;;CAS_7012-37-5;BZTYNSQSZHARAZ-UHFFFAOYSA-N;;;
Avobenzone;;CAS_70356-09-1;XNEFYCZVKIDDMS-UHFFFAOYSA-N;;;
PCB81;;CAS_70362-50-4;BHWVLZJTVIYLIV-UHFFFAOYSA-N;;;
HxCDF (F118);;CAS_70648-26-9;LVYBAQIVPKCOEE-UHFFFAOYSA-N;;;
Umettet fluortelomer karboksylsyre (8:2 FTUCA);;CAS_70887-84-2;WHZXTVOEGZRRJM-UHFFFAOYSA-N;;;
Benzen;;CAS_71-43-2;UHOVQNZJYSORNB-UHFFFAOYSA-N;;;
Formiat;;CAS_71-47-6;BDAGIHXWWSANSR-UHFFFAOYSA-M;;;
Acetat;;CAS_71-50-1;QTBSBXVTEAMEQO-UHFFFAOYSA-M;;;
1,1,1-Trikloretan;;CAS_71-55-6;UOCLXMDMGBRAIB-UHFFFAOYSA-N;;;
2,6-Di-tert-butyl-P-benzoquinon (BHT-Q);;CAS_719-22-2;RDQSIADLBQFVMY-UHFFFAOYSA-N;;;
Endrin;;CAS_72-20-8;DFBKLUNHFCTMDC-GKRDHZSOSA-N;;;
pp'-DDD;;CAS_72-54-8;AHJKRLASYNVKDZ-UHFFFAOYSA-N;;;
pp'-DDE;;CAS_72-55-9;UCNVFOCBFJOQAL-UHFFFAOYSA-N;;;
4-heptylfenol;;CAS_72624-02-3;KNDDEFBFJLKPFE-UHFFFAOYSA-N;;;
Perfluortridekansyre (PFTrDA);;CAS_72629-94-8;LVDGGZAZAYHXEY-UHFFFAOYSA-N;;;
HxCDF (F124);;CAS_72918-21-9;PYUSJFJVDVSXIU-UHFFFAOYSA-N;;;
2,4,6-tri-tert-butylfenol;;CAS_732-26-3;PFEFOYRSMXVNEL-UHFFFAOYSA-N;;;
Iopromide (legemiddel);;CAS_73334-07-3;DGAIEPBNLOQYER-UHFFFAOYSA-N;;;
Eicosyltrimetylammoniumbromid (ATAC-C20);;CAS_7342-61-2;MIKQUZGJQABVKX-UHFFFAOYSA-M;;;
6:2 Cl-PFAES (F-53B);;CAS_73606-19-6;OWQCHLFKOGVODW-UHFFFAOYSA-M;;;
N,N-Dimetyloktylamin;;CAS_7378-99-6;UQKAOOAFEFCDGT-UHFFFAOYSA-N;;;
Aluminium;;CAS_7429-90-5;XAGFODPZIPBFFR-UHFFFAOYSA-N;;;
Dysprosium;;CAS_7429-91-6;KBQHZAAAGSGFKK-UHFFFAOYSA-N;;;
2-(nitroamino)etanol;;CAS_74386-82-6;LATUZCZOMGJGGZ-UHFFFAOYSA-N;;;
Jern;;CAS_7439-89-6;XEEYBQQBJWHFJM-UHFFFAOYSA-N;;;
Lantan;;CAS_7439-91-0;FZLIPJUXYLNCLC-UHFFFAOYSA-N;;;
Bly;;CAS_7439-92-1;WABPQHHGFIMREM-UHFFFAOYSA-N;;;
Litium;;CAS_7439-93-2;WHXSMMKQMYFTQS-UHFFFAOYSA-N;;;
Lutetium;;CAS_7439-94-3;OHSVLFRHMCKCQY-UHFFFAOYSA-N;;;
Magnesium;;CAS_7439-95-4;FYYHWMGAXLPEAU-UHFFFAOYSA-N;;;
Mangan;;CAS_7439-96-5;PWHULOQIROXLJO-UHFFFAOYSA-N;;;
Kvikksølv;;CAS_7439-97-6;QSHDDOUJBYECFT-UHFFFAOYSA-N;;;
Molybden;;CAS_7439-98-7;ZOKXTWBITQBERF-UHFFFAOYSA-N;;;
Neodym;;CAS_7440-00-8;QEFYFXOXNSNQGX-UHFFFAOYSA-N;;;
Nikkel;;CAS_7440-02-0;PXHVJJICTQNCMI-UHFFFAOYSA-N;;;
Niob;;CAS_7440-03-1;GUCVJGMIXFAOAE-UHFFFAOYSA-N;;;
Palladium;;CAS_7440-05-3;KDLHZDBZIXYQEI-UHFFFAOYSA-N;;;
Platina;;CAS_7440-06-4;BASFCYQUMIYNBI-UHFFFAOYSA-N;;;
Kalium;;CAS_7440-09-7;ZLMJMSJWJFRBEC-UHFFFAOYSA-N;;;
Praseodym;;CAS_7440-10-0;PUDIUYLPXJFUGB-UHFFFAOYSA-N;;;
Radium-226;;CAS_7440-14-4;HCWPIIXVSYCSAN-IGMARMGPSA-N;;;
Rhodium;;CAS_7440-16-6;MHOVAHRLVXNVSD-UHFFFAOYSA-N;;;
Rubidium;;CAS_7440-17-7;IGLNJRXAVVLDKE-UHFFFAOYSA-N;;;
Samarium;;CAS_7440-19-9;KZUNJOHGWZRPMI-UHFFFAOYSA-N;;;
Scandium;;CAS_7440-20-2;SIXSYDAISGFNSX-UHFFFAOYSA-N;;;
Silisium;;CAS_7440-21-3;XUIMIQQOPSSXEZ-UHFFFAOYSA-N;;;
Sølv;;CAS_7440-22-4;BQCADISMDOOEFD-UHFFFAOYSA-N;;;
Natrium;;CAS_7440-23-5;KEAYESYHFKHZAL-UHFFFAOYSA-N;;;
Strontium;;CAS_7440-24-6;CIOAGBVUUVVLOB-UHFFFAOYSA-N;;;
Tantal;;CAS_7440-25-7;GUVRBAGPIYLISA-UHFFFAOYSA-N;;;
Terbium;;CAS_7440-27-9;GZCRRIHWUXGPOV-UHFFFAOYSA-N;;;
Thallium;;CAS_7440-28-0;BKVIYDNLLOSFOA-UHFFFAOYSA-N;;;
Thorium;;CAS_7440-29-1;ZSLUVFAKFWKJRC-UHFFFAOYSA-N;;;
Thorium-232;;CAS_7440-29-1;ZSLUVFAKFWKJRC-UHFFFAOYSA-N;;;
Thulium;;CAS_7440-30-4;FRNOGLGSGLTDKL-UHFFFAOYSA-N;;;
Tinn;;CAS_7440-31-5;ATJFFYVFTNAWJD-UHFFFAOYSA-N;;;
Titan;;CAS_7440-32-6;RTAQQCXQSZGOHL-UHFFFAOYSA-N;;;
Wolfram;;CAS_7440-33-7;WFKWXMTUELFFGS-UHFFFAOYSA-N;;;
Antimon;;CAS_7440-36-0;WATWJIUSRGPENY-UHFFFAOYSA-N;;;
Arsen;;CAS_7440-38-2;RQNWIZPPADIBDY-UHFFFAOYSA-N;;;
Barium;;CAS_7440-39-3;DSAJWYNOEDNPEQ-UHFFFAOYSA-N;;;
Beryllium;;CAS_7440-41-7;ATBAMAFKBVZNFJ-UHFFFAOYSA-N;;;
Bor;;CAS_7440-42-8;ZOXJGFHDIHLPTG-UHFFFAOYSA-N;;;
Kadmium;;CAS_7440-43-9;BDOSMKKIYDKNTQ-UHFFFAOYSA-N;;;
Cerium;;CAS_7440-45-1;GWXLDORMOJMVQZ-UHFFFAOYSA-N;;;
Cesium;;CAS_7440-46-2;TVFDJXOCXUVLDH-UHFFFAOYSA-N;;;
Krom;;CAS_7440-47-3;VYZAMTAEIAYCRO-UHFFFAOYSA-N;;;
Kobolt;;CAS_7440-48-4;GUTLYIVDDKVIGB-UHFFFAOYSA-N;;;
Kobber;;CAS_7440-50-8;RYGMFSIKBFXOCR-UHFFFAOYSA-N;;;
Erbium;;CAS_7440-52-0;UYAHIZSMUZPPFV-UHFFFAOYSA-N;;;
Europium;;CAS_7440-53-1;OGPBJKLSAFTDLK-UHFFFAOYSA-N;;;
Gadolinium;;CAS_7440-54-2;UIWYJDYFSGRHKR-UHFFFAOYSA-N;;;
Gallium;;CAS_7440-55-3;GYHNNYVSQQEPJS-UHFFFAOYSA-N;;;
Germanium;;CAS_7440-56-4;GNPVGFCGXDBREM-UHFFFAOYSA-N;;;
Hafnium;;CAS_7440-58-6;VBJZVLUMGGDVMO-UHFFFAOYSA-N;;;
Holmium;;CAS_7440-60-0;KJZYNXUDTRRSPN-UHFFFAOYSA-N;;;
Uran;;CAS_7440-61-1;JFALSRSLKYAFGM-UHFFFAOYSA-N;;;
Uran-238;;CAS_7440-61-1;JFALSRSLKYAFGM-UHFFFAOYSA-N;;;
Vanadium;;CAS_7440-62-2;LEONUFNNVUYDNQ-UHFFFAOYSA-N;;;
Ytterbium;;CAS_7440-64-4;NAWDYIZEMPQZHO-UHFFFAOYSA-N;;;
Yttrium;;CAS_7440-65-5;VWQVUPCCIRVNHF-UHFFFAOYSA-N;;;
Sink;;CAS_7440-66-6;HCHKCACWOHOZIP-UHFFFAOYSA-N;;;
Zirkonium;;CAS_7440-67-7;QCWXUUIWCKQGHC-UHFFFAOYSA-N;;;
Vismut;;CAS_7440-69-9;JCXGWMGPZLAOME-UHFFFAOYSA-N;;;
Kalsium;;CAS_7440-70-2;OYPRJOBELJOOCE-UHFFFAOYSA-N;;;
Indium;;CAS_7440-74-6;APFVFJFRJDLVQX-UHFFFAOYSA-N;;;
PCB114;;CAS_74472-37-0;SXZSFWHOSHAKMN-UHFFFAOYSA-N;;;
Metan;;CAS_74-82-8;VNWKTOKETHGBQD-UHFFFAOYSA-N;;;
Perfluorundekanesulfonsyre (PFUnS);;CAS_749786-16-1;UKHUPOMCGUFNAP-UHFFFAOYSA-N;;;
Kloretylen;;CAS_75-01-4;BZHJMEDXRYGGRV-UHFFFAOYSA-N;;;
Diklormetan;;CAS_75-09-2;YMWUJEATGCHHMB-UHFFFAOYSA-N;;;
1,3-Dinitropyren (1,3-dNPY);;CAS_75321-20-9;KTNUVDBUEAQUON-UHFFFAOYSA-N;;;
Dikloretylen;;CAS_75-35-4;LGXVIGDEPROXKC-UHFFFAOYSA-N;;;
Perfluoroktansulfonamid (PFOSA);;CAS_754-91-6;RRRXPPIDPYTNJG-UHFFFAOYSA-N;;;
F-53;;CAS_754925-54-7;VFIFNBRMFPEUOK-UHFFFAOYSA-N;;;
F-53B Minor;;CAS_756426-58-1;GGOUUEMCWBTDMT-UHFFFAOYSA-N;;;
1H,1H,2H,2H-perfluorheksansulfonsyre (4:2 FTS);;CAS_757124-72-4;TXGIGTRUEITPSC-UHFFFAOYSA-N;;;
Trifluoretanol;;CAS_75-89-8;RHQDFWAXVIIEBN-UHFFFAOYSA-N;;;
Trifluoreddiksyre;;CAS_76-05-1;DTQVDTLACAAQTR-UHFFFAOYSA-N;;;
9H-Perfluornonansyre (9H-PFNA);;CAS_76-21-1;RARQGXBOCXOJPM-UHFFFAOYSA-N;;;
Heptaklor;;CAS_76-44-8;FRCCEHPWNOQAEU-UHFFFAOYSA-N;;;
PCB122;;CAS_76842-07-4;GWOWBISZHLPYEK-UHFFFAOYSA-N;;;
Fosfat;;CAS_7723-14-0;NBIIXXVUZAFLBC-UHFFFAOYSA-K;;;
Totalfosfor;;CAS_7723-14-0;OAICVXFJPJFONN-UHFFFAOYSA-N;;;
Bisfenol B;;CAS_77-40-7;HTVITOHKHWFJKO-UHFFFAOYSA-N;;;
8-Klorperfluoroktansulfonsyre (Cl-PFOS);;CAS_777011-38-8;TXNZTTQBKZRWQR-UHFFFAOYSA-N;;;
Selen;;CAS_7782-49-2;BUGBHKTXTAQXES-UHFFFAOYSA-N;;;
alfa-Pinen;;CAS_7785-70-8;GRWFGVWFFZKLTI-RKDXNWHRSA-N;;;
Tributyl o-acetylcitrat;;CAS_77-90-7;QZCLKYGREBVARF-UHFFFAOYSA-N;;;
4-tert-butyl-fenyl-4'-isopropyl-fenylamin;;CAS_782504-35-2;QSQSJBUBCKHJFG-UHFFFAOYSA-N;;;
Tri-o-kresylfosfat (ToCrP);;CAS_78-30-8;YSMRWXYRXBRSND-UHFFFAOYSA-N;;;
Tris(4-tert-butylfenyl) fosfat;;CAS_78-33-1;LORSVOJSXMHDHF-UHFFFAOYSA-N;;;
Trietylfosfat (TEP);;CAS_78-40-0;DQWPFSLDHJDLRL-UHFFFAOYSA-N;;;
Tri(2-etylhexyl) fosfat (TEHP);;CAS_78-42-2;GTVWRXDRKAHEAD-UHFFFAOYSA-N;;;
Tri(2-butoxyetyl)fosfat (TBEP);;CAS_78-51-3;WTLBZVNBAKMVDP-UHFFFAOYSA-N;;;
Monobutyltinn kation (MBT);;CAS_78733-54-9;NPAIMXWXWPJRES-UHFFFAOYSA-N;;;
1,2-Diklorpropan;;CAS_78-87-5;KNKRKFALVUDBJE-UHFFFAOYSA-N;;;
op'-DDT;;CAS_789-02-6;CVUGPAFCQJIYDT-UHFFFAOYSA-N;;;
1,1,2-Trikloretan;;CAS_79-00-5;UBOXGVDOUJQMTN-UHFFFAOYSA-N;;;
1,1,2-Trikloreten;;CAS_79-01-6;XSTXAVWGXDQKEL-UHFFFAOYSA-N;;;
Perfluortridekansulfonsyre (PFTrS);;CAS_791563-89-8;JMIXTHMPTMXARZ-UHFFFAOYSA-N;;;
1,1,2,2-Tetrakloretan;;CAS_79-34-5;QPFMBZIOSGYJDE-UHFFFAOYSA-N;;;
Sertralin (legemiddel);;CAS_79617-96-2;VGKDLMBJGBXTGI-SJCJKPOMSA-N;;;
2,5-ditert-pentylhydroquinon;;CAS_79-74-3;CZNRFEXEPBITDS-UHFFFAOYSA-N;;;
OH-PBDE47;;CAS_79755-43-4;SNCQITRZEBFIRW-UHFFFAOYSA-N;;;
Perfluordodekansulfonsyre (PFDoS);;CAS_79780-39-5;CFCRODHVHXGTPC-UHFFFAOYSA-N;;;
Tetrabrombisfenol A;;CAS_79-94-7;VEORPZCZECFIRK-UHFFFAOYSA-N;;;
Bisfenol A;;CAS_80-05-7;IISBACLAFKSPIT-UHFFFAOYSA-N;;;
Bisfenol S;;CAS_80-09-1;VPWNQTHUCYMVMZ-UHFFFAOYSA-N;;;
Mineralolje;;CAS_8012-95-1;NA;;;
Spiramycin (legemiddel);;CAS_8025-81-8;ACTOXUHEUCPTEW-JMRHEKERSA-N;;;
4-tert-Pentylfenol;;CAS_80-46-6;NRZWYNLTFLDQQX-UHFFFAOYSA-N;;;
Lilial;;CAS_80-54-6;SDQFDHOLCGWZPU-UHFFFAOYSA-N;;;
2H,2H,3H,3H-Perfluordekansyre (7:3 FTCA);;CAS_812-70-4;HLBRGVKRZQSQHB-UHFFFAOYSA-N;;;
Warfarin;;CAS_81-81-2;PJVWKTKQMONHTI-UHFFFAOYSA-N;;;
Ofloksacin (legemiddel);;CAS_82419-36-1;GSDSWSVVBLHKDQ-UHFFFAOYSA-N;;;
Perfluorpentansulfonamid (PFPeSA);;CAS_82765-76-2;KTCODRNGNIXYDE-UHFFFAOYSA-N;;;
2,3,6-trimetylnaftalen;;CAS_829-26-5;UNBZRJCHIWTUHB-UHFFFAOYSA-N;;;
Teflubenzuron;;CAS_83121-18-0;CJDWRQLODFKPEL-UHFFFAOYSA-N;;;
1-metylfenantren;;CAS_832-69-9;DOWJXOHBNXRUOD-UHFFFAOYSA-N;;;
Acenaften;;CAS_83-32-9;CWRYPZZKDGJXCA-UHFFFAOYSA-N;;;
8:2 Cl-PFAES;;CAS_83329-89-9;BDKYEEMJFNONPU-UHFFFAOYSA-M;;;
2,4'-Bisfenol A;;CAS_837-08-1;MLCQXUZZAXKTSG-UHFFFAOYSA-N;;;
(E)-EHMC;;CAS_83834-59-7;XIOBZUDJYKXUEL-DTQAZKPQSA-N;;;
Bisfenol Z;;CAS_843-55-0;SDDLEVPIDBLVHC-UHFFFAOYSA-N;;;
Disykloheksylftalat;;CAS_84-61-7;VOWAEIGWURALJQ-UHFFFAOYSA-N;;;
Dietylftalat;;CAS_84-66-2;FLKPEMZONWLCSK-UHFFFAOYSA-N;;;
Diisobutylftalat;;CAS_84-69-5;MGWAVDBGNNKXQV-UHFFFAOYSA-N;;;
Dibutylftalat;;CAS_84-74-2;DOIRQSBPFJWKBE-UHFFFAOYSA-N;;;
Diheksylftalat;;CAS_84-75-3;KCXZNSGUUQJJTR-UHFFFAOYSA-N;;;
Dinonylftalat;;CAS_84-76-4;DROMNWUQASBTFM-UHFFFAOYSA-N;;;
Didecylftalat;;CAS_84-77-5;PGIBJVOPLXHHGS-UHFFFAOYSA-N;;;
4-iso-Nonylfenol;;CAS_84852-15-3;JSFITYFUKSFPBZ-UHFFFAOYSA-N;;;
Dekabromdifenyletan;;CAS_84852-53-9;BZQKBFHEWDPQHD-UHFFFAOYSA-N;;;
Fenantren;;CAS_85-01-8;YNPNZTXNASCQKK-UHFFFAOYSA-N;;;
Pentabrometylbenzen;;CAS_85-22-3;FIAXCDIQXHJNIX-UHFFFAOYSA-N;;;
Kortkjedete klorparafiner (C10-13);;CAS_85535-84-8;QKUNKVYPGIOQNP-UHFFFAOYSA-N;;;
Mellomkjedete klorparafiner (C14-17);;CAS_85535-85-9;UNUODZXWGYJEJA-UHFFFAOYSA-N;;;
Langkjedete klorparafiner (C18-28);;CAS_85535-86-0;NA;;;
Butylbenzylftalat;;CAS_85-68-7;IRIAEXORFWYRCZ-UHFFFAOYSA-N;;;
Perfluor-4-metoksybutansyre (14-PFECA);;CAS_863090-89-5;CZTBTZZANBJSLY-UHFFFAOYSA-N;;;
1H,1H,2H,2H-perfluordodekanol (10:2 FTOH);;CAS_865-86-1;FLXYIZWPNQYPIT-UHFFFAOYSA-N;;;
Fluoren;;CAS_86-73-7;NIHNNTQXNPWCJQ-UHFFFAOYSA-N;;;
Trioktyltinn;;CAS_869-59-0;XMHKTINRBAKEDS-UHFFFAOYSA-N;;;
1,2,3-triklorbenzen;;CAS_87-61-6;RELMFMZEBKVZJC-UHFFFAOYSA-N;;;
2,6-diklorfenol;;CAS_87-65-0;HOLHYSJJBXSLMV-UHFFFAOYSA-N;;;
Heksaklorbutadien;;CAS_87-68-3;RWNKSTSCBHKHTB-UHFFFAOYSA-N;;;
Heksabrombenzen;;CAS_87-82-1;CAYGQBVSOZLICD-UHFFFAOYSA-N;;;
Pentabromtoluen;;CAS_87-83-2;OZHJEQVYCBTHJT-UHFFFAOYSA-N;;;
Pentaklorfenol;;CAS_87-86-5;IZUPBVBPLAPZRR-UHFFFAOYSA-N;;;
Dibutyltinn kation (DBT);;CAS_878794-24-2;PQWINHWBRIYBSP-UHFFFAOYSA-N;;;
1,2,3-trimetylnaftalen;;CAS_879-12-9;RQHPYGROUIBUSW-UHFFFAOYSA-N;;;
2,4,6-triklorfenol;;CAS_88-06-2;LINPIYWFGCPVIE-UHFFFAOYSA-N;;;
2,2'-metylenbis(4-etyl-6-tert-butylfenol);;CAS_88-24-4;GPNYZBKIGXGYNU-UHFFFAOYSA-N;;;
2,6-ditert-butyl-4-(hydroksymetyl)fenol;;CAS_88-26-6;HNURKXXMYARGAY-UHFFFAOYSA-N;;;
2-fenylbenzotiazol;;CAS_883-93-2;XBHOUXSGHYZCNH-UHFFFAOYSA-N;;;
(4-cykloheksylfenyl)-(4-isopropylfenyl)amin;;CAS_886365-92-0;UXZMIAMPVHCAIH-UHFFFAOYSA-N;;;
Terbutryn;;CAS_886-50-0;IROINLKCQGIITA-UHFFFAOYSA-N;;;
2-isopropylfenol;;CAS_88-69-7;CRBJBYGJVIBWIY-UHFFFAOYSA-N;;;
N-(4-Bifenyl)-(9,9-dimetylfluoren-2-yl)amin;;CAS_897671-69-1;QRMLAMCEPKEKHS-UHFFFAOYSA-N;;;
Polyvinylklorid (PVC);;CAS_9002-86-2;NA;;;
Polyetylen;;CAS_9002-88-4;VGGSQFUCUMXWEO-UHFFFAOYSA-N;;;
Polypropylen;;CAS_9003-07-0;NSYDMBURIUSUDH-RTWAWAEBSA-N;;;
Flocoumafen;;CAS_90035-08-8;KKBGNYHHEIAGOH-UHFFFAOYSA-N;;;
Polystyren;;CAS_9003-53-6;NA;;;
Polymetylmetakrylat (PMMA);;CAS_9011-14-7;BHIWKHZACMWKOJ-UHFFFAOYSA-N;;;
1-metylnaftalen;;CAS_90-12-0;QPUYECUOLPXSFR-UHFFFAOYSA-N;;;
Naftalen;;CAS_91-20-3;UFWIBTONFRDIAS-UHFFFAOYSA-N;;;
2H,2H,3H,3H-Perfluoroktansyre (5:3 FTCA);;CAS_914637-49-3;ABFCFCPCGMHSRX-UHFFFAOYSA-N;;;
2-metylnaftalen;;CAS_91-57-6;QIMMUPPBPVKWKM-UHFFFAOYSA-N;;;
Jodiksanol  (legemiddel);;CAS_92339-11-2;NBQNWMBBSKPBAY-UHFFFAOYSA-N;;;
N-nitrosodibutylamin;;CAS_924-16-3;YGJHZCLPZAZIHH-UHFFFAOYSA-N;;;
Bifenyl;;CAS_92-52-4;ZUOUZKKEUPVFJK-UHFFFAOYSA-N;;;
PBB15;;CAS_92-86-4;HQJQYILBCQPYBI-UHFFFAOYSA-N;;;
N-nitrosopyrrolidin;;CAS_930-55-2;WNYADZVDBIBLJJ-UHFFFAOYSA-N;;;
2,3,6-triklorfenol;;CAS_933-75-5;XGCHAIDDPMFRLJ-UHFFFAOYSA-N;;;
2,3,5-triklorfenol;;CAS_933-78-8;WWGQHTJIFOQAOC-UHFFFAOYSA-N;;;
Bensotiasolon;;CAS_934-34-9;YEDUAINPPJYDJZ-UHFFFAOYSA-N;;;
2,3,5,6-tetraklorfenol;;CAS_935-95-5;KEWNKZNZRIAIAK-UHFFFAOYSA-N;;;
Mekoprop;;CAS_93-65-2;WNTGYJSOUMFZEP-UHFFFAOYSA-N;;;
PBDE77;;CAS_93703-48-1;RYGLOWMCGZHYRQ-UHFFFAOYSA-N;;;
Fenoprop;;CAS_93-72-1;ZLSWBLPERHFHIS-UHFFFAOYSA-M;;;
Propylparaben;;CAS_94-13-3;QELSKZZBTMNZEB-UHFFFAOYSA-N;;;
Benzotiazol-2-sulfonsyre;;CAS_941-57-1;ZCXGMSGCBDSEOY-UHFFFAOYSA-N;;;
Butylparaben;;CAS_94-26-8;QFOHBWFCKVYLES-UHFFFAOYSA-N;;;
N-(4-(tert-Butyl)fenyl)-9,9-dimetyl-9H-fluoren-2-amin;;CAS_944418-46-6;NVCQMRCDIJQSAP-UHFFFAOYSA-N;;;
MCPA;;CAS_94-74-6;WHKUVVPPKQRRBV-UHFFFAOYSA-N;;;
2,4-diklorfenoksyeddiksyre (2,4-D);;CAS_94-75-7;OVSKIKFHRZPJSS-UHFFFAOYSA-N;;;
MCPB;;CAS_94-81-5;LLWADFLAOKUBDR-UHFFFAOYSA-N;;;
2,4-diklorfenoksysmørsyre;;CAS_94-82-6;YIVXMZJTEQBPQO-UHFFFAOYSA-N;;;
2-(1,3-benzotiazol-2-yltio)succinsyre;;CAS_95154-01-1;KRDSXENYLDIORL-UHFFFAOYSA-N;;;
Bensotiasol;;CAS_95-16-9;IOJUPLGTWVMSFF-UHFFFAOYSA-N;;;
4-(4-isopropoksyfenylsulfonyl)fenol;;CAS_95235-30-6;ZTILAOCGFRDHBH-UHFFFAOYSA-N;;;
N-tert-butylbenzotiazol-2-sulfenamid;;CAS_95-31-8;IUJLOAKJZQBENM-UHFFFAOYSA-N;;;
N-Sykloheksyl-2-benzotiazosulfenamid;;CAS_95-33-0;DEQZTKGFXNUBJL-UHFFFAOYSA-N;;;
o-Xylen;;CAS_95-47-6;CTQNGGLPUBDAKN-UHFFFAOYSA-N;;;
o-Cresol;;CAS_95-48-7;QWVGKYWNOKOFNN-UHFFFAOYSA-N;;;
1,2-diklorbenzen;;CAS_95-50-1;RFFLAFLAYFXFSW-UHFFFAOYSA-N;;;
2-klorfenol;;CAS_95-57-8;ISPYQTSUDJAMAB-UHFFFAOYSA-N;;;
1,2,4-trimetylbenzen;;CAS_95-63-6;GWHJZXXIDMPWGX-UHFFFAOYSA-N;;;
3,4-dimetylfenol;;CAS_95-65-8;YCOXTKKNXUZSKD-UHFFFAOYSA-N;;;
3,4-diklorfenol;;CAS_95-77-2;WDNBURPWRNALGP-UHFFFAOYSA-N;;;
2,4-Diaminotoluen;;CAS_95-80-7;VOZKAJLKRJDJLL-UHFFFAOYSA-N;;;
Ammonium 4,8-dioksa-3H-perfluornonanoat;;CAS_958445-44-8;PLWXPXSPYCHPTF-UHFFFAOYSA-N;;;
2,5-dimetylfenol;;CAS_95-87-4;NKTOLZVEWDHZMU-UHFFFAOYSA-N;;;
1,2,4,5-tetraklorbenzen;;CAS_95-94-3;JHBKHLUZVFWLAG-UHFFFAOYSA-N;;;
2,4,5-triklorfenol;;CAS_95-95-4;LHJGJYXLEPZJPM-UHFFFAOYSA-N;;;
alfa-Endosulfan;;CAS_959-98-8;VAGOADMLDBRNCD-UHFFFAOYSA-N;;;
Meropenem (legemiddel);;CAS_96036-03-2;DMJNNHOOLUXYBV-PQTSNVLCSA-N;;;
2,3-dibromopropan-1-ol;;CAS_96-13-9;QWVCIORZLNBIIC-UHFFFAOYSA-N;;;
4,4'-tiobis(6-tert-butyl-m-cresol);;CAS_96-69-5;HXIQYSLFEXIOAV-UHFFFAOYSA-N;;;
2,4-di-tert-butylfenol;;CAS_96-76-4;ICKWICRCANNIBI-UHFFFAOYSA-N;;;
Diklorofen;;CAS_97-23-4;MDNWOSOZYLHTCG-UHFFFAOYSA-N;;;
Irinotekan (legemiddel);;CAS_97682-44-5;UWKQSNNFCGGAFS-XIFFEERXSA-N;;;
4-tert-butylfenol;;CAS_98-54-4;QHPQWRBYOIRBIT-UHFFFAOYSA-N;;;
2-Bromallyl-2,4,6-tribromfenyleter;;CAS_99717-56-3;RLPZXGWCSHFKJI-UHFFFAOYSA-N;;;
Metylparaben;;CAS_99-76-3;LXCFILQKKLGQFO-UHFFFAOYSA-N;;;
p-Cymene;;CAS_99-87-6;HFPZCAJZSCWRBC-UHFFFAOYSA-N;;;
Biotilgjengelig bly;;CAS_PB_BIO;WABPQHHGFIMREM-UHFFFAOYSA-N;;;
1,2,3,4,7,8/1,2,3,4,7,9-HxCDF;;CAS_NA;NA;;Mixture;
4:2 Cl-PFAES;;CAS_NA;NA;;Not found;
Antall EPT arter/taksa limnisk/lotisk bunnfauna;;CAS_NA;NA;;NA;
Antall individer fisk (art) innen en gitt aldersgruppe;;CAS_NA;NA;;NA;
Artsforekomst;;CAS_NA;NA;;NA;
Average Score per Taxon (ASPT);;CAS_NA;NA;;NA;
Begroing EQR eutrofiering;;CAS_NA;NA;;NA;
Begroing nEQR eutrofiering;;CAS_NA;NA;;NA;
Begroing nEQR forsuring;;CAS_NA;NA;;NA;
BTEX;;CAS_NA;NA;;NA;
C1-Acenaftener;;CAS_NA;NA;;Mixture;
C1-Dibenzotiofener;;CAS_NA;NA;;Mixture;
C1-Fenantrener/antracener;;CAS_NA;NA;;Mixture;
C2-Dibenzotiofener;;CAS_NA;NA;;Mixture;
C2-Fenantrener/antracener;;CAS_NA;NA;;Mixture;
C3-Dibenzotiofener;;CAS_NA;NA;;Mixture;
C3-Fenantrener/antracener;;CAS_NA;NA;;Mixture;
Dekningsgrad makroskopisk begroing (%);;CAS_NA;NA;;NA;
E. coli;;CAS_NA;NA;;NA;
Estimert antall fisk (art) per arealenhet;;CAS_NA;NA;;NA;
Fargetall;;CAS_NA;NA;;NA;
Fluoresensmåling av klorofyll a;;CAS_NA;NA;;NA;
Forsuringsindeks påvekstalger artssammensetning;;CAS_NA;NA;;NA;
Gløderest;;CAS_NA;NA;;NA;
Individantall dyreplankton (takson) per prøve;;CAS_NA;NA;;NA;
Individantall limnisk/lotisk bunnfauna (takson) per innsatsenhet;;CAS_NA;NA;;NA;
Konduktivitet;;CAS_NA;NA;;NA;
Lengde enkeltindivid fisk (art);;CAS_NA;NA;;NA;
Limnisk bunnfauna EQR eutrofiering;;CAS_NA;NA;;NA;
Limnisk bunnfauna nEQR eutrofiering;;CAS_NA;NA;;NA;
Limnisk bunnfauna nEQR organisk belastning;;CAS_NA;NA;;NA;
Nitrat + nitritt;;CAS_NA;NA;;NA;
Partikkelfraksjon < 2 µm;;CAS_NA;NA;;NA;
Partikkelfraksjon > 63 µm;;CAS_NA;NA;;NA;
Partikulært organisk karbon (POC);;CAS_NA;NA;;NA;
Partikulært organisk nitrogen (PON);;CAS_NA;NA;;NA;
PBDE175+183;;CAS_NA;NA;;Mixture;
PBDE49+71;;CAS_NA;NA;;Mixture;
PCB47/49;;CAS_NA;NA;;Mixture;
PCB74/76;;CAS_NA;NA;;Mixture;
pH;;CAS_NA;NA;;NA;
Raddum forsuringsindeks 2;;CAS_NA;NA;;NA;
Relativ forekomst mikroskopisk begroing (skala);;CAS_NA;NA;;NA;
River Acidification Macroinvertebrate Index (RAMI);;CAS_NA;NA;;NA;
Salinitet;;CAS_NA;NA;;NA;
Sum 2,4- og 2,5-diklorfenol;Stressor;CAS_NA;NA;;Mixture;
Sum 2-NFA og 3-NFA;Stressor;CAS_NA;NA;;Mixture;
Sum alifatiske hydrokarboner >C12-C35;Stressor;CAS_NA;NA;;Mixture;
Sum alifatiske hydrokarboner >C5-C6;Stressor;CAS_NA;NA;;Mixture;
Sum alifatiske hydrokarboner >C5-C8;Stressor;CAS_NA;NA;;Mixture;
Sum alifatiske hydrokarboner >C6-C8;Stressor;CAS_NA;NA;;Mixture;
Sum alifatiske og aromatiske hydrokarboner;Stressor;CAS_NA;NA;;Mixture;
Sum alifatiske og aromatiske hydrokarboner >C10-C12;Stressor;CAS_NA;NA;;Mixture;
Sum alifatiske og aromatiske hydrokarboner >C10-C16;Stressor;CAS_NA;NA;;Mixture;
Sum alifatiske og aromatiske hydrokarboner >C10-C40;Stressor;CAS_NA;NA;;Mixture;
Sum alifatiske og aromatiske hydrokarboner >C12-C16;Stressor;CAS_NA;NA;;Mixture;
Sum alifatiske og aromatiske hydrokarboner >C12-C35;Stressor;CAS_NA;NA;;Mixture;
Sum alifatiske og aromatiske hydrokarboner >C16-C21;Stressor;CAS_NA;NA;;Mixture;
Sum alifatiske og aromatiske hydrokarboner >C16-C35;Stressor;CAS_NA;NA;;Mixture;
Sum alifatiske og aromatiske hydrokarboner >C22-C35;Stressor;CAS_NA;NA;;Mixture;
Sum alifatiske og aromatiske hydrokarboner >C35-C40;Stressor;CAS_NA;NA;;Mixture;
Sum alifatiske og aromatiske hydrokarboner >C5-C10;Stressor;CAS_NA;NA;;Mixture;
Sum alifatiske og aromatiske hydrokarboner >C5-C35;Stressor;CAS_NA;NA;;Mixture;
Sum alifatiske og aromatiske hydrokarboner >C5-C40;Stressor;CAS_NA;NA;;Mixture;
Sum alifatiske og aromatiske hydrokarboner >C8-C10;Stressor;CAS_NA;NA;;Mixture;
Sum Benzo[b,j,k]fluoranten;Stressor;CAS_NA;NA;;Mixture;
Sum Benzo[b,j]fluoranten;Stressor;CAS_NA;NA;;Mixture;
Sum Benzo[b,k]fluoranten;Stressor;CAS_NA;NA;;Mixture;
Sum Benzo[j,k]fluoranten;Stressor;CAS_NA;NA;;Mixture;
Sum Crysen og Trifenylen;Stressor;CAS_NA;NA;;Mixture;
Sum DDT;Stressor;CAS_NA;NA;;Mixture;
Sum Dibenzo[a,c/a,h]antracen;Stressor;CAS_NA;NA;;Mixture;
Sum dioksiner (PCDD + PCDF);Stressor;CAS_NA;NA;;Mixture;
Sum dioksiner-TEQ (PCDD + PCDF) NATO/CCMS;Stressor;CAS_NA;NA;;Mixture;
Sum dioksiner-TEQ (PCDD + PCDF) og dioksinlignende stoffer-TEQ (PCB-DL);Stressor;CAS_NA;NA;;Mixture;
Sum dioksiner-TEQ (PCDD + PCDF) WHO 2005;Stressor;CAS_NA;NA;;Mixture;
Sum dioksinlignende stoffer-TEQ (PCB-DL);Stressor;CAS_NA;NA;;Mixture;
Sum fenoler;Stressor;CAS_NA;NA;;Mixture;
Sum Heksbromsyklododekan (HBCDD);Stressor;CAS_NA;NA;;Mixture;
Sum HpCDD;Stressor;CAS_NA;NA;;Mixture;
Sum HpCDF;Stressor;CAS_NA;NA;;Mixture;
Sum HxCDD;Stressor;CAS_NA;NA;;Mixture;
Sum HxCDF;Stressor;CAS_NA;NA;;Mixture;
Sum karsinogene PAH;Stressor;CAS_NA;NA;;Mixture;
Sum m- og p-Xylen;Stressor;CAS_NA;NA;;Mixture;
Sum PAH (må spesifiseres);Stressor;CAS_NA;NA;;Mixture;
Sum PAH16 (USEPA);Stressor;CAS_NA;NA;;Mixture;
Sum PBDE (må spesifiseres);Stressor;CAS_NA;NA;;Mixture;
Sum PCB7;Stressor;CAS_NA;NA;;Mixture;
Sum PCDD;Stressor;CAS_NA;NA;;Mixture;
Sum PeCDD;Stressor;CAS_NA;NA;;Mixture;
Sum PeCDF;Stressor;CAS_NA;NA;;Mixture;
Sum PFAS (må spesifiseres);Stressor;CAS_NA;NA;;Mixture;
Sum TCDD;Stressor;CAS_NA;NA;;Mixture;
Sum TCDD-TEQ;Stressor;CAS_NA;NA;;Mixture;
Sum TCDF;Stressor;CAS_NA;NA;;Mixture;
Sum tetraklorbenzen (TECB35 + TECB45);Stressor;CAS_NA;NA;;Mixture;
Sum triklortrimetylbenzen;Stressor;CAS_NA;NA;;Mixture;
Suspendert tørrstoff;Quality parameter;CAS_NA;NA;;NA;
Temperatur;Quality parameter;CAS_NA;NA;;NA;
Termotolerante koliforme bakterier;Quality parameter;CAS_NA;NA;;NA;
Total alkalitet;Quality parameter;CAS_NA;NA;;NA;
Total gløderest;Quality parameter;CAS_NA;NA;;NA;
Totalnitrogen;Quality parameter;CAS_NA;NA;;NA;
Totalt cyanid;Quality parameter;CAS_NA;NA;;NA;
Totalt individantall limnisk/lotisk bunnfauna per innsatsenhet;Quality parameter;CAS_NA;NA;;NA;
Totalt organisk karbon (TOC);Quality parameter;CAS_NA;NA;;NA;
Totalt suspendert materiale;Quality parameter;CAS_NA;NA;;NA;
Totalt tørrstoff;Quality parameter;CAS_NA;NA;;NA;
Trofiindeks påvekstalger artssammensetning;Quality parameter;CAS_NA;NA;;NA;
Turbiditet;Quality parameter;CAS_NA;NA;;NA;
UV-absorbans ved 254 nm;Quality parameter;CAS_NA;NA;;NA;
UV-absorbans ved 285 nm;Quality parameter;CAS_NA;NA;;NA;
UV-absorbans ved 365 nm;Quality parameter;CAS_NA;NA;;NA;
UV-absorbans ved 410 nm;Quality parameter;CAS_NA;NA;;NA;
Vannføring;Quality parameter;CAS_NA;NA;;NA;
Vanninnhold;Quality parameter;CAS_NA;NA;;NA;
Valsartan (legemiddel);;137862-53-4;ACWBQPMHZXGDFX-QFIPXVFZSA-N;;;1
Donepezil (legemiddel);;120014-06-4;ADEBPBSSDYVVLD-HXUWFJFHSA-N;;;1
Oxazepam (legemiddel);;604-75-1;ADIMAYPTOBDMTL-UHFFFAOYSA-N;;;1
N-metyl perfluorpentansulfonamid (N-MeFPeSA);;68298-13-5;ADSKDYCFRLKFDJ-UHFFFAOYSA-N;;;1
4-metoksycinnamat;;830-09-1;AFDXODALSZRGIH-QPJJXVBHSA-N;;;1
Claritromycin (legemiddel);;81103-11-9;AGOYDEPGAOXOCK-KCBOHYOISA-N;;;1
Tetryl;;479-45-8;AGUIVNYEYSCPNI-UHFFFAOYSA-N;;;1
Thifensulfuron-metyl;;79277-27-3;AHTPATJNIAFOLR-UHFFFAOYSA-N;;;1
Zineb;;12122-67-7;AMHNZOICSMBGDH-UHFFFAOYSA-L;;;1
Perfluor-2,5,8,11,14-pentametyl-3,6,9,12,15-pentaoksaoktadekansyre (6x3-PFECA);;52481-85-3;ANKSFLDOVZNXOJ-UHFFFAOYSA-N;;;1
Tris(p-isopropylfenyl) fosfat;;2502-15-0;ANVREEJNGJMLOV-UHFFFAOYSA-N;;;1
dimethyldioctylammonium (DADMAC-C8);;3026-69-5;APTVNWGLSRAOFJ-UHFFFAOYSA-M;;;1
Sulfametazin;;57-68-1;ASWVTGNCAZCNNR-UHFFFAOYSA-N;;;1
4,6-Xylenol;;5384-21-4;AZZWZMUXHALBCQ-UHFFFAOYSA-N;;;1
Klindamysin sulfoksid (legemiddel);;22431-46-5;BDSYDLWSVWOCSU-UEHJQROMSA-N;;;1
1-[2-kloro-4-(4-klorofenoksy)fenyl]etanon;;119851-28-4;BDTJIVUVQRVLLJ-UHFFFAOYSA-N;;;1
Perfluorheksylklorid;;355-41-9;BDUCYIFEYLMINO-UHFFFAOYSA-N;;;1
Etinylestradiol (legemiddel);;57-63-6;BFPYWIDHMRZLRN-SLHNCBLASA-N;;;1
Tetrapropylammonium (TPA);;1941-30-6;BGQMOFGZRJUORO-UHFFFAOYSA-M;;;1
2-(4-oktylfenoksy)etanol;;26636-32-8;BHNQPLPANNDEGL-UHFFFAOYSA-N;;;1
Tris(Tribromneopentyl) fosfat;;19186-97-1;BHYQWBKCXBXPKM-UHFFFAOYSA-N;;;1
Oktafluordiklorsykloheksen;;336-19-6;BICOGOBTBGYGFA-UHFFFAOYSA-N;;;1
Benzene, 1-ethoxy-2,3-difluoro-4-(trans-4-propylcyclohexyl)-;;174350-05-1;BOAHGIPRRKDVQY-UHFFFAOYSA-N;;;1
Rosuvastatin (legemiddel);;287714-41-4;BPRHUIZQVSMCRT-VEUZHWNKSA-N;;;1
Isodiprene;;498-15-7;BQOFWKZOCNGFEC-BDAKNGLRSA-N;;;1
Bisfenol A bis(bisfenylfosfat);;5945-33-5;BQPNUOYXSVUVMY-UHFFFAOYSA-N;;;1
2,6-Di-tert-butyl-4- etylfenol;;4130-42-1;BVUXDWXKPROUDO-UHFFFAOYSA-N;;;1
Syklopenta[cd]pyren;;27208-37-3;BZCXQYVNASLLQO-UHFFFAOYSA-N;;;1
Neodekanoat magnesiumsalt;;57453-97-1;CBEVWPCAHIAUOD-UHFFFAOYSA-N;;;1
3-sykloheksylbifenyl;;1973-15-5;CBRFQLVEZWUNEN-UHFFFAOYSA-N;;;1
8-iodperfluor-6-oksaoktansyre;;948014-44-6;CDMHOXRIGWSKAZ-UHFFFAOYSA-N;;;1
Tridekafluorheksyletylmetakrylat;;2144-53-8;CDXFIRXEAJABAZ-UHFFFAOYSA-N;;;1
Pendimetalin;;40487-42-1;CHIFOSRWCNZCFN-UHFFFAOYSA-N;;;1
Oksadiazon;;19666-30-9;CHNUNORXWHYHNE-UHFFFAOYSA-N;;;1
Tiofosfat;;15181-41-6;CHQPRDVSUIJJNP-NSCUHMNNSA-N;;;1
Methyl-1H-benzotriazole;;29385-43-1;CMGDVUCDZOBDNL-UHFFFAOYSA-N;;;1
Isolongifolene;;1135-66-6;CQUAYTJDLQBXCQ-UHFFFAOYSA-N;;;1
Klortalonil;;1897-45-6;CRQQGFGUEAVUIL-UHFFFAOYSA-N;;;1
3,5-Bis(trifluormetyl)brombenzen;;328-70-1;CSVCVIHEBDJTCJ-UHFFFAOYSA-N;;;1
Tinuvin 622;;65447-77-0;CTJXKCPBMVLOQI-UHFFFAOYSA-N;;;1
Okskarbazepin (legemiddel);;28721-07-5;CTRLABGOLIVAIY-UHFFFAOYSA-N;;;1
Amidosulfuron;;120923-37-7;CTTHWASMBLQOFR-UHFFFAOYSA-N;;;1
tetradecyltrimethylammonium (ATAC-C14);;1119-97-7;CXRFDZFCGOPDTD-UHFFFAOYSA-M;;;1
4-Butylfenol;;1638-22-8;CYYZDBDROVLTJU-UHFFFAOYSA-N;;;1
9-Metylfenantren;;883-20-5;DALBHIYZSZZWBS-UHFFFAOYSA-N;;;1
Diklofenak (legemiddel);;15307-86-5;DCOPUUMXTXDBNB-UHFFFAOYSA-N;;;1
Aklonifen;;74070-46-5;DDBMQDADIHOWIC-UHFFFAOYSA-N;;;1
Klonazepam (legemiddel);;1622-61-3;DGBIGWXXNGSACT-UHFFFAOYSA-N;;;1
Sum Pentabrombifenyl;Stressor;56307-79-0;DGTPXLZCUVCFEH-UHFFFAOYSA-N;;Mixture;1
2,5-Dimetyl-2,5-di-(tert-butylperoksy)heksan;;78-63-7;DMWVYCCGCQPJEA-UHFFFAOYSA-N;;;1
Aketyl heksametyl tetralin;;1506-02-1;DNRJTBAOUJJKDY-UHFFFAOYSA-N;;;1
Tonalid;;21145-77-7;DNRJTBAOUJJKDY-UHFFFAOYSA-N;;;1
Estron;;53-16-7;DNXHEGUUPJUMQT-CBZIJGRNSA-N;;;1
Terbinafin (legemiddel);;91161-71-6;DOMXUEMWDBAQBQ-WEVVVXLNSA-N;;;1
Trisyklazol;;41814-78-2;DQJCHOQLCLEDLL-UHFFFAOYSA-N;;;1
Akridin;;260-94-6;DZBUGLKDJFMEHC-UHFFFAOYSA-N;;;1
Dibromfenol;;615-58-7;FAXWFCTVSHEODL-UHFFFAOYSA-N;;;1
Sorbitol;;50-70-4;FBPFZTCFMRRESA-JGWLITMVSA-N;;;1
18:2 FTOH;;65104-65-6;FDCQNVKWWMNRQN-UHFFFAOYSA-N;;;1
Pigment Red 14;;6471-50-7;WXHYPQWKGYEJKW-UHFFFAOYSA-N;;CAS map to other compound;1
Cashmeran;;33704-61-9;FIMNMFRUQUMXEV-UHFFFAOYSA-N;;;1
Piperonyl butoksid;;51-03-6;FIPWRIJSWJWJAI-UHFFFAOYSA-N;;;1
Metribuzin;;21087-64-9;FOXFZRUHNHCZPX-UHFFFAOYSA-N;;;1
UV-360;;103597-45-1;FQUNFJULCYSSOP-UHFFFAOYSA-N;;;1
8-Klorperfluoroktansyre (Cl-PFOA);;335-63-7;FUSBVOVTUYPKLS-UHFFFAOYSA-N;;;1
2,2,3,5,6-Pentafluor-5-(pentafluoretoksy)-3,6- bis(trifluormetyl)-1,4-dioksan;;84041-66-7;FZTKCIWSVIVEKI-UHFFFAOYSA-N;;;1
1H,1H,2H,2H-perfluoroktylfosfat (6:2 PAP);;57678-01-0;FZTRDYSPWWJCOF-UHFFFAOYSA-N;;;1
Pigment Red 146;;5280-68-2;HEKSHDRHZRCZBN-UHFFFAOYSA-N;;CAS map to other compound;1
1,2,4,7,8-PeCDF;;58802-15-6;GCFDWHIKRXCUPJ-UHFFFAOYSA-N;;;1
Clomipramin (legemiddel);;303-49-1;GDLIGKIOYRNHDA-UHFFFAOYSA-N;;;1
Sum Tetrabrombifenyl;Stressor;40088-45-7;GEASNODZMCZDOU-UHFFFAOYSA-N;;Mixture;1
Sulfapyridin (legemiddel);;144-83-2;GECHUMIMRBOMGK-UHFFFAOYSA-N;;;1
Perfluordimetyletylpentan;;50285-18-2;GEXSLRJJTOFEMA-UHFFFAOYSA-N;;;1
N-metyl perfluorheksansulfonamid etanol (N-MeFHxSE);;68555-75-9;GEYBMYRBIABFTA-UHFFFAOYSA-N;;;1
Resorcinol;;108-46-3;GHMLBKRAJCXXBS-UHFFFAOYSA-N;;;1
Klorheksidin (Legemiddel);;55-56-1;GHXZTYHSJHQHIJ-UHFFFAOYSA-N;;;1
1,2-diklor-3-(triklormetyl)benzen;;84613-97-8;GKGPLSQWIBJJPC-UHFFFAOYSA-N;;;1
Iridium;;7439-88-5;GKOZUEZYRPOHIO-UHFFFAOYSA-N;;;1
3-Metylfenantren;;832-71-3;GKYWZUBZZBHZKU-UHFFFAOYSA-N;;;1
Perfluor-3,6,9-trioksadekansyre (369O3-PFDA);;151772-59-7;GNQWOKPKDHCUSB-UHFFFAOYSA-N;;;1
Bis(4- klorofenyl) sulfon;;80-07-9;GPAPPPVRLPGFEQ-UHFFFAOYSA-N;;;1
N-Cyclohexyl-N-methylcyclohexanamine;;7560-83-0;GSCCALZHGUWNJW-UHFFFAOYSA-N;;;1
2,6-diisopropylnaftalen;;24157-81-1;GWLLTEXUIOFAFE-UHFFFAOYSA-N;;;1
1,4-Bis(1-tert-butyldioksy-1-metyletyl)benzen;;25155-25-3;GWQOYRSARAWVTC-UHFFFAOYSA-N;;;1
2-Metylantracen;;613-12-7;GYMFBYTZOGMSQJ-UHFFFAOYSA-N;;;1
N-Desmethylcitalopram (legemiddel);;62498-67-3;GZBDTUVDCDMCDU-UHFFFAOYSA-N;;;1
Ibuprofen (legemiddel);;15687-27-1;HEFNNWSXXWATRW-UHFFFAOYSA-N;;;1
4-Metylbenzylidenkamfor;;36861-47-9;HEOCBCNFKCOKBX-KAMYIIQDSA-N;;;1
Pigment Red 112;;6535-46-2;JQNJCQYNSLCFAC-UHFFFAOYSA-N;;;1
Perfluor-4-isopropoksybutansyre (34-PFECA);;801212-59-9;HFUCGDPRBKRBFR-UHFFFAOYSA-N;;;1
6-[(2-Nitrofenyl)aso]-2,4-ditert-pentylfenol;;52184-19-7;HHUOYYNHGMRSIF-WCWDXBQESA-N;;;1
PBB194;;67889-00-3;HHYHNDNRLUQCEG-UHFFFAOYSA-N;;;1
Isoforon;;78-59-1;HJOVHMDZYOCNQW-UHFFFAOYSA-N;;;1
Pigment orange;;3520-72-7;HKYYDLYCGBDWSB-ATXIYDNESA-N;;;1
3-etylfenol;;620-17-7;HMNKTRSOROOSPP-UHFFFAOYSA-N;;;1
Tiakloprid;;111988-49-9;HOKKPVIRMVDYPB-UHFFFAOYSA-N;;;1
Isofenfos;;25311-71-1;HOQADATXFBOEGG-UHFFFAOYSA-N;;;1
Diltiazem (legemiddel);;42399-41-7;HSUGRBWQSSZJOP-RTWAWAEBSA-N;;;1
Polybutadien;;9003-17-2;KAKZBPTYRLMSJV-UHFFFAOYSA-N;;CAS map to other compound;1
barium 3,5,5-trimethylhexanoate;;36211-43-5;HYVAOIFCEISHMZ-UHFFFAOYSA-L;;;1
Metoksyklor;;72-43-5;IAKOZHOLGAGEJT-UHFFFAOYSA-N;;;1
Triclocarban;;101-20-2;ICUTUKXCWQYESQ-UHFFFAOYSA-N;;;1
Trimetoprim (legemiddel);;738-70-5;IEDVJHCEMCRBQM-UHFFFAOYSA-N;;;1
Tert-Butyl cumyl peroksid;;3457-61-2;IGUFFVCWVNIHEE-UHFFFAOYSA-N;;;1
Besafibrat (legemiddel);;41859-67-0;IIBYAHWJQTYFKB-UHFFFAOYSA-N;;;1
Perfluor-2,5,8,11-tetrametyl-3,6,9,12-tetraoksapentadekansyre (5x3-PFECA);;65150-95-0;IJDRCJGYWUCJTR-UHFFFAOYSA-N;;;1
Zirkonium salt av neodekansyre;;39049-04-2;IJEFAHUDTLUXDY-UHFFFAOYSA-J;;;1
Perfluortetrahydro-2-furankarboksylsyre (Furan-PFECA);;65578-62-3;IJSPOBHLFLGFMQ-UHFFFAOYSA-N;;;1
4-tert-Nonylfenol;;30784-30-6;IJWXCYSPVNCDMA-UHFFFAOYSA-N;;;1
Trifenylfosfortioat;;597-82-0;IKXFIBBKEARMLL-UHFFFAOYSA-N;;;1
Traseolid;;68140-48-7;IMRYETFJNLKUHK-UHFFFAOYSA-N;;;1
n-Butylbensene sulfonamid;;3622-84-2;IPRJXAGUEGOFGG-UHFFFAOYSA-N;;;1
Tetraklorheksafluorbutan;;375-45-1;IRHYACQPDDXBCB-UHFFFAOYSA-N;;;1
dimethylditetradecylammonium (DADMAC-C14);;68105-02-2 ;IRMGVPILCPGYNQ-UHFFFAOYSA-M;;;1
Sum Cresol;Stressor;1319-77-3;ISWSIDIOOBJBQZ-UHFFFAOYSA-N;;Mixture;1
Perflourmetasulfonsyre;;1493-13-6;ITMCEJHCFYSIIV-UHFFFAOYSA-N;;;1
Metoprolol (legemiddel);;37350-58-6;IUBSYMUCCVWXPE-UHFFFAOYSA-N;;;1
Metoprolol (legemiddel);;51384-51-1;IUBSYMUCCVWXPE-UHFFFAOYSA-N;;;1
[1,1'-Bicyclohexyl]-4-one, 4'-(3,4-difluorophenyl)-, trans-;;147622-85-3;IUJMYVYPSSBPCX-UHFFFAOYSA-N;;;1
2-etylfenol;;90-00-6;IXQGCWUGDFDQMF-UHFFFAOYSA-N;;;1
Perfluortripropylamin;;338-83-0;JAJLKEVKNDUJBG-UHFFFAOYSA-N;;;1
benzyldimethyldodecylammonium (BAC-C12);;139-07-1;JBIROUFYLSSYDX-UHFFFAOYSA-M;;;1
e-Caprolactam;;105-60-2;JBKVHLHDHHXQEQ-UHFFFAOYSA-N;;;1
Melamine;;108-78-1;JDSHMPZPIAZGSV-UHFFFAOYSA-N;;;1
4,4'-Sulfonylbis(2,6-dibromfenol);;39635-79-5;JHJUYGMZIWDHMO-UHFFFAOYSA-N;;;1
Sulfametoxazol (legemiddel);;723-46-6;JLKIGFTWXXRPMT-UHFFFAOYSA-N;;;1
1,2,7,8-TCDF;;58802-20-3;JODWPAQNABOHDG-UHFFFAOYSA-N;;;1
Tetrabutylammoniumbromid;;1643-19-2;JRMUNVKIHCOMHV-UHFFFAOYSA-M;;;1
1-metylpyren;;2381-21-7;KBSPJIWZDWBDGM-UHFFFAOYSA-N;;;1
Oktafluorsyklopentankarboksylsyre (cycC5F8-COOH);;144808-89-9;KCIRACURDCXMQC-UHFFFAOYSA-N;;;1
Klindamysin (legemiddel);;18323-44-9;KDLRVYVGXIQJDK-AWPVFWJPSA-N;;;1
Amitryptyline (legemiddel);;549-18-8;KFYRPLNVJVHZGT-UHFFFAOYSA-N;;;1
4,4'-(Isopropylidenebis(4,1-phenyleneoxy))dianiline;;13080-86-9;KMKWGXGSGPYISJ-UHFFFAOYSA-N;;;1
Klortrifluormetylfenoksyfenylasetat;;50594-77-9;KNFRYRRZMRETJX-UHFFFAOYSA-N;;;1
4-amino-2,6-dinitrotoluen;;19406-51-0;KQRJATLINVYHEZ-UHFFFAOYSA-N;;;1
4-Isopropylbifenyl;;7116-95-2;KWSHGRJUSUJPQD-UHFFFAOYSA-N;;;1
Desvenlafaksin (legemiddel);;93413-62-8;KYYIDSXMWOZKMP-UHFFFAOYSA-N;;;1
alfa-Cypermetrin, Alfametrin;;67375-30-8;KAATUXNTWXVJKI-DXCJPMOASA-N;;;1
Memantin (legemiddel);;19982-08-2;LDDHMLJTFXJGPI-UHFFFAOYSA-N;;;1
1,4-Dikloroktafluorbutan;;355-24-8;LGBGVSJBKFDYKH-UHFFFAOYSA-N;;;1
Perfluorheptan;;335-57-9;LGUZHRODIJCVOC-UHFFFAOYSA-N;;;1
D and C Violet 2;;81-48-1;LJFWQNJLLOFIJK-UHFFFAOYSA-N;;;1
Thioxanthen-9-one, 2-isopropyl-;;5495-84-1;KTALPKYXQZGAEG-UHFFFAOYSA-N;;;1
2-Aminomusk keton;;255393-52-3;LJSWALFRJPDUQU-UHFFFAOYSA-N;;;1
Haloperidol (legemiddel);;52-86-8;LNEPOXFFQSENCJ-UHFFFAOYSA-N;;;1
N-benzoyl-5'-O-[bis(4-methoxyphenyl)phenylmethyl]-2'-deoxyadenosine;;64325-78-6;LPICNYATEWGYHI-WIHCDAFUSA-N;;;1
Nitrobenzen;;98-95-3;LQNUZADURLCDLV-UHFFFAOYSA-N;;;1
Di-n-oktyltinoksid;;870-08-6;LQRUPWUPINJLMU-UHFFFAOYSA-N;;;1
n-Butanol;;71-36-3;LRHPLDYGYMQRHN-UHFFFAOYSA-N;;;1
Tolutriazol;;136-85-6;LRUDIIUSNGCQKF-UHFFFAOYSA-N;;;1
2H,2H-Perfluoroktansyre (6:2 FTCA);;53826-12-3;LRWIIEJPCFNNCZ-UHFFFAOYSA-N;;;1
N-etyl perfluorheptansulfonamid (N-EtFHpSA);;68957-62-0;LSYHEHNUOBEHMG-UHFFFAOYSA-N;;;1
Perfluortridekanoat (PFTrDS);;862374-87-6;LVDGGZAZAYHXEY-UHFFFAOYSA-M;;;1
Sum Nonabrombifenyl;Stressor;27753-52-2;LWICCBMIAPTSTO-UHFFFAOYSA-N;;Mixture;1
hexadecyltrimethylammonium (ATAC-C16);;57-09-0;LZZYPRNAOMGNLH-UHFFFAOYSA-M;;;1
1,1':4',1''-Terphenyl, 4''-ethyl-2'-fluoro-4-propyl-;;95759-44-7;MBGFTFFIFLHYQU-UHFFFAOYSA-N;;;1
cis-1,3-difenylsykloheksan;;21072-39-9;MCHONHDBIWWITD-HDICACEKSA-N;;;1
Trioktyltinnklorid;;2587-76-0;MCNGJXAXOJDJKO-UHFFFAOYSA-M;;;1
2-(2H-bensotriasol-2-yl)-4-metyl-fenol;;2440-22-4;MCPKSFINULVDNX-UHFFFAOYSA-N;;;1
1H,1H,2H,2H-perfluordodecylfosfat (10:2 PAP);;57678-05-4;MCYKSXMNSXNCIY-UHFFFAOYSA-N;;;1
Rimsulfuron;;122931-48-0;MEFOUWRMVYJCQC-UHFFFAOYSA-N;;;1
Benzofenon-8;;131-53-3;MEZZCSHVIGVWFI-UHFFFAOYSA-N;;;1
Tymol;;89-83-8;MGSRCZKZVOBKFT-UHFFFAOYSA-N;;;1
Celestolid;;88401-65-4;MHUNAMWYXWYEMX-PLTLGRIDSA-N;;No CAS match. Name lookup to celestolide (IKTHMQYJOWTSJO-UHFFFAOYSA-N), but celastolide (MHUNAMWYXWYEMX-PLTLGRIDSA-N) may also be correct;1
1H,1H,2H,2H-perfluordecylfosfat (8:2 PAP);;57678-03-2;MIABSAQIFYEDJP-UHFFFAOYSA-N;;;1
Musk tibeten;;145-39-1;MINYPECWDZURGR-UHFFFAOYSA-N;;;1
Deaminometribuzin;;35045-02-4;MIWRSUQXSCLDNV-UHFFFAOYSA-N;;;1
Sum Tribrombifenyl;Stressor;51202-79-0;MKDZJIHLRSIZOV-UHFFFAOYSA-N;;Mixture;1
N,N-dimetyl-m-toluamid;;134-62-3;MMOXZBCLCQITDF-UHFFFAOYSA-N;;;1
2,2,3,3-tetrafluor-3-(heptafluorpropoksy)propionsyre;;378-03-0;MPQDGDVBZJSJIA-UHFFFAOYSA-N;;;1
Azitromycin (legemiddel);;83905-01-5;MQTOSJVFKKJCRP-OHJWJPDZSA-N;;;1
4-fenyl-bisykloheksyl;;20273-27-2;MRGBGAHKAGKZID-UHFFFAOYSA-N;;;1
Xylyltriazol;;4184-79-6;MVPKIPGHRNIOPT-UHFFFAOYSA-N;;;1
Triallat;;2303-17-5;MWBPRDONLNQCFV-UHFFFAOYSA-N;;;1
Atrazin;;1912-24-9;MXWJVTOOROXGIU-UHFFFAOYSA-N;;;1
2-Benzyl-4-klorfenol;;120-32-1;NCKMMSIFQUPKCK-UHFFFAOYSA-N;;;1
Sum Oktabrombifenyl;Stressor;27858-07-7;NDRKXFLZSRHAJE-UHFFFAOYSA-N;;Mixture;1
Laurylpyrrolidon;;2687-96-9;NJPQAIBZIHNJDO-UHFFFAOYSA-N;;;1
Metyltriklosan;;4640-01-1;NLYDHBBTVWMLFD-UHFFFAOYSA-N;;;1
4-n-Oktylfenol dietoksylat;;51437-90-2;NMTRTIUWHYPKTQ-UHFFFAOYSA-N;;;1
iso-Dodecylfenol;;11067-80-4;NNAVBEAARXTLEG-UHFFFAOYSA-N;;;1
Daktal;;1861-32-1;NPOJQCVWMSKXDN-UHFFFAOYSA-N;;;1
Heptametylsyklotetrasiloksan;;10448-09-6;NSLNFHKUIKHPGY-UHFFFAOYSA-N;;;1
Anatoksin-a(S);;92142-32-0;NTWUAOHAQNZERF-UHFFFAOYSA-N;;;1
Methylisothiazolinone;;2682-20-4;NVQOTQXRJHBSOP-UHFFFAOYSA-N;;;1
4,4'-Methylenebis(2,6-diethylaniline);;13680-35-8;NWIVYGKSHSJHEF-UHFFFAOYSA-N;;;1
Tiametoksam;;153719-23-4;NWWZPOKUUAIXIW-FLIBITNWSA-N;;;1
Reten;;483-65-8;NXLOLUFNDSBYTP-UHFFFAOYSA-N;;;1
1,3,5-tris(2,3-dibromopropyl)-1,3,5-triazinane-2,4,6-trione;;52434-90-9;NZUPFZNVGSWLQC-UHFFFAOYSA-N;;;1
benzyldimethyltetradecylammonium (BAC-C14);;139-08-2;OCBHHZMJRVXXQK-UHFFFAOYSA-M;;;1
cis-Nonaklor;;5103-73-1;OCHOKXCPKDPNQU-KCCZGPNFSA-N;;;1
Meklozin (legemiddel);;569-65-3;OCJYIGYOJCODJL-UHFFFAOYSA-N;;;1
PBB101;;67888-96-4;OELBLPCWLAWABI-UHFFFAOYSA-N;;;1
Dietylmetylbenzendiamin;;68479-98-1;OHJDDRJXKMWSFJ-UHFFFAOYSA-N;;;1
p-tersykloheksyl;;1795-19-3;OHLFVTCARHBZDH-UHFFFAOYSA-N;;;1
3-Bensylidenkamfor;;15087-24-8;OIQXFRANQVWXJF-UHFFFAOYSA-N;;;1
Etylmetylbutylfenol;;30784-32-8;OJWSGKXEVFIBNL-UHFFFAOYSA-N;;;1
1,2- Diisopropylbenzen;;577-55-9;OKIRBHVFJGXOIS-UHFFFAOYSA-N;;;1
UV-234;;70321-86-7;OLFNXLXEGXRUOI-UHFFFAOYSA-N;;;1
Bifentrin;;82657-04-3;OMFRMAHOUUJSGP-UNOMPAQXSA-N;;;1
Galaksolid;;1222-05-5;ONKNPOPIGWHAQC-UHFFFAOYSA-N;;;1
3-fenylbisyckoheksyl;;20273-26-1;ONQUBGYEUGJCEM-UHFFFAOYSA-N;;;1
1,3-Di-o-tolylguanidine;;97-39-2;OPNUROKCUBTKLF-UHFFFAOYSA-N;;;1
Kodein (legemiddel);;76-57-3;OROGSEYTTFOCAN-DNJOTXNNSA-N;;;1
Klorxylenol;;88-04-0;OSDLLIBGSJNGJE-UHFFFAOYSA-N;;;1
Tetrafenylresorcinoldifosfat;;57583-54-7;OWICEWMBIBPFAH-UHFFFAOYSA-N;;;1
1,3-Diphenylguanidine;;102-06-7;OWRCNXZUPFZXOS-UHFFFAOYSA-N;;;1
Pikrinsyre;;88-89-1;OXNIZHLAWKMVMX-UHFFFAOYSA-N;;;1
[2-(bromomethyl)-2-(2,4-dichlorophenyl)-1,3-dioxolan-4-yl]methyl benzoate;;61397-56-6;OXUPOIXSQGXRGF-UHFFFAOYSA-N;;CAS map to other compound, synomyme;1
M1-UV328;;84268-36-0;OYGYNUPKLMDVHM-UHFFFAOYSA-N;;;1
UV-571;;125304-04-3;VQMHSKWEJGIXGA-UHFFFAOYSA-N;;;1
Etylenetiourea;;96-45-7;PDQAZBWRQCGBEV-UHFFFAOYSA-N;;;1
Dodekafluortrifluormetylheksan;;1735-48-4;PEKFONNGBPBJRU-UHFFFAOYSA-N;;;1
F-D3b;;2810-62-0;;;Not found;1
4,4'-Butan-1,1- diylbis(2-tert-butyl- 5-metylfenol);;85-60-9;PFANXOISJYKQRP-UHFFFAOYSA-N;;;1
Galaxolidon;;507442-49-1;PGMHPYRIXBRRQD-UHFFFAOYSA-N;;;1
Klotianidin;;210880-92-5;PGOOBECODWQEAB-UHFFFAOYSA-N;;;1
Dibenzyltoluen;;29589-57-9;PKQYSCBUFZOAPE-UHFFFAOYSA-N;;;1
2,3-Dibenzyltoluen;;26898-17-9;PKQYSCBUFZOAPE-UHFFFAOYSA-N;;;1
Diklortrifluorpyridin;;1737-93-5;PKSORSNCSXBXOT-UHFFFAOYSA-N;;;1
2-Nitrotoluen;;88-72-2;PLAZTCDQAHEYBI-UHFFFAOYSA-N;;;1
decyltrimethylammonium (ATAC-C10);;2082-84-0;PLMFYJJFUUUCRZ-UHFFFAOYSA-M;;;1
2,2'-Metylen bis(5-klorofenol);;1215-74-3;PMYWWZKCZCXDPU-UHFFFAOYSA-N;;;1
Venlafaksin (legemiddel);;93413-69-5;PNVNVHUZROJLTJ-UHFFFAOYSA-N;;;1
dimethyldioctadecylammonium (DADMAC-C18);;3700-67-2 ;PSLWZOIUBRXAQW-UHFFFAOYSA-M;;;1
Bisfenol A bis(3-klor-2-hydroksypropyl)eter;;4809-35-2;PTCFDJRJOGPUFE-UHFFFAOYSA-N;;;1
Desmetylcitalopram (legemiddel);;144025-14-9;PTJADDMMFYXMMG-UHFFFAOYSA-N;;;1
Sum Heksabrombifenyl;Stressor;36355-01-8;PTJQVJQAZSLKJO-UHFFFAOYSA-N;;Mixture;1
Metoprololsyre (legemiddel);;56392-14-4;PUQIRTNPJRFRCZ-UHFFFAOYSA-N;;;1
4-Aminomusk xylen;;107342-55-2;PWFQZSWKBRPKJI-UHFFFAOYSA-N;;;1
Benzyldimethyloctylammonium (BAC-C8);;959-55-7;PXFDQFDPXWHEEP-UHFFFAOYSA-M;;;1
Tebukonasol;;107534-96-3;PXMNMQRDXWABCY-UHFFFAOYSA-N;;;1
4-(a,a-dimetylbenzyl)fenol;;599-64-4;QBDSZLJBMIMQRS-UHFFFAOYSA-N;;;1
N-metyl perfluorbutansulfonamid etanol (N-MeFBSE);;34454-97-2;DSRUAYIFDCHEEV-UHFFFAOYSA-N;;CAS map to other compound;1
oktadekafluortrifluormetyldekanoylfluorid;;15720-98-6;QEIRHBKKYVWAOM-UHFFFAOYSA-N;;;1
2,2-dimethylpropan-1-ol, tribromo derivative;;36483-57-5;QEJPOEGPNIVDMK-UHFFFAOYSA-N;;;1
1H,1H,2H,2H-perfluorheksadecylfosfat (14:2 PAP);;94200-54-1;QIZXNATWTHMMHR-UHFFFAOYSA-N;;;1
Perfluorperhydrofenantren;;306-91-2;QKENRHXGDUPTEM-UHFFFAOYSA-N;;;1
PBB206;;69278-62-2;QLERKXRXNDBTDM-UHFFFAOYSA-N;;;1
1,4-disyckoheksylbenzen;;1087-02-1;QQFSIGWYINAJOB-UHFFFAOYSA-N;;;1
Diundecylftalat, forgrenet og lineær;;85507-79-5;QQVHEQUEHCEAKS-UHFFFAOYSA-N;;;1
Bensotriasol;;95-14-7;QRUDEWIWKLJBPS-UHFFFAOYSA-N;;;1
Oktabenzon;;1843-05-6;QUAMTGJKVDWJEQ-UHFFFAOYSA-N;;;1
Orfenadrin (legemiddel);;83-98-7;QVYRGXJJSLMXQH-UHFFFAOYSA-N;;;1
2,4-diethyl-9H-thioxanthen-9-one;;82799-44-8;QYLFHLNFIHBCPR-UHFFFAOYSA-N;;;1
Metylisotia zolinon;;55965-84-9;QYYMDNHUJFIDDQ-UHFFFAOYSA-N;;;1
3-Nitrotoluen;;99-08-1;QZYHIOPPLUPUJF-UHFFFAOYSA-N;;;1
Loperamid (legemiddel);;53179-11-6;RDOIQAHITMMDAJ-UHFFFAOYSA-N;;;1
2-metylfluoren;;1430-97-3;RKJHJMAZNPASHY-UHFFFAOYSA-N;;;1
Telmisartan (legemiddel);;144701-48-4;RMMXLENWKUUMAY-UHFFFAOYSA-N;;;1
Buprenorfin (legemiddel);;52485-79-7;RMRJXGBAOAMLHD-IHFGGWKQSA-N;;;1
Mirtazapin (legemiddel);;61337-67-5;RONZAEMNMFQXRA-UHFFFAOYSA-N;;;1
Dimetylamin;;124-40-3;ROSDSFDQCJNGOL-UHFFFAOYSA-N;;;1
7,7,9(or 7,9,9)-trimethyl-4,13-dioxo-3,14-dioxa-5,12-diazahexadecane-1,16-diyl bismethacrylate;;72869-86-4;UEKHZPDUBLCUHN-UHFFFAOYSA-N;;;1
PBB180;;67733-52-2;RPGHQOFAFNAVNA-UHFFFAOYSA-N;;;1
Saxitoksin;;35523-89-8;RPQXVSUAYFXFJA-HGRQIUPRSA-N;;CAS map to other compound;1
1,1'-Biphenyl, 3,4,5-trifluoro-4'-(trans-4-propylcyclohexyl)-;;132123-39-8;RRKRBRVTKIRLHH-UHFFFAOYSA-N;;;1
F-D3a;;2374-14-3;URZHQOCYXDNFGN-UHFFFAOYSA-N;;;1
Metsulfuronmetyl;;74223-64-6;RSMUVYRMZCOLBH-UHFFFAOYSA-N;;;1
Perfluoroktylmetakrylate;;3934-23-4;RUEKTOVLVIXOHT-UHFFFAOYSA-N;;;1
N-etyl perfluorpentansulfonamid (N-EtFPeSA);;162682-16-8;RUIVGYDYVAXAHW-UHFFFAOYSA-N;;;1
Tris(perfluoobutyl)amin;;311-89-7;RVZRBWKZFJCCIB-UHFFFAOYSA-N;;;1
Kumen;;98-82-8;RWGFKTVRMDUZSP-UHFFFAOYSA-N;;;1
Bis(2-etylheksyl)tereftalat;;6422-86-2;RWPICVVBGZBXNA-UHFFFAOYSA-N;;;1
Feksofenadin (legemiddel);;83799-24-0;RWTNPBWLLIMQHL-UHFFFAOYSA-N;;;1
2,3,5,6-Tetrabrom-p-xylen;;23488-38-2;RXKOKVQKECXYOT-UHFFFAOYSA-N;;;1
Roksitromycin (legemiddel);;80214-83-1;RXZBMPWDPOLZGW-XMRMVWPWSA-N;;;1
Koffein;;58-08-2;RYYVLZVUVIJVGH-UHFFFAOYSA-N;;;1
alfa-Tetrabromsyklooktan;;3194-57-8;RZLXIANUDLLFHN-UHFFFAOYSA-N;;;1
Bis[2-etylheksyl] adipat;;103-23-1;SAOKZLXYCUGLFA-UHFFFAOYSA-N;;;1
Cyanofos;;2636-26-2;SCKHCCSZFPSHGR-UHFFFAOYSA-N;;;1
Bisfenol A bis(2,3-dihydroksypropyl)eter;;5581-32-8;SDGPGFLEUFXPCV-UHFFFAOYSA-N;;;1
Sulfadiazin (legemiddel);;68-35-9;SEEPANYCNGTZFQ-UHFFFAOYSA-N;;;1
14:2 Fluortelomersulfonsyre;;1377603-17-2;SEGVHCXRUVNVCD-UHFFFAOYSA-N;;;1
benzyldimethyloctadecylammonium (BAC-C18);;122-19-0;SFVFIFLLYFPGHH-UHFFFAOYSA-M;;;1
Verapamil (legemiddel);;52-53-9;SGTNSNPWRIOYBX-UHFFFAOYSA-N;;;1
Sum Heptabrombifenyl;Stressor;35194-78-6;SMVYDWVPKUOWAJ-UHFFFAOYSA-N;;Mixture;1
Kinolin;;91-22-5;SMWDFEZZVXVKRB-UHFFFAOYSA-N;;;1
Nitroglycerin;;55-63-0;SNIOPGDIGTZGOP-UHFFFAOYSA-N;;;1
Tetrapentylammoniumbromid;;866-97-7;SPALIFXDWQTXKS-UHFFFAOYSA-M;;;1
Butralin;;33629-47-9;SPNQRCTZKIBOAX-UHFFFAOYSA-N;;;1
1,4-Diisopropylbenzen;;100-18-5;SPPWGCYEYAMHDT-UHFFFAOYSA-N;;;1
Trinitrotoluen;;118-96-7;SPSSULHKWOKEEL-UHFFFAOYSA-N;;;1
N,N'-Dimetylsulfamid;;22504-72-9;SQNVFBHILRFQJY-UHFFFAOYSA-N;;;1
Norsertralin (legemiddel);;87857-41-8;SRPXSILJHWNFMK-ZBEGNZNMSA-N;;;1
Propikonazol;;60207-90-1;STJLVHWMYQXCPB-UHFFFAOYSA-N;;;1
Musk ambrett;;83-66-9;SUAUILGSCPYJCS-UHFFFAOYSA-N;;;1
Pentabromfenol;;608-71-9;SVHOVVJFOWGYJO-UHFFFAOYSA-N;;;1
Perfluor-4-etylsykoheksanesulfonat kaliumsalt;;67584-42-3;SVTVDQUXOHBSSI-UHFFFAOYSA-N;;;1
Heptametyltrisiloksan;;1873-88-7;SWGZAKPJNWCPRY-UHFFFAOYSA-N;;;1
benzyldimethylhexadecylammonium (BAC-C16);;122-18-9;SXPWTBGAZSPLHA-UHFFFAOYSA-M;;;1
trimethyloctadecylammonium  (ATAC-C18);;1120-02-1;SZEMGTQCPRNXEG-UHFFFAOYSA-M;;;1
F-53B Major;;763051-92-9;SZVGIJOITCPDPM-UHFFFAOYSA-N;;;1
4-n-Heksylfenol;;2446-69-7;SZWBRVPZWJYIHI-UHFFFAOYSA-N;;;1
benzyldimethyldecylammonium (BAC-C10);;965-32-2;TTZLKXKJIMOHHG-UHFFFAOYSA-M;;;1
Benzo[c]fenantren;;195-19-7;TUAHORSUHVUKBD-UHFFFAOYSA-N;;;1
2-(Tiosyanatometyltio)-bensotiasol;;21564-17-0;TUBQDCKAWGHZPF-UHFFFAOYSA-N;;;1
1,3-disykloheksylbenzen;;4016-06-2;TUWRHJHVTBVNSM-UHFFFAOYSA-N;;;1
Terphenyl, hydrogenated;;61788-32-7;TVBYFUMVFJKKNJ-UHFFFAOYSA-N;;;1
Tramadol (legemiddel);;27203-92-5;TVYLLZQTGLZFBW-ZBFHGGJFSA-N;;;1
2-isopropylnaftalen;;2027-17-0;TVYVQNHYIHAJTD-UHFFFAOYSA-N;;;1
Pentafluoretansulfonsyre (PFEtS);;354-88-1;GKNWQHIXXANPTN-UHFFFAOYSA-N;;CAS map to other compound;1
Trinitrobenzen;;99-35-4;UATJOMSPNYCXIX-UHFFFAOYSA-N;;;1
Isoamyl p-metoxycinnamat;;71617-10-2;UBNYRXMKIIGMKK-RMKNXTFCSA-N;;;1
Polyisopren;;9003-31-0;UBZVSDZJBLSIJG-UHFFFAOYSA-N;;;1
Mianserin (legemiddel);;24219-97-4;UEQUQVLFIPOEMF-UHFFFAOYSA-N;;;1
Mosken;;116-66-5;UHWURQRPEIFIAK-UHFFFAOYSA-N;;;1
Dibutylklorendat;;1770-80-5;UJAHPBDUQZFDLA-UHFFFAOYSA-N;;;1
Perfluorundekanesulfonat (PFUnDS);;441296-91-9;UKHUPOMCGUFNAP-UHFFFAOYSA-M;;;1
Erytromycin (legemiddel);;114-07-8;ULGZDMOVFRHVEP-RWJQBGPGSA-N;;;1
didecyldimethylammonium (DADMAC-C10);;2390-68-3;UMGXUWVIJIQANV-UHFFFAOYSA-M;;;1
1,3-Diisopropylbenzen;;99-62-7;UNEATYXSUBPPKP-UHFFFAOYSA-N;;;1
4,4'-metylendifenyl diisocyanat;;101-68-8;UPMLOUAZCHDJJD-UHFFFAOYSA-N;;;1
Dinitroglycol;;628-96-6;UQXKXGWGFRWILX-UHFFFAOYSA-N;;;1
BZT;;121-54-0;UREZNYTWGJKWBI-UHFFFAOYSA-M;;;1
Benzene, 1-butoxy-2,3-difluoro-4-(trans-4-propylcyclohexyl)-;;208709-55-1;KYNDSYARZOJNCG-UHFFFAOYSA-N;;;1
N,N'-Diphenyl-1,4-phenylenediamine;;74-31-7;UTGQNNCQYDRXCH-UHFFFAOYSA-N;;;1
Ensulizol;;27503-81-7;UVCJGUGAGLDPAA-UHFFFAOYSA-N;;;1
Disopyramid (legemiddel);;3737-09-05;UVTNFZQICZKOEM-UHFFFAOYSA-N;;;1
2-Aminomusk xylen;;107342-67-6;UXBYFHLORKKOAX-UHFFFAOYSA-N;;;1
16:2 FTOH;;65104-67-8;UYSGWTCETIRUHO-UHFFFAOYSA-N;;;1
Oktogen;;2691-41-0;UZGLIIJVICEWHF-UHFFFAOYSA-N;;;1
UV-928;;73936-91-1;UZUNCLSDTUBVCN-UHFFFAOYSA-N;;;1
Bisfenol F bis(2-klor-1-propanol)eter;;374772-79-9;VAFXFEBPCUMOIF-UHFFFAOYSA-N;;;1
Pantolid;;15323-35-0;VDBHOHJWUDKDRW-UHFFFAOYSA-N;;;1
Resmethrin;;10453-86-8;VEMKTZHHVJILDY-UHFFFAOYSA-N;;;1
N-metyl perfluorheptansulfonamid (N-MeFHpSA);;68259-14-3;VFQOVAUNCQXDNI-UHFFFAOYSA-N;;;1
Bisfenol F bis(2,3-dihydroksypropyl)eter;;72406-26-9;VGJRHUPDMVWBFM-UHFFFAOYSA-N;;;1
Bisoprolol  (legemiddel);;66722-44-9;VHYCDWMUTMEGQY-UHFFFAOYSA-N;;;1
Sotalol (legemiddel);;959-24-0;VIDRYROWYFWGSY-UHFFFAOYSA-N;;;1
dihexadecyldimethylammonium (DADMAC-C16);;70755-47-4 ;VIXPKJNAOIWFMW-UHFFFAOYSA-M;;;1
Urotropine (legemiddel);;100-97-0;VKYKSIONXSXAKP-UHFFFAOYSA-N;;;1
Tribenuron metyl;;101200-48-0;VLCQZHSMCYCDJL-UHFFFAOYSA-N;;;1
Perklorat;;14797-73-0;VLTRZXGMWDSKGL-UHFFFAOYSA-M;;;1
Vinyl-D4;;2554-06-5;VMAWODUEPLAHOE-UHFFFAOYSA-N;;;1
Alfa-Estradiol;;57-91-0;VOXZDWNPVJITMN-SFFUCWETSA-N;;;1
Estradiol;;50-28-2;VOXZDWNPVJITMN-ZBRFXRBCSA-N;;;1
Coronen;;191-07-1;VPUGDVKSAQVFFS-UHFFFAOYSA-N;;;1
Perfluorosykloheksankarboksylsyre (cycC6F11-COOH);;374-88-9;VTXSVMHCHVIRJR-UHFFFAOYSA-N;;;1
trans-1,4-difenylsykloheksan;;21072-42-4;VULCFZQVCFIKNK-UHFFFAOYSA-N;;;1
Tylosin;;1401-69-0;WBPYTXDJUQJLPQ-VMXQISHHSA-N;;;1
Acesulfame_K;;55589-62-3;WBZFUFAFFUEMEI-UHFFFAOYSA-M;;;1
1H,1H,2H,2H-perfluoroktadecylfosfat (16:2 PAP);;94200-55-2;WCIJLILUIZUGMK-UHFFFAOYSA-N;;;1
Acetamiprid;;135410-20-7;WCXDHFDTOYPNIE-RIYZIHGNSA-N;;;1
Dinitrobenzen;;99-65-0;WDCYWAQPCXBPJA-UHFFFAOYSA-N;;;1
Azoksystrobin;;131860-33-8;WFDXOXNFNRHQEC-GHRIWEEISA-N;;;1
Perfluor-2,5,8,10-tetrametyl-3,6,9-trioksaundekansyre (4x3-PFECA);;1212077-14-9;WGZYEJQZCIIECH-UHFFFAOYSA-N;;;1
Glimepirid (legemiddel);;93479-97-1;WIGIZIANZCJQQY-UHFFFAOYSA-N;;;1
Ammonium 2-perfluorpentoksy-2,3,3,3-tetrafluorpropanoat;;96513-97-2;HZVUWLKXQRJTAL-UHFFFAOYSA-N;;;1
Alfuzosin (legemiddel);;81403-80-7;WNMJYKCGWZFFKR-UHFFFAOYSA-N;;;1
Mecoprop;;7085-19-0;WNTGYJSOUMFZEP-UHFFFAOYSA-N;;;1
Heptaklorstyren;;29086-39-3;WOYBAAGBIXHIGK-UPHRSURJSA-N;;;1
Citalopram (legemiddel);;59729-33-8;WSEQXVZVJXJVFP-UHFFFAOYSA-N;;;1
Pyrazole (legemiddel);;288-13-1;WTKZEGDFNFYCGP-UHFFFAOYSA-N;;;1
Musk ketone;;81-14-1;WXCMHFPAUCOJIG-UHFFFAOYSA-N;;;1
Benzofenon-2;;131-55-5;WXNRYSGJLQFHBR-UHFFFAOYSA-N;;;1
2-(4-Oktylfenoksy)etanol;;51437-89-9;WYGCMGHBEUGWNS-UHFFFAOYSA-N;;;1
Disykloheksylamin;;101-83-7;XBPCUCUWBYBCDP-UHFFFAOYSA-N;;;1
trimethyloctylammonium (ATAC-C8);;2083-68-3;XCOHAFVJQZPUKF-UHFFFAOYSA-M;;;1
Brompentafluorbenzen;;344-04-7;XEKTVXADUPBFOA-UHFFFAOYSA-N;;;1
Rhodamine 6G (legemiddel);;989-38-8;VYXSBFYARXAAKO-UHFFFAOYSA-N;;;1
Sanol;;52829-07-9;XITRBUPOXXBIJN-UHFFFAOYSA-N;;;1
dodecyltrimethylammonium (ATAC-C12);;1119-94-4;XJWSAJYUBXQQDR-UHFFFAOYSA-M;;;1
Quaternary ammonium compounds, tri-C8-10-alkylmethyl, chlorides;;63393-96-4;XKBGEWXEAPTVCK-UHFFFAOYSA-M;;;1
Dicumyl peroksid;;80-43-3;XMNIXWIUMCBBBL-UHFFFAOYSA-N;;;1
Musk xylen;;81-15-2;XMWRWTSZNLOZFN-UHFFFAOYSA-N;;;1
Perfluorpropansulfonsyre (PFPrS);;423-41-6;XBWQFDNGNOOMDZ-UHFFFAOYSA-N;;;1
F-D4;;429-67-4;XOVNCWWRDSAYNE-UHFFFAOYSA-N;;;1
1H,1H,2H,2H-perfluortetradecylfosfat (12:2 PAP);;57678-07-6;ROUGOWJCVFOXHO-UHFFFAOYSA-N;;CAS map to other compound;1
didodecyldimethylammonium (DADMAC-C12);;3282-73-3 ;XRWMGCFJVKDVMD-UHFFFAOYSA-M;;;1
Syklonitt;;121-82-4;XTFIVUDBNACUBN-UHFFFAOYSA-N;;;1
Bisfenol F diglycidyleter;;2095-03-6;XUCHXOAWJMEFLF-UHFFFAOYSA-N;;;1
Undekafluor(nonafluorbutyl)sykloheksan Perfluor(butylsykloheksanan);;374-60-7;XZZGMFAUFIVEGL-UHFFFAOYSA-N;;;1
6'-(dibutylamino)-3'-methyl-2'-(phenylamino)spiro[isobenzofuran-1(3H),9-(9H)-xanthen]-3-one;;89331-94-2;XAAILNNJDMIMON-UHFFFAOYSA-N;;;1
PBDE37;;147217-81-0;YALAYFVVZFORPV-UHFFFAOYSA-N;;;1
Inden;;95-13-6;YBYIRNPNPLQARY-UHFFFAOYSA-N;;;1
Metiocarb;;2032-65-7;YFBPRJGDJKVWAH-UHFFFAOYSA-N;;;1
Antantren;;191-26-4;YFIJJNAKSZUOLT-UHFFFAOYSA-N;;;1
2,7-diisopropylnafthalen;;40458-98-8;YGDMAJYAQCDTNG-UHFFFAOYSA-N;;;1
2H-Benzimidazole-2-thione, 1,3-dihydro-4(or 5)-methyl-;;53988-10-6;YHMYGUUIMTVXNW-UHFFFAOYSA-N;;;1
Fenofibrat (legemiddel);;49562-28-9;YMTINGFKWWXKFG-UHFFFAOYSA-N;;;1
Klemastin (legemiddel);;15686-51-8;YNNUSGIPVFPVBX-NHCUHLMSSA-N;;;1
Irbesartan (legemiddel);;138402-11-6;YOSHYTLCDANDAN-UHFFFAOYSA-N;;;1
Heksafluorpropenoxidetrimer;;2641-34-1;YSIGVPOSKQLNTO-UHFFFAOYSA-N;;;1
N-metyl perfluorheksansulfonamid (N-MeFHxSA);;68259-15-4;YTEKREICWGQLEN-UHFFFAOYSA-N;;;1
Perfluoroktan;;307-34-6;YVBBRRALBYAZBM-UHFFFAOYSA-N;;;1
Imidakloprid;;105827-78-9;YWTYJOPNNQFBPC-UHFFFAOYSA-N;;;1
Flumetrin;;69770-45-2;YXWCBRDRVXHABN-UHFFFAOYSA-N;;;1
14:2 FTOH;;60699-51-6;ZDUOTHMDVYXZBS-UHFFFAOYSA-N;;;1
N-etyl perfluorheksanesulfonamid (N-EtFHxSA);;87988-56-5;ZIUMOXWDLICQQC-UHFFFAOYSA-N;;;1
Cetirizin (legemiddel);;83881-51-0;ZKLPARSLTMPFCP-UHFFFAOYSA-N;;;1
Pigment red 3;;2425-85-6;ZLFVRXUOSPRRKQ-VHEBQXMUSA-N;;;1
Glibenklamid (legemiddel);;10238-21-8;ZNNLBTZKUZBEKO-UHFFFAOYSA-N;;;1
4-n-pentylfenol;;14938-35-3;ZNPSUQQXTRRSBM-UHFFFAOYSA-N;;;1
Bentazon;;25057-89-0;ZOMSMJKLGFBRBS-UHFFFAOYSA-N;;;1
Perfluorheksyletylacrylat;;17527-29-6;ZOWGVNZMPKUDLB-UHFFFAOYSA-N;;;1
4-Nitrotoluen;;99-99-0;ZPTVNYMJQHSSEA-UHFFFAOYSA-N;;;1
N-etyl perfluorbutansulfonamid etanol (N-EtFBSE);;34449-89-3;ZSBOIPHQFKYRMG-UHFFFAOYSA-N;;;1
9-metylfluoren;;2523-37-7;ZVEJRZRAUYJYCO-UHFFFAOYSA-N;;;1
Benzofenon-1;;131-56-6;ZXDDPOHVAMWLBH-UHFFFAOYSA-N;;;1
Perfluorheptansulfonamid (PFHpSA);;82765-77-3;ZYBNLNNCZHCXAC-UHFFFAOYSA-N;;;1
Difenhydramin (legemiddel);;58-73-1;ZZVUWRFHKOJYTH-UHFFFAOYSA-N;;;1
F-D4a;;141901-56-6;;;Not found;1
F-D4b;;141901-57-7;;;Not found;1
F-D4c;;141901-58-8;;;;1
F-D4d;;141901-59-9;;;;1
F-D3c;;2810-63-1;;;;1
